[
    {
        "about": "บริการให้คำปรึกษา บริการซ่อม อุปกรณ์เครื่องเตรียมอาหาร และ เครื่องครัว ",
        "id": "303947106480279",
        "name": "ช่างซ่อมอุปกรณ์เครื่องทำอาหาร"
    },
    {
        "about": "ร้านซ่อมเครื่องตัดหญ้า เครื่องยนต์เล็ก เครื่องสกู๊ตเตอร์ ลับมีด กรรไกร  มีดพวงกรีนกอล์ฟ ",
        "description": "ให้บริการซ่อมเครื่องตัดหญ้าและเครื่องยนต์เล็กทุกชนิด เครื่องตัดกรีนกอล์ฟ เครื่องพ่นหมอกฆ่ายุง เครื่องสกู๊ดเตอร์ เลื่อยยนต์ ลับมีด ลับกรรไกรงานสวน กรรไกรตัดแต่งกิ่ง",
        "id": "1533675233545657",
        "location": {
            "city": "Bangkok",
            "country": "Thailand",
            "latitude": 13.89633,
            "longitude": 100.63934,
            "street": "ตลาดประตูกรุงเทพพลาซ่า ถนนพหลโยธิน 54/2(กม.25) แขวงสายไหม เขตสายไหม",
            "zip": "10220"
        },
        "name": "คลีนิคเครื่องตัดหญ้า จ.การช่าง",
        "phone": "0809377750"
    },
    {
        "about": "จำหน่ายเครื่องมืองานช่าง อุปกรณ์งานช่าง",
        "description": "จำหน่ายเครื่องมือและอุปกรณ์งานช่าง\n    เครื่องมือใช้ลม\n        กาพ่นทราย\n        กาพ่นสี\n        ถังพ่นสี\n        บล๊อกลม\n        ไขควงลม\n        สว่านลม\n        เจียรสายอ่อนลม\n        เครื่องขัดเงาลม\n        ขัดกระดาษทรายลม\n        แม็คลม\n        เลื่อย/กรรไกรลม\n        ด้ามฟรีลม\n    สว่าน\n        สว่านไฟฟ้า\n        สว่านไร้สาย\n        สว่านกระแทก\n        สว่านกระแทกไร้สาย\n        สว่านโรตารี่\n        สว่านโรตารี่ไร้สาย\n        สว่านผสมสี\n        แทนเจาะ\n        สว่านขาแม่เหล็ก\n    ต๊าปเกลียว\n        เครื่องต๊าปไฟฟ้า\n        แท่นต๊าปไฟฟ้า\n        ดอกต๊าป/ไดต๊าป\n        อุปกรณ์ต๊าป\n    บล็อก\n        บล็อกไร้สาย\n        บล็อกไฟฟ้า 1/4\"\n        บล็อกไฟฟ้า 1/2\"\n        บล็อกไฟฟ้า 3/4\"\n        บล็อกไฟฟ้า 1\"\n    เครื่องเจียร\n        เครื่องเจียรไร้สาย\n        เครื่องเจียร 4\"\n        เครื่องเจียร 5-6\"\n        เครื่องเจียร 7\"\n        เครื่องเจียร 9\"\n        เครื่องเจียรสายอ่อน\n        มอเตอร์เจียร\n        เครื่องเจียร์คอตรง\n    แท่นเลื่อยองศา\n        เลื่อยองศา 8-10\"\n        เลื่อยองศา 12\"\n        เลื่อยองศา 14\"\n    เครื่องสกัด\n        สกัดไฟฟ้า\n        สกัดลม\n    อื่นๆ\n        พัดลมอุตสาหกรรม\n        เครื่องเป่าลมดิสเพลย์\n        เบ็ดเตล็ด\n    ตัดเหล็ก/ตัดโลหะ\n        ตัดเหล็กแผ่น(Cut)\n        ตัดเหล็กเส้น(Cut)\n        ตัดอลูมิเนียม(Cut)\n        ตัดเหล็กเส้น(Bend)\n        ตัด/ตัดแป๊ป\n    เครื่องตัดไฟเบอร์\n        ตัดไฟเบอร์ 12\"\n        ตัดไฟเบอร์ 14\"\n        ตัดไฟเบอร์ 16\"\n    ตัดกระเบื่อง/หินอ่อน\n        โต๊ะตัดกระเบื้อง\n        ตัดกระเบื้องไฟฟ้า\n        ตัดกระเบื้องมือกรีด\n    เครื่องขัดกระดาษทราย\n        แบบสายพาน\n        แบบสั่น\n        แบบกลม\n        แบบตั้งโต๊ะ\n    เครื่องขัดไฟฟ้า\n        เครื่องขัดเงา\n        เครื่องขัดหิน\n    เครื่องตัดอื่นๆ\n    ปั้มหอยโข่ง\n        ปั้มหอยโข่ง ท่อ 1\"\n        ปั้มหอยโข่ง ท่อ 2\"\n        ปั้มหอยโข่งหน้าแปลน\n        หัวปั้มหอยโข่ง\n    ปั้มแช่\n        ปั้มแช่แบตเตอรี่\n        ปั้มแช่พลาสติก\n        ปั้มแช่ท่อ 1\"\n        ปั้มแช่ท่อ 2\"\n        ปั้มแช่ท่อ 3-6\"\n        ปั้มแช่ดูดโคลน\n        ปั้มบาดาล\n    ปั้มลม\n        ปั้มลมสายพาน\n        ปั้มลมโรตารี่\n        ปั้มลมสกรู\n    ปั้มน้ำอัตโนมัติ\n        ถังเหลี่ยม\n        ถังกลม\n    เครื่องมืองานไม้\n        กบไฟฟ้า\n        โต๊ะไสไม้\n        เลื่อยวงเดือน\n        เลื่อยฉลุ (จิ๊กซอ)\n        เร้าเตอร์\n        เลื่อยเอนกประสงค์\n        เครื่องเซาะร่อง\n        เครื่องไสชิด\n        แท่นเลื่อยฉลุ\n        เครื่องดูดเศษไม้\n    คาร์แคร์\n        ตู้เก็บเครื่องมือ\n        ปั้มอัดฉีดแรงดันสูง\n        เครื่องดูดฝุ่น\n        เครื่องฉีดโฟม\n        ปั้มดูดน้ำมัน\n        ดูดถ่ายน้ำมันเครื่อง\n        ถังอัดจารบี\n        ถังเติมน้ำมันเกียร์\n        ลิฟท์ยกรถ\n        เครื่องถอดโช๊คอัพ\n        แท่นอัดไฮโดรลิค\n        เครื่องถ่วงล้อ\n        เครื่องเปลี่ยนยาง\n        เตาปะยาง\n        เครื่องเป่าลม\n    เครื่องมือเกษตร\n        เครื่องพ่นยาสะพายหลัง\n        ปั้มพ่นยามือโยก\n        ปั้มพ่นยา 3 สูบ\n        ตัดหญ้าสะพายหลัง\n        รถเข็นตัดหญ้า\n        ตัดแต่งกิ่ง\n        เครื่องย่อยกิ่งไม้\n        เครื่องเติมออกซิเจนน้ำ\n",
        "id": "273348852789021",
        "name": "เครื่องมือช่าง อุปกรณ์ช่าง Nine Hardware"
    },
    {
        "id": "570066213127937",
        "name": "ช่างเครื่อง"
    },
    {
        "about": "จำหน่ายเครื่องมือช่าง ทุกชนิด สนใจสินค้า สอบถามได้ค่ะ ",
        "id": "544057159001422",
        "name": "จำหน่ายเครื่องมือช่าง Makita Maktec BOSCH และอื่นๆ"
    },
    {
        "about": "รับซ่อม เครื่องใช้ไฟฟ้า ทุกชนิด และ จำหน่ายดอกไม้สด ดอกไม้แห้ง 9ล9\n",
        "description": "ช่างสมบูรณ์ รับซ่อมอิเล็กทรอนิกส์ และ เครื่องใช้ไฟฟ้าทุกชนิด",
        "id": "199031640294438",
        "name": "ช่างสมบูรณ์ รับซ่อมอิเล็กทรอนิกส์ และ เครื่องใช้ไฟฟ้าทุกชนิด"
    },
    {
        "about": "จำหน่ายเครื่องมือช่าง ราคาส่ง. 083-5787244",
        "id": "1391603087807313",
        "name": "เครื่องมือช่าง Rabbit TOOLS"
    },
    {
        "about": "ซื้อขายเครื่องมืองช่างมือสอง ช่างซ่อม ช่างยนต์ ช่างไม้ ซ่อมแซมบ้าน hardware tool",
        "id": "986287084725606",
        "name": "ซื้อขายเครื่องมือช่างมือสอง"
    },
    {
        "id": "561020517269797",
        "name": "สมาคมช่างเครื่องมือแพทย์"
    },
    {
        "id": "1621900074730982",
        "location": {
            "city": "Chiang Mai",
            "country": "Thailand",
            "latitude": 18.8124447,
            "longitude": 99.0113068,
            "street": "28/6หมู่6ตำบลสันกลางอำเภอสันกำแพงจังหวัดเชียงใหม่",
            "zip": "50130"
        },
        "name": "เครื่องมือช่าง-สันกลางคาร์ไบด์",
        "phone": "0819924840"
    },
    {
        "about": "จำหน่ายเครื่องมือช่าง BOSCH  Maktec Makita อุปกรณ์ก่อสร้าง ",
        "id": "742173959230098",
        "name": "เครื่องมือช่าง อุปกรณ์ก่อสร้างd.d. Tools \u0026 Hardware"
    },
    {
        "about": "จำหน่าย เครื่องมือช่างก่อสร้าง ครบวงจร\n.085-766-2884Line/Whatapp",
        "description": "บริษัท ชุมพลโลหะกิจ(8888) จำกัด \n367 ถ.รามอินทรา แขวงอนุสาวรีย์ \nเขตบางเขน กทม.10220\nโทร.02-973-1686-88 แฟกส์.02-973-1684 \nสายด่วน.085-766-2884",
        "emails": [
            "chumphol_2008@hotmail.com"
        ],
        "id": "371453966309734",
        "location": {
            "city": "Bangkok",
            "country": "Thailand",
            "latitude": 13.89633,
            "longitude": 100.63934,
            "street": "bangkok",
            "zip": "10220"
        },
        "name": "Chumpholcenter ชุมพลโลหะกิจ เครื่องมือช่างก่อสร้างครบวงจร",
        "phone": "085-766-2884"
    },
    {
        "about": "สำหรับผู้ที่ต้องการซื้อเครื่องมือช่าง อุปกรณ์ช่าง เพื่อนำไปใช้งาน และนำไปขายต่อ www.hardwarefreedom.com",
        "description": "ขาย-จำหน่ายอุปกรณ์ เครื่องมือช่าง ฮาร์ดแวร์ ทั้งปลีกและส่ง \nราคาถูก ย่อมเยาว์ ประหยัดและคุ้มค่า สามารถนำไปขายต่อมีกำไร\nติดต่อได้โดยตรงที่ 0863454355 หรือที่www.hardwarefreedom.com \nสามารถออกใบกำกับภาษีได้ สำหรับร้านค้าหรือบริษัทที่ต้องการสั่งซื้อเพื่อใช้งานหรือจำหน่าย-ขายต่อ",
        "emails": [
            "hardwarefreedom@hotmail.com"
        ],
        "id": "722926641096989",
        "location": {
            "city": "Bangkok",
            "country": "Thailand",
            "latitude": 13.74641,
            "longitude": 100.50865,
            "street": "Sumputthawong",
            "zip": "10100"
        },
        "name": "จำหน่ายเครื่องมือช่างคุณภาพดี ปลีก-ส่ง ราคาคลองถม: HardwareFreedom",
        "phone": "0863454355"
    },
    {
        "id": "791201140977142",
        "name": "เครื่องมือช่าง และอุปกรณ์ซ่อมบำรุงรถยนต์ ครบวงจร"
    },
    {
        "about": "จำหน่ายอุปกรณ์การเกษตรและเครื่องมือช่างทุกชนิด",
        "description": "จำหน่าย อุปกรณ์การเกษตรทุกชนิด อาทิ เช่น เครื่องฉีดยา พ่นยา เครื่องหว่านปุ๋ย ปั้มน้ำ3สูบ ปั้มเพลาลอย ปั้มหอยโข่งซิลเหล็ก เครื่องยนต์เบนซิน ดีเซล เครื่องตัดหญ้า ปั้มชนเครื่อง ปั้มแช่ ไดโว่ ปั้มจุ่ม ปั้มเหล็กหล่อ ปั้มหอย ปั้มหอยโข่งไฟฟ้า ปั้มชัก เครื่องปั่นไฟ ปั้มลม ปั้มลมโรตารี่ ตู้ชาร์ตแบตเตอรี่ ตู้เชื่อมอินเวอเตอร์ ตู้เชื่อมคอยทองแดง มอเตอร์ เครื่องเจาะดิน เครื่องขุดหลุม เครื่องแต่งกิ่งต้นไม้ น้ำมันเครื่อง จารบี ท่อพีวีซี  สายพาน สายยาง สายดูด แบตเตอรี่ น้ำกลั่น \nเครื่องมือช่างทุกชนิด Maktec Makita Bosch และ อุปกรณ์ Hardware ทุกชนิด\n",
        "emails": [
            "peerapol_12@hotmail.com"
        ],
        "id": "294716327205184",
        "location": {
            "city": "กำแพงเพชร",
            "street": "202/13 ม.3 ต.นครชุม อ.เมือง",
            "zip": "62000"
        },
        "name": "ร้านสกุลดีเจริญพานิช จำหน่ายอุปกรณ์การเกษตรและเครื่องมือช่างทุกชนิด",
        "phone": "055-799443 091-8438812 line ID:sakuldee999"
    },
    {
        "about": "จำหน่ายเครื่องมือตัด CNC เครื่องมือช่าง เครื่องมือวัดและอุปกรณ์การจับยึดต่างสำหรับ Machining Centre",
        "description": "JN INNO TEC จัดจำหน่ายเครื่องมืออุตสาหกรรม เครื่องมือช่างนานาชนิด เครื่องมือตัดเฉือน ยี่ห้อชั้นนำ Hoffmann group, Ceratizit, Carmex, Kyocera, Walter , ZCC-CT ส่วนสินค้าในกลุ่มของ Hoffmann จะทำการตลาดภายใต้แบรนด์ Garant ,Holex เป็นหลัก และแบรนด์พันธมิตร กว่า 500 brand ซึ่งจะมีเครื่องมือที่จะสนับสนุนการทำงานภายในโรงงานของท่านอย่างครบถ้วน  นอกจากนี้ ทางเรายังให้บริการด้าน Special toolsรูปแบบต่างๆ และยินดีที่จะให้คำปรึกษาการเลือกใช้เครื่องมือต่างๆ อย่างเหมาะสมและถูกต้อง\nสนใจติดต่อ kittikorn.jaii@gmail.com",
        "emails": [
            "kittikorn.jaii@gmail.com"
        ],
        "id": "646053788757056",
        "location": {
            "street": "Bangkhen"
        },
        "name": "JN INNO TEC เครื่องมือช่าง,เม็ดมีด",
        "phone": "02 187 1726 , 093 423 2632 hotline 061 789 4295"
    },
    {
        "about": "Fashion Boutique Photographer and Studio Bangkok Thailand\nemail : fotopretty@yahoo.com\nhttp://fotopretty.com/blog/shop/fashiontique-photographer-thailand",
        "description": "ให้บริการถ่ายรูปภาพ เสื้อผ้า แฟชั่น เครื่องประดับต่างๆ Skin Care Cosmetic Beauty Product Fashion INVISIBLE MANNEQUIN EFFECT clothing apparel photography\nบริการหานางแบบตามต้องการ\nติดต่อ fotopretty@yahoo.com mobile 086.351.7185    Line @fotopretty\nhttp://fotopretty.com/blog/shop/fashiontique-photographer-thailand",
        "emails": [
            "fotopretty@yahoo.com"
        ],
        "id": "331929366897008",
        "location": {
            "street": "16/438 หมู่ 9 แขวงลาดพร้าว เขตลาดพร้าว กรุงเทพ 10330"
        },
        "name": "ช่างภาพ รับถ่ายรูปภาพ เสื้อผ้า แฟชั่น เครื่องประดับ fashion photography",
        "phone": "0863517185"
    },
    {
        "about": "เครื่องประดับเงินแท้ งานฝีมือภูมิปัญญาชาวไทยภูเขา หมู่บ้านร่มเกล้าสหมิตร อ.พบพระ จ.ตาก",
        "description": "SilverDoi เครื่องประดับเงินแท้ สร้อยเงิน กำไล แหวน หัตถกรรมเลืองชื่อของหมู่บ้านร่มเกล้าสหมิตร อ.พบพระ จ.ตาก งานฝีมือจากช่างชาวไทยภูเขา",
        "emails": [
            "silverdoi48@gmail.com"
        ],
        "id": "380363122066443",
        "location": {
            "city": "Phop Phra",
            "country": "Thailand",
            "latitude": 16.4,
            "longitude": 98.7167,
            "street": "หมู่บ้านร่มเกล้าสหมิตร",
            "zip": "63160"
        },
        "name": "ซิลเวอร์ดอย เครื่องประดับเงินแท้ ฝีมือช่างชาวเขา อ.พบพระ",
        "phone": "0898575741"
    },
    {
        "about": "ร้านจำหน่ายเครื่องมือช่างและอุปกรณ์ก่อสร้าง",
        "id": "1480730272206710",
        "name": "รวมเครื่องมือช่างและอุปกรณ์ก่อสร้าง",
        "phone": "0863535415"
    },
    {
        "about": "เครื่องมือช่าง เครื่องมือ อุปกรณ์ช่าง ประแจ ซ่อมรถยนต์ ปั๊มลม อุปกรณ์ลม แม่แรง ",
        "id": "1633350886910671",
        "name": "เครื่องมือช่าง อุปกรณ์ช่าง เครื่องมือ ประแจ ซ่อมรถยนต์ อะไหล่"
    },
    {
        "emails": [
            "sunnypaints2015@gmail.com"
        ],
        "id": "1466241223693549",
        "location": {
            "city": "Nakhon Pathom",
            "country": "Thailand",
            "latitude": 13.8878555,
            "longitude": 99.9267349,
            "street": "70/26",
            "zip": "73000"
        },
        "name": "Sunny Paints สีและเครื่องมือช่าง",
        "phone": "081-4146125"
    },
    {
        "about": " บริการ ขี่ช้างล่องแพ อาหารเครื่องดื่ม ",
        "id": "604994026200456",
        "location": {
            "city": "เชียงใหม่",
            "latitude": 18.669665268475,
            "longitude": 98.673534393311,
            "street": "https://www.google.co.nz/maps/@18.638397,98.701069,3a,75y,272.43h,72.53t/data=!3m6!1e1!3m4!1sBBx2TsEhzgXMeBxZn6Qmaw!2e0!7i13312!8i6656",
            "zip": "50360"
        },
        "name": "ร้านโกปึ้ง บริการ ขี่ช้างล่องแพ อาหารเครื่องดื่ม ที่ ปางช้างแม่วาง",
        "phone": "0895427829.0821930286"
    },
    {
        "id": "358535500917145",
        "location": {
            "city": "Bangkok",
            "country": "Thailand",
            "latitude": 13.8030796,
            "longitude": 100.8133087,
            "street": "7/163ม.13ต.บางแก้ว อ.บางะพลี จ.สมุทรปราการ",
            "zip": "10540"
        },
        "name": "เครื่องมือช่างลิฟท์ยกรถ  Jakawal Auto Tool",
        "phone": "0988944819"
    },
    {
        "about": "งานยี่เป็ง",
        "emails": [
            "artthaph@gmail.com"
        ],
        "id": "297392860298167",
        "location": {
            "street": "51/13 ถ.โชตนา ต.ช้างเผือก อ.เมือง จ.เชียงใหม่"
        },
        "name": "เครื่องบินเล็กช่างเคี่ยน",
        "phone": "0835707234"
    },
    {
        "about": "ขายอุปกรณ์เครื่องมือช่าง",
        "emails": [
            "poowadol_lu@hotmail.com"
        ],
        "id": "441818779344825",
        "name": "เครื่องมือช่าง",
        "phone": "0917792844"
    }
]