[
    {
        "about": "ชุมชนแห่งการเรียนรู้และและแบ่งปันของช่างอลูมิเนียมไทย เพื่อก้าวไปข้างหน้าร่วมกัน",
        "id": "427139360798330",
        "name": "ช่างสมาร์ท by Alumet"
    },
    {
        "about": "Add กลุ่มไว้คุยกันด้วยนะ https://www.facebook.com/groups/388421527859329",
        "description": "- Add กลุ่มสมาคมช่างตัดต่อด้วยนะครับ Link อยู่ตรงเวปไซต์\n- แหล่งพบปะพูดคุยของคนทำงานตัดต่อ\n- แหล่งแลกเปลี่ยนความรู้.. ประสบการณ์.. และทฤษฏีการตัดต่อ\n(หลักๆเกี่ยวกับตัดต่อ ไม่เน้นกราฟฟิค , งานeffect)\n- แหล่งปล่อยของของคนรักงานตัดต่อ\n- ห้ามแจกโปรแกรมใดๆทั้งสิน\n- งดก่อกวนหรือโพสข้อความโปรโมตตัวเอง\n",
        "id": "248279848580814",
        "name": "สมาคมช่างตัดต่อ ( Thai VDO Editor )"
    },
    {
        "about": "โรงกลึงส.การช่างยะลา",
        "id": "230139500415204",
        "name": "ส.การช่าง",
        "phone": "0815423626"
    },
    {
        "description": "สโมสรฟุตบอลลาวล้านช้าง เป็นสโมสรฟุตบอลที่ตั้งอยู่ ณ ประเทศลาว โดยได้เข้าแข่งขันในลาวลีก ซึ่งเป็นลีกระดับสูงสุดในประเทศลาว และได้อันดับ 9 ในลาวลีก 2012ผู้ดำรงตำแหน่งประธานสโมสรท่านปัจจุบัน คือ คำหวัน นันทะวงแหล่งข้อมูลอื่น Weltfussballarchiv",
        "id": "790525107684581",
        "name": "Lane Xang United F.C."
    },
    {
        "about": "ผลิตอะไหล่รถ กลึงงานอะไหล่ ด้วยเครื่องกลึงคอมพิวเตอร์ จำหน่ายอะไหล่เก่ารถญี่ปุ่น",
        "description": "- รับผลิตเฟืองเกียร์ทุกชนิด\n- รับผลิตอะไหล่รถทุกชนิด\n- รับงานกลึง ด้วยเครื่อง CNC\n- รับผลิตอะไหล่รถปิคอัพ รถแทรคเตอร์ แม่ปั๊มไฮโดรลิค\n- รับตัดต่อ เฟืองเกียร์ รถแทร็กเตอร์\n- จำหน่ายเครื่องซูซูกิ F6A ไดฮัทสุ EF เฟืองท้าย เพลาข้าง ยอยเพลากลาง เฟืองเกียร์ รับแปลงเกียร์ ดิสเบรค หม้อลมเบรค พัดลมหม้อน้ำ มอเตอร์ปัดน้ำฝน จานจ่าย CDI คอยล์ สายหัวเทียนนอก กระปุกเกียร์พร้อมสาย ท่อไอดี คอยล์ 2 หัว แผ่นกลับเกียร์ รับแปลงเครื่องพร้อมขายอะไหล่ สายเกียร์ รับคว้านเสื้อสูบอัดข้อเหวี่ยง ซ่อมไดชาร์ท ไดสตาร์ท ดุมล้อ กระปุกเกียร์ รับกลึงงานอะไหล่ ด้วยเครื่องกลึงคอมพิวเตอร์",
        "emails": [
            "sahakarnchang35@gmail.com"
        ],
        "id": "626391754126309",
        "location": {
            "city": "Bangkok",
            "country": "Thailand",
            "latitude": 13.7256403,
            "longitude": 100.5082016,
            "street": "ซอยเจริญนคร 35",
            "zip": "10600"
        },
        "name": "สหการช่าง",
        "phone": "0869895598"
    },
    {
        "about": "บ้านช่างสัก รับสักลาย ขายอุปกรณ์สัก mai \u0026nick tattoo",
        "id": "494492610721885",
        "location": {
            "street": "เจริญกรุง63",
            "zip": "10120"
        },
        "name": "บ้านช่างสัก",
        "phone": "0983819837"
    },
    {
        "id": "454730647955611",
        "location": {
            "city": "Bangkok",
            "country": "Thailand",
            "latitude": 13.8259296,
            "longitude": 100.6614532,
            "street": "79/1 รามอินทรา58 แยก3-13 เขตคันายาว แขวงคันนายาว",
            "zip": "10230"
        },
        "name": "ช่างขวัญ โต๊ะสนุ๊กเกอร์ใหม่-มือ2",
        "phone": "0869449960"
    },
    {
        "about": "อร่อยแน่ แต่รอนาน เพราะร้านเราจะผัดทีละจาน^^",
        "id": "564883410220196",
        "location": {
            "city": "Chiang Mai",
            "country": "Thailand",
            "latitude": 18.795815176924,
            "longitude": 98.985326346588,
            "street": "ตลาดช้างเผือก",
            "zip": "50000"
        },
        "name": "สุกี้ช้างเผือก - ก๋วยเตี๋ยวโคคา",
        "phone": "091-0793786"
    },
    {
        "about": "สร้อยโกเมน แหวน กำไล จี้ ต่างหู ราคาเบาๆ คุณภาพสูง ติดต่อ 089-9396522",
        "id": "629841490392077",
        "name": "สร้อยโกเมนราคาถูก ที่ร้านช่างวิทย์-พร จิวเวลรี่"
    },
    {
        "id": "147583022082668",
        "location": {
            "city": "Pichit",
            "country": "Thailand",
            "latitude": 16.422601832717,
            "longitude": 100.28643975471,
            "street": "พิจตร",
            "zip": "66000"
        },
        "name": "ส้มตำ ช.ช้าง ยกครก",
        "phone": "0889043386"
    },
    {
        "about": "ไม่รับโฆษณาทุกชนิด\nไม่รับเรื่องการเมือง\nไม่ใช้คำหยายคาย",
        "general_info": "หอประติมากรรมต้นแบบ เป็นหน่วยงานในส่วนกลุ่มประติมากรรม สังกัดสำนักช่างสิบหมู่ กรมศิลปากร กระทรวงวัฒนธรรม ตั้งอยู่ในบริเวณกรมศิลปากร เป็นสถานที่จัดแสดงงานรูปต้นแบบประติมากรรม รวมทั้งการจัดแสดงกระบวนการปั้นหล่อและหลอมโลหะ ผลงานเหล่านี้เกิดจากการปั้นรูปเพื่อนำไปสร้างอนุสาวรีย์แห่งชาติ พระพุทธรูป รูปเคารพและประติมากรรมส่วนประกอบอนุสาวรีย์ รุ่นครู อาจารย์และศิษย์รวบรวมไว้เป็นจำนวนมาก  ก่อนปี พ.ศ.2530 สถานที่แห่งนี้เคยเป็นที่ปฏิบัติงานปั้นหล่อและหลอมโลหะของหน่วยงานประติมากรรมและโรงงาน กองหัตถศิลป กรมศิลปากร ซึ่งตั้งอยู่ในเขตวังเดิมของสมเด็จพระเจ้าบรมวงศ์เธอเจ้าฟ้ามหามาลา กรมพระยาบำราบปรปักษ์ ต่อมาได้ย้ายไปปฏิบัติงาน ณ อาคารประติมากรรม ณ พุทธมณฑล สาย 5  สำนักช่างสิบหมู่ ต.ศาลายาจังหวัดนครปฐม เมื่อวันที่ 16 มกราคม 2530 โรงปั้นหล่อเดิทบางส่วนได้ใช้เป็นที่ปฏิบัติงานอื่นของกรมศิลปการอยู่ระยะหนึ่ง ต่อมานายนิคม มูสิกะคามะ (ดำรงตำแหน่งอธิบดีกรมศิลปากรในขณะนั้น ปัจจุบันถึงแก่อนิจกรรมแล้ว)ได้จัดสรรงบประมาณให้ทำโครงการ คณะทำงานโครงการหอศิลปต้นแบบงานศิลปกรรมไทย เพื่อปรับปรุงอาคารดำเนินการซ่อมรูปปั้น เพื่อจัดแสดงงานนิทรรศการพร้อมตั้งชื่ออาคารนี้ว่า หอประติมากรรมต้นแบบ Hall Of Sculpture เพื่อเป็นแหล่งเก็บข้อมูล แหล่งศึกษาค้นคว้างานด้านประติมากรรมและศิลปกรรมแก่นักเรียน นักศึกษา ประชาชนที่สนใจ",
        "id": "479855175383212",
        "location": {
            "street": "กรมศิลปากร"
        },
        "name": "หอประติมากรรมต้นแบบ สำนักช่างสิบหมู่ กรมศิลปากร",
        "phone": "02-2225820"
    },
    {
        "about": "บริการทำเสื้อสูบ ตีปลอก แต่งเสื้อสูบ และตกแต่ง โมดิฟาย จำหน่ายเกียร์แต่ง รับซ่อมกันสะบัด ",
        "description": "ร้านช่างกิ๊กส์ Shop \u0026 service\n1.จำหน่ายอะไหล่\n2.รับต่อเติมเสริมแต่งกับรถของท่าน\n3.บริการงานคุณภาพ ราคาย่อมเยาว์ เบอร์โทร0843349188\n-ที่อยู่ร้านช่างกิ๊ก shop \u0026 service \n 1/3  หมู่20   ต.ศาลาแดง   อ.บางน้ำเปรี้ยว  จ.ฉะเชิงเทรา  24000    http://www.2strokeclub.com/smf/index.php/topic,59007.480.html",
        "general_info": " เปิดบริการแล้วครับ ร้านช่างกิ๊กส์ shop and service\nจำหน่ายอะไหล่มอเตอร์ไซค์\nรับทำทุกปัญหาที่เกี่ยวกับรถมอเตอร์ไซค์ของท่าน\nแวะมาติชมและสอบถามได้แล้วนะครับ",
        "id": "611201485592068",
        "name": "ร้านช่างกิ๊กส์ Shop and service"
    },
    {
        "id": "505733459565349",
        "location": {
            "city": "นครปฐม",
            "street": "93 หมู่3 ถนนพุทธมณฑลสาย 5 ตำบลศาลายา  อำเภอพุทธมณฑล",
            "zip": "73170"
        },
        "name": "ศูนย์ศิลปะและการช่างไทย สำนักช่างสิบหมู่ กรมศิลปากร",
        "phone": "024821399"
    },
    {
        "about": "ปรัชญาสถานศึกษา \"ความรู้ดี  ฝีืมือเยี่ยม  เปี่ยมคุณธรรม  ค้ำจุนสังคม\"",
        "description": "วิสัยทัศน์\nL P C  =   Lifelong    Professional  Learning    Central  College\nวิทยาลัยสารพัดช่างลำปาง  “ เป็นวิทยาลัยที่เป็นศูนย์การเรียนรู้อาชีพตลอดชีวิต”\nอัตลักษณ์\n“ผู้เรียนสามารถเรียนรู้อาชีพได้ตลอดชีวิต”\nเอกลักษณ์\n“สถานศึกษามีคุณภาพด้านการสอนสาขา อาหาร”  \n\n",
        "general_info": "เป้าหมาย\n1.ผู้เรียน\n1.1  L = Life Skill  ทักษะชีวิต\n1.2  P = Professional Skill  ทักษะอาชีพ\n1.3  C = Cosmos Skill  ทักษะในการอยู่ในโลกอย่างมีความสุข\n2.ครูและบุคลากรทางการศึกษา \n2.1 ครูมีวิทยฐานะสูงขึ้น \n2.2 พัฒนาบุคลากรให้มีความชำนาญงานในหน้าที่\n3.สถานศึกษา \nสถานศึกษาเป็นที่ยอมรับของชุมชนและท้องถิ่น \n4.ชุมชน \nชุมชนอยู่อย่างมีความสุข \nนโยบายสถานศึกษา แผนพัฒนา 4 ปี (พ.ศ.2553 - 2556)\nปีที่  1  ปรับภาพลักษณ์สถานศึกษา\nปีที่  2  พัฒนาวิชาการ\nปีที่  3  สร้างมาตรฐานบุคลากร\nปีที่  4  องค์กรแห่งคุณภาพ\n\n",
        "id": "280568871981978",
        "location": {
            "city": "Nakhon Lampang",
            "country": "Thailand",
            "street": "551 หมู่ 1 ต.พระบาท อ.เมือง",
            "zip": "52000"
        },
        "name": "วิทยาลัยสารพัดช่างลำปาง",
        "phone": "054821567"
    },
    {
        "about": "แต่งหน้าเจ้าสาว ช่างแต่งหน้าเจ้าสาว รับแต่งหน้าเจ้าสาว โดย ช่างมิ้ลค์",
        "description": "  สวัสดีค่ะดิฉันเป็นนักออกแบบการแต่งหน้าที่ทันสมัย และสามารถสร้างผลงานการแต่งหน้าได้หลายรูปแบบหลายสไตล์ ทั้งงานแต่งหน้ารับปริญญา แต่งหน้าเจ้าสาว แต่งหน้านิตยสาร งานแต่งหน้าในสตูดิโอ แต่งหน้ารายการโทรทัศน์ แต่งหน้าแฟนซี แต่งหน้าไปงานต่างๆ แต่งหน้านางนพมาศ แต่งหน้าประกวด  มีเทคนิคและอุปกรณ์ที่ทันสมัยและมีประสบการณ์ เน้นการแต่งหน้าเพื่อความสวยงามและการแต่งหน้าให้เหมาะสมกับงานที่ลูกค้าต้องการ การทำงานของเราละเอียดทุกขั้นตอนการปฎิบัติงาน ตรงต่อเวลา พูดจาสุภาพ เป็นกันเอง  \n\n***รับแต่งหน้าทำผมรับปริญญา ทั้งแบบเดี่ยว หรือ กลุ่มใน ราคาพิเศษ ใช้เครื่องสำอางแบรนด์ดัง จากของ อเมริกา อังกฤษ เกาหลี ไทย และ ขนตาปลอมหลายแบบให้น้องๆได้เลือกตามความชอบ เครื่องสำอางติดคงทน สวยใส ไม่ดูเว่อร์ ปกปิดริ้วรอยด่างดำ สิว ต่างๆให้อย่างแนบเนียนที่สุด ทางเราสามารถให้น้องๆเลือกสไตล์การแต่งหน้าที่ถูกใจและชื่นชอบได้ตามที่ต้องการ\n\n***รับแต่งหน้าเจ้าสาวและเจ้าบ่าว พิธีเช้าและเย็น  ใช้เครื่องสำอางแบรนด์ดัง จากของ อเมริกา อังกฤษ เกาหลี ไทย และ ขนตาปลอมหลายแบบให้ได้เลือกตามความชอบ เครื่องสำอางติดคงทนสวยนาน ไม่เยิ้ม ไม่ลอก สวยมีออร่า ตั้งแต่หัวจรดเท้าแน่นอนค่ะ ในกรณีที่แต่งหน้าทำผมทั้งพิธีเช้าและเย็น ในรอบบ่ายทางเรายินดีที่จะให้ล้างเครื่องสำอางเพื่อแต่งหน้าและทำผมใหม่ให้นะคะ เพื่อความสวยงาม\n\n***รับแต่งหน้าทำผมไปงานต่างๆ ทั้งแบบเดี่ยว หรื่อกลุ่มในราคาพิเศษ ใช้เครื่องสำอางแบรนด์ดัง จากของ อเมริกา อังกฤษ เกาหลี ไทย และ ขนตาปลอมหลายแบบให้ได้เลือกตามความชอบ เครื่องสำอางติดคงทน ปกปิดริ้วรอยด่างดำ สิว ต่างๆให้อย่างแนบเนียนที่สุด\n\nสนใจดูผลงานและจองคิวการแต่งหน้าได้ที่\nhttp://www.tachudamakeup.com\nCall : 087-671-4516 Line id : tachuda\n\nช่างแต่งหน้ามิ้ว ^^",
        "emails": [
            "milk.tachuda@gmail.com"
        ],
        "id": "243209035885453",
        "location": {
            "city": "Bangkok",
            "country": "Thailand",
            "latitude": 13.8030796,
            "longitude": 100.8133087,
            "street": "825/55 ลุมพินีนวมินทร์ แขวงคลองจั่น เขตบางกะปิ",
            "zip": "10240"
        },
        "name": "แต่งหน้าเจ้าสาว ช่างแต่งหน้าเจ้าสาว โดยช่างแต่งหน้ามิลค์",
        "phone": "0876714516"
    },
    {
        "about": "ศุนย์สอนช่างเชื่อม (ไฟฟ้า SMAW - อาร์กอน TIG ) [บ้านวงฆ้อง]",
        "description": "Welding position : 1G, 2G, 3G, 4G, 5G, 6G\n\nสนใจติดต่อ โทร. 082-4035219,055-731084 (คุณสมชาย) บ้านวงฆ้อง",
        "emails": [
            "phitsanuwut_2533@hotmail.com"
        ],
        "id": "525630797494402",
        "location": {
            "city": "Kamphaeng Phet",
            "country": "Thailand",
            "latitude": 16.466576534493,
            "longitude": 99.499914169312,
            "street": "31/2 หมู่ 11 ต.ลานกระบือ อ.ลานกระบือ",
            "zip": "62170"
        },
        "name": "ศูนย์สอนช่างเชื่อม",
        "phone": "082-4035219"
    },
    {
        "id": "149518541724973",
        "name": "ช่างสัก"
    },
    {
        "id": "194590953973664",
        "name": "ช่างกลไทยสุริยะ"
    },
    {
        "about": "สันต์สิบสอง\nรับถ่ายภาพนิ่งราคามิตรภาพและเบาๆ\nMobile : 0904493112 AIS, 0949243112 DTAC\nLine ID : sun12photo\nhttps://www.facebook.com/SUN12Photographer",
        "emails": [
            "sun12product13@gmail.com"
        ],
        "id": "114694532034203",
        "location": {
            "city": "กรุงเทพฯ",
            "street": "พระปิ่นเกล้า",
            "zip": "10700"
        },
        "name": "ช่างภาพเสื้อส้ม รับถ่ายภาพ Sun12PhotoDesign",
        "phone": "0904493112"
    },
    {
        "about": "ชมรมช่างภาพพระนคร (สอน / อมรม วิชาความรู้ด้านถ่ายภาพ)",
        "general_info": "ถ่ายภาพ ท่องเที่ยว กิจกรรมนันทนาการ และลั้นลา...\n\nกลุ่มนี้เป็นกลุ่มเปิดมิได้จำกัดเพียงสมาชิกเพียงบุคคลในกลุ่ม \"ชมรมถ่ายภาพวิทยาลัยสารพัดช่างพระนคร\" เท่านั้น ท่านใดที่มีความสนใจและรักในการถ่ายภาพสามารถมาร่วมแชร์ และโชว์ผลงานการถ่ายภาพ โดยอิสระ แต่ผู้ที่นำผลงานมาเผยแพร่นั้น จะต้องเป็นผลงานของตัวเอง หรือได้รับความยินยอมจากเจ้าของผลงานแล้วเท่านั้น และจะต้องไม่เป็นที่ขัดแย้งต่อสถาบันชาติ ศาสนา และพระมหากษัตริย์ หรือเกี่ยวข้องกับกลุ่มการเมืองใดใด\n\nยินดีต้อนรับทุกท่านครับ",
        "id": "132422640138418",
        "name": "ชมรมช่างภาพสารพัดช่างพระนคร"
    },
    {
        "about": "http://www.graduateth.com/kimpingphoto\n",
        "description": "รับถ่ายรูปงานรับปริญญา  ( วันซ้อม วันจริง ถ่ายนอกรอบ ถ่ายในรอบ ) งานแต่ง พรีเวดดิ้ง งานบวช และงานพิธีต่างๆ \nสนใจถ่าย ติดต่อมาได้นะครับ\n\nนายประทวน ยิวคิม\nชื่อเล่น คิม (หมู)\n\nติดต่อ โทร: 0901829713 / 0946782617\nLINE : photokim\n\n**การจองคิวงาน มัดจำ** เพื่อไม่ให้รับงานท่านอื่น โทรมาระบุวันที่ต้องการถ่ายรูป แล้วโอนเงินมัดจำ จำนวน 1000 บาท\nบัญชีเงินฝาก เลขที่ 148-1-25133-3 นายประทวน ยิวคิม ธนาคารกรุงไทย\n\n**ราคารับปริญญา**\nครึ่งวัน 3500 บาท\nเต็มวัน 4000 บาท\n\n**ราคางานแต่ง**\nงานเช้า 3500 ถ้างานเช้า+งานเที่ยง 5500 (บวกชุดไฟ) ต่างจังหวัดขอค่าเดินทาง+ที่พัก 1000\nงานเย็น 5500 (บวกชุดไฟ) ต่างจังหวัดขอค่าเดินทาง+ที่พัก 1000\n\n**ราคาพรีเวดดิ้ง**\nทั้งวัน 4000 ( ต่างจังหวัดขอค่าเดินทาง+ที่พัก 1000 )\n\n**สิ่งที่ท่านจะได้รับ**\n1.ถ่ายรูปไม่จำกัดจำนวนรูป ไฟล์ภาพทุกภาพ จะปรับสีและแสงให้ทุกภาพ ได้ไฟส์ภาพทุกรูปไม่ทิ้งหมด\n2.ไรท์ลงแผ่น DVD ตามจำนวนภาพ สกรีนลงแผ่น พร้อมใสกล่องDVDและหน้าปก \n3.อัดจัมโบ้ 4x6 จำนวน 100 รูป \n4.อัดขยายรูป 10x15 จำนวน 2รูป ต่อ1วัน 2วันก็ได้ 4รูป\n5.ส่งงานด้วยไปรษณี ใสกันกระแทก ส่ง EMS\n\nอุปกรณ์ที่ใช้\n1.กล้อง : Canon 5d markI + Grip \n2.กล้อง : CANON 60D + GRIP BG-E6\n2.เลนส์ : Canon 24-105 f4\n3.เลนส์ : Canon 85 F1.8\n4 เลนส์ : Tokina AF 11-16mm f/2.8 \n5.แฟลช : Canon 580EX II +ทริกเกอร์\n6.แฟลช : GODOX 360w + Softbox 8เหลี่ยม\n",
        "id": "326616727414534",
        "location": {
            "city": "ปทุมธานี",
            "street": "ธัญบุรี",
            "zip": "12110"
        },
        "name": "ช่างภาพ น้าหมู สตูดิโอ",
        "phone": "0901829713"
    },
    {
        "about": "วิทยาลัยเพาะช่าง : 86 ถ.ตรีเพชร แขวง วังบูรพาภิรมย์ เขต พระนคร กรุงเทพฯ 10200 โทร 02-6238790 แฟกซ์ 02-2257631",
        "description": "http://www.pohchang.rmutr.ac.th",
        "id": "442474055773567",
        "name": "สโมสรนักศึกษา วิทยาลัยเพาะช่าง"
    },
    {
        "about": "สตรอเบอรี่ม่อนลุงช้าง สด สะอาด ปลอดภัย เราปลูกเองขายเอง",
        "description": "สตรอเบอรี่ม่อนลุงช้าง จำหน่ายสตรอเบอรี่สด จากภูเขาสูงซึ่งเป็นแหล่งผลิตที่ใหญ่ที่สุดและมีคุณภาพมากที่สุดในปัจจุบัน บ้านแม่แจ๊ะ ตำบลแม่นาจร อำเภอแม่แจ่ม จังหวัดเชียงใหม่(ห่างจาก อำเภอสะเมิงประมาณ 50 กม.) ผลผลิตคุณภาพดี ผลคุณภาพสูง ลูกสวย ใหญ่ ใหม่ สดจากไร่ทุกวัน มีบริการจัดส่งทั่วประเทศ โดยรถด่วนพิเศษ นิ่มซี่เส็ง บ.ขนส่งเอกชน จัดส่งทางเครื่องบิน ฯลฯ\n\nขายส่งราคาถูก ถ้าสั่งสตรอเบอรี่เยอะ ราคาลดลงได้อีกนะค่ะ...\n\n",
        "emails": [
            "\u003c\u003cnot-applicable\u003e\u003e"
        ],
        "general_info": "สตรอเบอรี่ม่อนลุงช้าง จำหน่ายสตรอเบอรี่สด จากภูเขาสูงซึ่งเป็นแหล่งผลิตที่ใหญ่ที่สุดและมีคุณภาพมากที่สุดในปัจจุบัน บ้านแม่แจ๊ะ ตำบลแม่นาจร อำเภอแม่แจ่ม จังหวัดเชียงใหม่(ห่างจาก อำเภอสะเมิงประมาณ 50 กม.) ผลผลิตคุณภาพดี ผลคุณภาพสูง ลูกสวย ใหญ่ ใหม่ สดจากไร่ทุกวัน มีบริการจัดส่งทั่วประเทศ โดยรถด่วนพิเศษ นิ่มซี่เส็ง บ.ขนส่งเอกชน จัดส่งทางเครื่องบิน ฯลฯ\n\nขายส่งราคาถูก ถ้าสั่งสตรอเบอรี่เยอะ ราคาลดลงได้อีกนะค่ะ...\n\nติดต่อ (คุณเปิ้ล) 085-7131783\nLine ID : mlc_Strawberry",
        "id": "306268366050378",
        "location": {
            "city": "Samoeng",
            "country": "Thailand",
            "street": "88/8 Moo.4  T.Boikaew A.Samoeng",
            "zip": "50210"
        },
        "name": "สตรอเบอรี่ม่อนลุงช้าง [Strawbery Mon Lung Chang]",
        "phone": "085-7131783"
    },
    {
        "about": "แอร์รถยนต์",
        "description": "ท่ารู้ว่าระบบแอร์มันเป็นยังไง  จะกลัวทำไมกับงานแก้  ทำงานช้าไม่ได้หมายความว่าทำงานไม่เป็น แค่ใจเย็นกับงานที่ทำ  ของดีราคาถูกหาที่ใหน ของดีกำไรมันน้อย ของถูกกำไรมันเยอะอยุที่เลือกใช้   อยุที่ตัดสินใจกันเอาเอง",
        "emails": [
            "www.whanchai11@gmail.com"
        ],
        "id": "805420269483255",
        "location": {
            "city": "Bangkok",
            "country": "Thailand",
            "latitude": 13.70426,
            "longitude": 100.40088,
            "street": "รับซ่อมแอร์รถยนต์",
            "zip": "10160"
        },
        "name": "สายช่างแอร์รถยนต์โดยเฉพาะ",
        "phone": "0813129286"
    },
    {
        "id": "1590024801281135",
        "location": {
            "city": "Amphoe Phra Nakhon Si Ayutthaya",
            "country": "Thailand",
            "latitude": 14.38726351,
            "longitude": 100.52167375,
            "street": "60 หมู่4 ต.บ้านใหม่ อ.พระนครครีอยุธยาจ.อยุธยา",
            "zip": "13000"
        },
        "name": "ช่างต้อง แกะสลัก อยุธยา carving by tong ayutthaya",
        "phone": "0984856763"
    }
]