[
    {
        "id": "276684319115045",
        "location": {
            "city": "Bangkok",
            "country": "Thailand",
            "latitude": 13.749927940419,
            "longitude": 100.53056297937,
            "street": "ราชเทวี",
            "zip": "10400"
        },
        "name": "ตักสุรา@หัวช้าง"
    },
    {
        "about": "ลูกคุณหนูหลบไป...สายเถื่อนจะเปิดฟลอว์",
        "id": "347361722139335",
        "location": {
            "street": "ดาวพลูโต"
        },
        "name": "ช่างภาพสายเถื่อน"
    },
    {
        "about": "พวกผมไมไ่ด้เมาเนื้อ แค่อยากจุนเจือข้อมูลที่แท้จริง แปร๊น",
        "id": "539522742731762",
        "name": "ช้างเป็นสัตว์กินเลือด"
    },
    {
        "about": "แบ่งปันความรู้เรื่องการตัดเย็บเสื้อผ้าเบื้องต้น เพื่อให้คนพึ่งพาตนเองได้เล็กๆ น้อยๆ ",
        "description": "การณ์สรณ์ อภิชิต เป็นช่างตัดเสื้อ เป็นแม่ และเป็นครู ยินดีแบ่งปันความรู้เรื่องการตัดเย็บเสื้อผ้าด้วยตนเองเพื่อเป็นวิทยาทานแก่ผู้สนใจใฝ่รู้ทุกคน",
        "id": "295569190545619",
        "name": "ช่างแม่ สอนตัดเสื้อ"
    },
    {
        "id": "347544645444421",
        "name": "ช่างภาพ..สายเพ้อ"
    },
    {
        "id": "1415779498651126",
        "location": {
            "city": "Bangkok",
            "country": "Thailand",
            "latitude": 13.7801304,
            "longitude": 100.5458298,
            "street": "24/87 ม.6 เขต/แขวง สายไหม ซ.พหลโยธิน56",
            "zip": "10220"
        },
        "name": "สาลี การช่าง",
        "phone": "0817245154"
    },
    {
        "about": "ร่วมแบ่งปันภาพพลงาน และพูดคุยแลกเปลี่ยนความรู้ ติดตามข่าวเด็กช่างไทย ..",
        "description": "เราไม่มี นโยบายให้ทุกคนเป็นคนดีแต่ขอให้มีความเป็นลูกผู้ชาย... ก็พอแล้ว!!",
        "general_info": "เราพยายามให้เพจ นี้เป็นกลางของทุกสถาบันมากที่สุด  อย่าใช้คำหยาบคายหรือภาพที่รุนแรงทางความรู้สึก แต่ถ้าแนวหยิกแกมหยอก.... พอรับได้\n \nหากเกิดความบาดหมางกันภายในเพจนี้ แอดมินจะไม่ลบภาพนั่นแต่จะลบข้อความอย่างเดียว...\n\n",
        "id": "330577403620185",
        "name": "สมาคม เด็กช่างแห่งประเทศไทย"
    },
    {
        "id": "353514798142942",
        "location": {
            "city": "Vieng-Chan",
            "country": "Laos",
            "latitude": 17.96667,
            "longitude": 102.6,
            "street": "Sawang Village",
            "zip": "112"
        },
        "name": "สมาคมช่างซ่อมมือถือแห่งประเทศลาว",
        "phone": "23047763"
    },
    {
        "about": "หยุดเครียดจากเรื่องน้ำท่วม แล้วมีพักผ่อนกับเรานะครับ",
        "description": "เพจนี้ไม่ได้ตั้งเพื่อ ดราม่า ไม่ได้ตั้ง เพราะเกลียดปลาไหล ตั้งขึ้นมาฮาๆ และคิดว่าช้างไทยก็ฮาแบบปลาไหลได้ อิอิ\n\nสำหรับคนที่จะแต่งนะครับ ให้โหลดรูป ต้นแบบที่เพจเรา ไปแต่งด้วย โปรแกรมแต่งภาพต่างๆ อธิเช่น โฟโต้ชอป  เพ้น และอื่นๆ เป็นต้น",
        "id": "225238827539917",
        "name": "สมาคม ช้างไทยฆ่าปลาไหล"
    },
    {
        "about": "ประตูรั้วสแตนเลส ราคาถูก รับเหมางานสแตนเลสทุกชนิด",
        "description": "บริการรับเหมางานสแตนเลส \nประตูรั้วสแตนเลส \nประตูรั้วสแตนเลสอลูมิเนียมลายไม้ \nช่องรั้วสแตนเลส \nช่องรั้วสแตนเลสอลูมิเนียมลายไม้ \nราวบันไดสแตนเลส \nราวกันตกสแตนเลส \nหลังคาโพลี \nหลังคาดีไลท์ \nหลังคาไวนิล\nบริการออกแบบ ให้คำปรึกษา และ ติดตั้งประตูรั้วบ้าน ไม่ว่าจะเป็น ประตูรั้วบ้านสแตนเลส ประตูรั้วอลูมิเนียมลายไม้ ประตูสแตนเลส ประตูรั้วสแตนเลส เพราะปัจจุบันผู้อยู่อาศัย เจ้าของบ้าน หรือ สำนักงานให้ความสำคัญถึงความสวยงามของประตูรั้ว รวมทั้งคำนึงถึงประโยชน์การใช้สอย อายุการใช้งานของประตูรั้ว\n\nทางเราจึงให้ความสำคัญต่อการผลิตประตูรั้วบ้าน ตั้งแต่ให้คำปรึกษาลูกค้าในเรื่องวัสดุอุปกรณ์ในการผลิตประตูรั้ว รูปแบบการใช้งานของประตูรั้วเช่น การเปิด-ปิดของประตูรั้ว เพื่อให้เหมาะสมกับบ้านหรือสำนักงานของลูกค้า \nอีกทั้งยังใส่ใจในขั้นตอนการผลิตทุกขั้นตอน โดยช่างที่มีความชำนาญสูงในการผลิตและติดตั้ง ประตูรั้วบ้าน",
        "emails": [
            "sorstainless@gmail.com"
        ],
        "id": "509107949204696",
        "location": {
            "city": "Bangkok",
            "country": "Thailand",
            "latitude": 13.87019809809,
            "longitude": 100.43156455754,
            "street": "ช่างสแตนเลส"
        },
        "name": "ช่างสแตนเลส ส.ยนยุทธ ประตูรั้วสแตนเลส 088 884-3004",
        "phone": "088 884-3004"
    },
    {
        "about": "รับทำสปริงเจ้าแรก เขตบางบอนกว่า40ปี\nLINE : pajpao ถามราคาได้ครับ \nโทร 084-7724449",
        "description": "เป็นบริษัทฯ ที่มีความชำนาญในการผลิตสปริงที่มีคุณภาพได้มาตรฐานมานานกว่า 40 ปี ผลิตตามความต้องการของลูกค้าและรองรับงานในทุกประเภทของอุตสาหกรรม ผลิตด้วยเครื่องจักรที่ทันสมัยและมีคุณภาพที่ได้มาตรฐาน รับออกแบบและปรึกษางานสปริงทุกชนิดสำหรับงานอุตสาหกรรมทุกประเภท - งานเหล็กขึ้นรูปต่าง ๆ แผ่นสปริงทุกชนิด รับผลิตสปริง ลวดสปริง สปริงแผ่น ปั๊มโลหะ เหล็กขึ้นรูป ลวดขึ้นรูป ลวดดึงลวด ลวดรีดแบน",
        "emails": [
            "changpraditspring@gmail.com"
        ],
        "id": "424094671024904",
        "location": {
            "city": "ไทย",
            "street": "56/112 ซอยเอกชัย29 ถนนเอกชัย บางขุนเทียน จอมทอง กทม 10150",
            "zip": "10150"
        },
        "name": "ช่างประดิษฐ์ รับทำสปริงทุกชนิด 1ตัวก็รับทำ",
        "phone": "084-772-4449 / 02-4152069"
    },
    {
        "about": "๑๕ สิงหาคม วันสถาปนาช่างกลสยาม",
        "id": "208192755924300",
        "name": "ช่างกลสยาม"
    },
    {
        "about": "\"สวย  ใส  เน้นธรรมชาติ  แต่ถ้าอยาก จี๊ดจ๊าด ก็สวย สั่งได้ ค่ะ\"  www.manualfoto.com/jibmakeup.html โทร 0890110570",
        "id": "172100726175462",
        "location": {
            "street": "nonthaburi"
        },
        "name": "ช่างแต่งหน้า - ทำผม เจ้าสาว รับปริญญา ( jibMakeUp จิ๊บค่ะ )",
        "phone": "0890110570"
    },
    {
        "id": "1534184896833585",
        "location": {
            "city": "Samut Prakan",
            "country": "Thailand",
            "latitude": 13.62778726,
            "longitude": 100.587571175,
            "street": "99/9 ม.1 ต.บางเมืองใหม่ อ.เมือง  สมุทรปราการ",
            "zip": "10270"
        },
        "name": "พิพิธภัณฑ์ช้างเอราวัณ สมุทรปราการ",
        "phone": "023713135"
    },
    {
        "about": "ขายล้อซิ่ง ยาง% ",
        "id": "586676661347125",
        "name": "สมาคมช่างย้อนยุค '"
    },
    {
        "about": "ที่พักเกาะช้าง คลิ๊กชมเวบ ดูราคา http://xn--12casl5cfjg0d3dzffeqc8ag5rla8l3a.com/",
        "description": "มาเที่ยวเกาะช้าง อยากได้ที่พักเกาะช้าง บนหาดทรายขาว หาดคลองพร้าว หรือโรงแรมบนเกาะช้างอื่น ๆ โทร 053-277845-50 http://www.hotelfollow.com/ที่พักเกาะช้าง.html",
        "id": "764160970268118",
        "location": {
            "street": "ที่พักเกาะช้าง ติดทะเล รีสอร์ทเกาะช้าง ราคาถูก"
        },
        "name": "ที่พักเกาะช้าง โฮมสเตย์เกาะช้าง ติดทะเล",
        "phone": "โทรจอง 053-277850, 053-277846 ( เวลา 8.00 - 19.30 น. ทุกวัน)"
    },
    {
        "about": " หาช่างภาพ  งานแต่งงาน ช่างภาพงานแต่ง พรีเวดดิ้ง 0874090008\nline : parn491",
        "emails": [
            "parnn@491studiohouse.com"
        ],
        "id": "353144964863898",
        "location": {
            "city": "กรุงเทพฯ",
            "street": "426/3 ถ.สุทธิสารวินิจฉัย แขวง ดินแดง เขต ดินแดง",
            "zip": "10400"
        },
        "name": "ช่างภาพงานแต่ง Pre-wedding สินค้า และงานอื่นๆ อิสระรับถ่ายภาพ",
        "phone": "0874090008"
    },
    {
        "about": "รับทำ หลังคาไวนิล เมทัลชีท ไม้ระแนง  อื่นๆ\n085-156-4193 ช่าง ฐา Line id : teru0656",
        "description": "1 คุณสมบัติ หลังคาไวนิล ปลอดภัยจากปลวก รา และแมลงทุกชนิด ทนต่อทุกสภาวะอากาศ ทนน้ำ ทนแดด และความร้อน อายุการใช้งานยาวนาน\t \t มีน้ำหนัก ที่เบา  ฝนตกเสียงไม่ดัง สวยกว่าเมทัลชีท แต่ราคา สูงกว่า\n\n2 คุณสมบัติ แผ่นเมทัลชีท (Aluzinc Metal Sheet Roof)“เหล็กรีดลอน เคลือบอลูซิงค์กันสนิม แข็งแกร่งสวยทนนาน ต้องใช้หลังคาเมทัลชีท” ฝนตกเสียงดังกว่าไวนิลแต่ ทนกว่าราคาประหยัด กว่า\n3 ไม้ระแนงเฌอร่า เป็นผลิตภัณฑ์ที่เป็นมิตรกับสิ่งแวดล้อม ผลิตจากวัสดุปูนซีเมนต์ ทราย ผสมกับเส้นใยธรรมชาติ ซึ่งเป็นเทคโนโลยีในการผลิตสินค้าไฟเบอร์ซีเมนต์ระดับแนวหน้าของมาตรฐานโลก ตราเฌอร่า มีคุณสมบัติโดดเด่น คือ ปลวกไม่กิน ทนทุกสภาพอากาศ ไม่หดตัว ไม่บิดงอ สามารถประยุกต์ใช้ได้ทั้งภายใน และภายนอกอาคาร อีกทั้งยังติดตั้งได้ง่าย มีหลากหลายสีสัน และลายไม้ธรรมชาติให้เลือก เพื่อตอบสนองทุกอารมณ์ของงานต่างๆ",
        "id": "787549437958035",
        "name": "ธนวัฒน์การช่าง สาขา2 หลังคาไวนิล เมทัลชีท ไม้ระแนง 085-156-4193",
        "phone": "085-156-4193 ช่าง ฐา"
    },
    {
        "about": "สมาพันธ์ ผอ.คลัง ผอ.ช่าง องค์กรปกครองส่วนท้องถิ่นแห่งประเทศไทย",
        "id": "1486512851610451",
        "name": "สมาพันธ์ ผอ.คลัง ผอ.ช่าง ท้องถิ่นแห่งประเทศไทย"
    },
    {
        "about": "อุปกรณ์ฮาร์ดแวร์-เครื่องมือสารพัดช่าง ราคาย่อมเยา",
        "description": "อุปกรณ์ฮาร์ดแวร์ เครื่องมือช่างทุกประเภท ช่างไฟฟ้า ช่างก่อสร้าง ช่างซ่อมรถยนต์ ช่างซ่อมมอเตอร์ไซด์ ช่างซ่อมเครื่องจักร ช่างแอร์ ช่างเชื่อม ช่างประปา ช่างซ่อมอุปกรณ์อิเล็กทรอนิกส์ และอื่นๆ",
        "emails": [
            "kpn-trading@hotmail.com"
        ],
        "general_info": "    สต็อกสินค้า พร้อมขายหน้าร้าน และทางFanpage สนใจสินค้าสอบถามเพิ่มเติมได้ที่ Line ID : @kpntrading หรือ Inbox มาสอบถามทางFanpage และ โทร 091-8450880",
        "id": "1445319562369156",
        "name": "เครื่องมือช่างทุกประเภท ราคาย่อมเยา ปลีก-ส่ง",
        "phone": "Line Official ID : @kpntrading Tel : 091-8450880 074-807500 Fax : 074-807501 E-Mail : KPN-Trading@hotmail.com"
    },
    {
        "about": "สมาคมนักเรียนเก่าช่างกลพระนครเหนือ",
        "id": "294545550685168",
        "name": "สมาคมนักเรียนเก่าช่างกลพระนครเหนือ"
    },
    {
        "about": "กำไลหางช้าง แหวนหางช้าง เครื่องประดับจากหางช้าง",
        "description": "จำหน่ายกำไลหางช้าง แหวนหางช้าง เครื่องประดับจากหางช้าง งาช้าง และเครื่องลางมงคลอื่นๆที่เกี่ยวข้อง จากแหล่งสุรินทร์ งานฝีมือสวยศิลป์ครับ สนใจสอบถามได้ครับที่เบอร์ 095-997-8988 line : chokunz-wattanasit",
        "id": "541961765926988",
        "name": "แหวนหางช้าง กำไลหางช้าง เครื่องประดับจากสุรินทร์"
    },
    {
        "id": "145944365419488",
        "name": "ช่างสี"
    },
    {
        "about": "รวมศิษย์เก่าแผนกดอกไม้ รุ่นที่ 26 วิทยาลัยช่างฝีมือในวัง (หญิง) ",
        "description": "วิทยาลัยที่ถ่ายทอดงานช่างฝีมือในวังเฉพาะสตรีของไทย  ",
        "id": "288761237807967",
        "location": {
            "city": "Bangkok",
            "country": "Thailand",
            "latitude": 13.6854601,
            "longitude": 100.4874268,
            "street": "ถนนสุขสวัสดิ์ แขวง/เขตจอมทอง",
            "zip": "10150"
        },
        "name": "วิทยาลัยช่างฝีมือในวัง (หญิง) แผนกดอกไม้สด รุ่นที่ 26"
    },
    {
        "about": "ขายส่งเครื่องมือช่าง เครื่องฉีดน้ำแรงดันสูง สว่านไฟฟ้า กล่องเครื่องมือช่าง ฯลฯ",
        "id": "261213524086594",
        "location": {
            "city": "Bangkok",
            "country": "Thailand",
            "latitude": 13.60599,
            "longitude": 100.41691,
            "street": "114 ซ.เทียนทะเล 24 ถ.บางขุนเทียน-ชายทะเล",
            "zip": "10150"
        },
        "name": "เวิลด์ทูลส์แอนด์ฮาร์ดแวร์ เครื่องมือช่าง",
        "phone": "028972940"
    }
]