[
    {
        "about": "รับซ่อมเเซมเเละตกเเต่งรถจักยานยน",
        "id": "819860484794666",
        "location": {
            "city": "Taipei",
            "country": "Taiwan",
            "latitude": 25.0373993,
            "longitude": 121.5635529,
            "street": "พระนครศรีอยุธยา",
            "zip": "13000"
        },
        "name": "ช่างลบ by โต๊ดสุดตีน",
        "phone": "0991199270"
    },
    {
        "about": "แฟนเพจอย่างเป็นทางการของสถานีตำรวจภูธรช้างเผือก",
        "id": "978601705501225",
        "name": "สถานีตำรวจภูธรช้างเผือก จังหวัดเชียงใหม่"
    },
    {
        "about": "LINE : khun-noona\nช่างแต่งหน้าเจ้าสาว4000\nรับปริญญา1200-1700\nบริการถึงบ้าน เลือกเวลาเองได้ ไม่เปิดกร๊ป\n",
        "description": "ช่างแต่งหน้าเจ้าสาว4000แต่งหน้าไม่เปิดกรุ๊ปรับแต่งหน้าตามบ้านช่างแต่งหน้าราคาไม่แพง\n\nวิธีจองคิวจะ post ที่ wall หรือ โทรจองได้นะคะ ที่เบอร์ 080-569-7877 ค่ะ \n\nหรือ line มาสอบถามก็ได้ค่ะ\n\nราคาค่าบริการและโปรโมชั่น\n\nแต่งหน้ารับปริญญา ราคา1700บาท\n\n\nแต่งหน้าเจ้าสาว+ เจ้าบ่าว  4,000 บาท\n\nแต่งหน้าสมัครงานแอร์ 1700\n\nแต่งหน้ารำไทย ถือป้าย เชียร์หลีดเดอร์  1,000-1500บาท\n\n\nจองคิวได้ที่\nติดต่อ: คุณ อนัญญา \nมือถือ : 080-569-7877\nline:khun-noona\ne-mail: ananya_makeup@hotmail.com\nรับบริการแต่งหน้าทำผมนอกสถานณ์ที่",
        "emails": [
            "ananya_makeup@hotmail.com"
        ],
        "id": "344945735545762",
        "location": {
            "city": "Bangkok",
            "country": "Thailand",
            "latitude": 13.82706,
            "longitude": 100.520125,
            "street": "http://www.bloggang.com/viewblog.php?id=ananya-makeup\u0026group=13",
            "zip": "10900"
        },
        "name": "ช่างแต่่งหน้าทำผมกทม เจ้าสาว รับปริญญา นอกสถานที่-ananya makeup",
        "phone": "โทรจองคิวได้ที่ 080-569-7877 ติดต่อคุณ อนัญญา LINE : khun-noona"
    },
    {
        "about": "มาตราฐาน แข็งแรง ทนทาน งานเนียบ  ติดต่อ sk_somkurn@hotmail.com\n089-5036903",
        "description": "612 ซอยไสวสุวรรณ เตาปูน แขวงบางซื่อ เขตบางซื่อ กทม. 10800\n\nสมควร การช่าง ( Sofa Bangpo ) \nสมควร การช่าง รับออกแบบ สั่งทำ โซฟา ทุกประเภท โซฟาหนังแท้ โซฟาหนังเทียม โซฟาบุผ้า โซฟาเข้ามุม โซฟาเดย์เบด โซฟาชุด โซฟาชุดหลุยส์ เก้าอี้เดี่ยว เก้าอี้อาหาร รับหุ้มโครงเก้าอี้ รับหุ้มโครงโซฟา เก้าอี้สตูล หมอนอิง บุหัวเตียง ซ่อมโซฟา และเปลี่ยนผ้าโซฟา หุ้มเบาะทุกประเภท ฯลฯ บุผนังห้องและตกแต่งผนังห้องตามแบบ จากโรงงานผู้ผลิตโดยตรง รับทำโซฟาสำหรับคอนโด โรงแรม โรงพยาบาล สถานบันการศึกษา ร้านอาหาร รับงาน Project สำหรับโครงการบ้าน\n\nเราได้รับความไว้วางใจและประสบการณ์กว่า 30 ปีราคายุติธรรม \n\n- วัสดุภายในเกรดเอ เพื่อการใช้งานที่คงทน \n- สามารถเลือกแบบ,ขนาด,ผ้า,หนัง PU/PVC, หรือ หนังแท้ ได้ตามต้องการ \n- โซฟาในงบที่คุณสามารถเป็นเจ้าของได้ \n- รับทำโซฟาตามแบบที่ต้องการ สำหรับผู้ที่ต้องนำโซฟาไปขายในแบบและสไตล์ ของคุณเอง \n- รับสั่งทำโซฟาสำหรับคอนโด,อพาทเม้นท์,โรงพยาบาล,โรงแรม,สถานที่ราชการ หรืองานโปรเจคอื่นๆ \n\n- สนใจติดต่อ สมควร โทร 089 503 6903\n\n                     นิพนธ์  โทร 086 703 3438\n\n \n",
        "id": "152618641481551",
        "name": "สมควร การช่าง เก้าอี้ โซฟา บางโพ"
    },
    {
        "description": "หยุดทุกวันที่ 16 ของเดือน",
        "id": "161585460569308",
        "location": {
            "city": "Chiang Mai",
            "country": "Thailand",
            "latitude": 18.795635243744,
            "longitude": 98.986998571766,
            "street": "Maneenopparat Rd.",
            "zip": "50200"
        },
        "name": "หมูกะทะช้างเผือก สาขา 1 , 2 และ 3",
        "phone": "0840422212"
    },
    {
        "about": "บริการแบบมืออาชีพ ราคาเป็นกันเอง",
        "id": "126138207575129",
        "location": {
            "city": "Si Racha",
            "country": "Thailand",
            "latitude": 13.101208164627,
            "longitude": 100.96236214209,
            "street": "หน้าเครือสหพัฒน์",
            "zip": "20230"
        },
        "name": "ช่างกุญแจอ๊อดเจี๊ยบชลบุรี เครือสหพัฒน์ ศรีราชา 081-7701339",
        "phone": "0817701339"
    },
    {
        "about": "รับผลิตมีดหมอมงคล ราคาส่ง พยุหะคีรี นครสวรรค์ \n",
        "id": "326116004183019",
        "location": {
            "city": "Nakhon Sawan",
            "country": "Thailand",
            "latitude": 15.5054,
            "longitude": 100.22283,
            "street": "284 หมู่ 5 พยุหะคีรี",
            "zip": "60130"
        },
        "name": "ช่างขจร ศรีเพ็ง ผลิต มีดหมอวัตถุมงคล ราคาส่ง ถูกที่สุดในประเทศไทย",
        "phone": "0972365487"
    },
    {
        "about": "จำหน่ายไก่แจ้ สวยงาม.  ปรึกษา เรื่องไก่แจ้ได้คับ.  ติดต่อ. อรรถ.  หาดใหญ่.  0874781969",
        "id": "141416419330416",
        "location": {
            "city": "Hat Yai",
            "country": "Thailand",
            "street": "กาญจณราเมศร์",
            "zip": "90110"
        },
        "name": "ทองพันธ์ช่าง ฟาร์ม ไก่แจ้สวยงาม หาดใหญ่",
        "phone": "0874781969"
    },
    {
        "id": "1519429418272615",
        "name": "สไลเดอร์ บ้านลม ช่างหน่อย"
    },
    {
        "about": "งานต่อเติมบ้าน",
        "description": "รับเหมาก่อสร้าง ต่อเติมบ้าน ไฟฟ้า ปะปา ผ้าเพดาน หลังคา งานรื้อถอน งานรีโนเวท ตกแต่งบ้าน",
        "id": "383672758494346",
        "location": {
            "city": "Amphoe Sung Men",
            "country": "Thailand",
            "latitude": 18.122034030296,
            "longitude": 100.18157958984,
            "street": "106 หมู่ 5 ต.บ้านกวาง อ.สูงเม่น จ.แพร่",
            "zip": "54130"
        },
        "name": "ส.การช่าง รับเหมาก่อสร้างบ้าน งานต่อเติมบ้าน จังหวัดแพร่",
        "phone": "0843687135"
    },
    {
        "about": "อู่ชางโต สุโขทัย",
        "description": "รับซ่อมเครื่องยนต์ช่วงล่าง รับโมดิฟายเครื่องยนต์เบนซิน ดีเซล รับวางเครื่องเดินระบบไฟฟ้าในรถยนต์ ตัวแทนติดตั้งกล่อง ECU SHOP",
        "id": "224595814294013",
        "location": {
            "city": "Sukhothai",
            "country": "Thailand",
            "latitude": 17.0083294,
            "longitude": 99.8275299,
            "street": "ถนน สิงหวัฒน์",
            "zip": "64000"
        },
        "name": "อู่ช่างโต สุโขทัย",
        "phone": "0873144670"
    },
    {
        "about": "คอร์สเรียนและรับสอนการแต่งหน้าด้วยตัวเองอย่างมืออาชีพ by อ.แอ๊นท์",
        "emails": [
            "ant2523zzz@hotmail.com"
        ],
        "id": "919548088084265",
        "location": {
            "city": "Bangkok",
            "country": "Thailand",
            "latitude": 13.7419701,
            "longitude": 100.5526505,
            "street": "113 ซ.ปุณณวิถี 50 ถนนสุขุมวิท 101",
            "zip": "10260"
        },
        "name": "ช่างรับแต่งหน้ารับปริญญา และเจ้าสาว นอกสถานที่ราคาถูก",
        "phone": "0899392757"
    },
    {
        "id": "143784955731813",
        "name": "ช.การช่าง-โตกิว คอนสตรัคชั่น จำกัด"
    },
    {
        "id": "349114741962556",
        "name": "ช่างเอก\u0026เสี่ยเคน เขเซียน สตูล"
    },
    {
        "about": "จำหน่ายอุปกรณ์การเกษตรและเครื่องมือช่างทุกชนิด",
        "description": "ร้านพัทยาฮาร์ดแวร์ (ตลาดใหม่นาเกลือ) อ.บางละมุง จ.ชลบุรี (038-428666,081-8705183)\nตัวแทนจำหน่าย เครื่องมือการเกษตร เครื่องมือช่าง เครื่องตัดหญ้า เครื่องยนต์ เครื่องปั่นไฟ เบนซิน-ดีเซล เครื่องเจาะดิน เครื่องขุดหลุม เครื่องพรวนดินเล็ก\nตู้เชื่อมตู้ชาร์ตแบตเตอรี่ ตู้เชื่อมอินเวอเตอร์ ตู้เชื่อมคอยทองแดง มอเตอร์ เครื่องเจาะดิน เครื่องขุดหลุม เครื่องแต่งกิ่งต้นไม้ เครื่องบดเนื้อ \nเครื่องพ่นยา3สูบ เครื่องพ่นยาสะพายหลัง ปั๊มสูบน้ำ \nปั๊มหอยโข่งไฟฟ้า ปั๊มSubmerse ไฟ220-380v.\nปั๊มสเปกโรงงาน/โรงแรม ปั๊มลม มอเตอร์ ไฟ220-380v.\nเครื่องมือช่างทุกชนิด Maktec Makita Bosch และ อุปกรณ์ Hardware ทุกชนิดและอื่นๆอีกมากมาย  พร้อมอะไหล่ บริการหลังการขาย",
        "emails": [
            "birdinoz@gmail.com"
        ],
        "id": "558763054170901",
        "location": {
            "city": "Bang Lamung",
            "country": "Thailand",
            "latitude": 12.971053707065,
            "longitude": 100.90552718525,
            "street": "จากสุขุมวิท เข้าถ.สว่างฟ้า เลยไปรษณีย์บางละมุง50เมตร ร้านอยู่ฝั่งซ้าย ,SawangFa Road, Naklua, Chonburi",
            "zip": "20150"
        },
        "name": "พัทยาฮาร์ดแวร์ ศูนย์รวมเครื่องมือช่าง เครื่องมือทำสวน ปั๊มน้ำและอื่นๆ",
        "phone": "038-428666 ,081-8705183 "
    },
    {
        "description": "Sports/Recreation/Activities",
        "id": "108289539285284",
        "location": {
            "latitude": 15.180719938483,
            "longitude": 98.463422580737
        },
        "name": "สังขละบุรี จ.กาญจนบุรี",
        "phone": "\u003c\u003cnot-applicable\u003e\u003e"
    },
    {
        "id": "173974602635638",
        "location": {
            "city": "Chiang Mai",
            "country": "Thailand",
            "latitude": 18.899192339986,
            "longitude": 98.875053136306,
            "street": "เชียงใหม่",
            "zip": "50180"
        },
        "name": "ปางช้างแม่สา",
        "phone": "53-206247"
    },
    {
        "id": "596920170404180",
        "location": {
            "city": "Chiang Mai",
            "country": "Thailand",
            "latitude": 18.789824359112,
            "longitude": 98.996660186966,
            "street": "ติดร้านอี๊ดผัดไทย",
            "zip": "50300"
        },
        "name": "ขนมหวานช้างม่อย ของนายสกาแมน",
        "phone": "66896369628"
    },
    {
        "id": "167896066564842",
        "location": {
            "city": "Bangkok",
            "country": "Thailand",
            "latitude": 13.628899823791,
            "longitude": 100.58914107332,
            "street": "บางแค",
            "zip": "10270"
        },
        "name": "ช้างสามเศียร"
    },
    {
        "id": "193069544103489",
        "location": {
            "city": "Amphoe Ko Chang",
            "country": "Thailand",
            "latitude": 12.107839043696,
            "longitude": 102.27066958992,
            "zip": "23170"
        },
        "name": "สบายบาร์ @หาดทรายขาว เกาะช้าง"
    },
    {
        "id": "178829475495464",
        "location": {
            "city": "Chiang Rai",
            "country": "Thailand",
            "latitude": 19.900984014898,
            "longitude": 99.835583888427,
            "zip": "57000"
        },
        "name": "สันคอกช้าง เชียงราย"
    },
    {
        "about": "แหวนเพชรสวยๆ เพชรงามๆ ราคาจากโรงงาน....ถึงมือคุณ",
        "id": "487432274644246",
        "location": {
            "city": "Sing Buri",
            "country": "Thailand",
            "latitude": 14.892846530189,
            "longitude": 100.40032169296,
            "street": "887/5 ถ.ขุนสรร ต.บางพุทรา",
            "zip": "16000"
        },
        "name": "เพชรแทนใจ sc.jewelry By สมชายช่างทอง",
        "phone": "036520595"
    },
    {
        "id": "142748689131529",
        "location": {
            "city": "Yala",
            "country": "Thailand",
            "latitude": 6.5458973722595,
            "longitude": 101.28189963317,
            "street": "บ้านมะยิง",
            "zip": "95000"
        },
        "name": "สนามช้างเผือก ยะลา"
    },
    {
        "id": "514236055262235",
        "location": {
            "city": "Suphan Buri",
            "country": "Thailand",
            "latitude": 14.472265382265,
            "longitude": 100.11296358089,
            "zip": "72000"
        },
        "name": "แผนกช่างก่อสร้าง-โยธา วิทยาลัยเทคนิคสุพรรณบุรี"
    },
    {
        "id": "199702553384159",
        "location": {
            "city": "Rong Chang",
            "latitude": 14.579982628733,
            "longitude": 100.55953287174,
            "street": "๙๙ หมู่ ๒   ต.โรงช้าง  อ.มหาราช"
        },
        "name": "สำนักงานขนส่งจังหวัดพระนครศรีอยุธยา สาขาอำเภอมหาราช",
        "phone": "\u003c\u003cnot-applicable\u003e\u003e"
    }
]