[
    {
        "about": "ขายชุดหมี ขายชุดหมีช่างมือหนึ่ง ชุดมือช่างมือสอง\n\n",
        "id": "486900131343634",
        "name": "ขายชุดหมี ขายชุดหมีช่างมือหนึ่ง ชุดมือช่างมือสอง",
        "phone": "088-8258155"
    },
    {
        "about": "เครื่องมือช่าง เครื่องมือวัด เครื่องมือลม เครื่องมือไฟฟ้า ราคายุติธรรม คลองถม ส่งชัวร์ ",
        "description": "หจก. สหโชคแมชชีนเนอรี่ 1993 \n\nขายเครื่องมือช่าง เครื่องมือลม เครื่องมือวัด เครื่องขัดกระดาษทราย, เครื่องต๊าปเกลียว,ไขควง,คีม,โฮลซอ, ดอกสว่าน, สว่าน, พุกตะกั่ว, สายพาน, ประแจ, ดอกเอ็นมิลล์,  ปั๊ม, รอกโซ่,รอกสลิง, เครื่องมือไฟฟ้า ฯลฯ จากผู้ผลิตและยี่ห้อชั้นนำ อาทิ Shinano, Toku, Vital, Rex, Mitsubishi, Unior, Nicholson, Unior, Bahco, Keiba, Kennedy, Topman, Omi,3m, Eight, ,  Hitachi, Ryobi, Pioneer, Jebson ฯลฯ\n\nยินดีให้คำปรึกษา และแนะนำข้อมูลเครื่องมือช่างทุกประเภท เพื่อให้ตรงตามความต้องการของลูกค้าทุกท่าน\n\nสนใจสอบถามรายละเอียดหรือราคาได้ที่\nโทรศัพท์:  02-223-6745,02-223-6749 02-222-8018\nโทรสาร:   02-224-9784\n Email:     scm1993tools@gmail.com\nLine:        SCM1993.TH\n\n\n",
        "emails": [
            "scm1993tools@gmail.com",
            "sudanuch.k@hotmail.com"
        ],
        "id": "620788021319550",
        "location": {
            "city": "Bangkok",
            "country": "Thailand",
            "street": "513 ถ.มหาจักร แขวงป้อมปราบ เขตป้อมปราบศัตรูพ่าย กรุงเทพฯ",
            "zip": "10100"
        },
        "name": "สหโชค1993  เครื่องมือช่างครบวงจร",
        "phone": "02-223-6745, 02-223-6749, 02-222-8018, 086 990 3207 "
    },
    {
        "about": "ยกคณะมาจากเกรียนช้างศึก สุพรรณ เว้ยเฮ้ย... ความจังไรยังเหมือนเดิมเพิ่มเติมความหื่นตับตับ",
        "id": "809801575798989",
        "name": "เกรียนช้างพิฆาต สุ1ooo fc"
    },
    {
        "about": "สวนกล้วยไม้ลุงหนวด.ราชาช้างและแวนด้าทุกสายพันธุ์.(ประสบการณ์นานกว่า50ปี)ติดต่อ.084-7533862\n",
        "description": "สวนกล้วยไม้ลุงหนวด(ธนัยนันท์ออร์คิดส์)ระดับเซียนแถวหน้าของวงการก้ลวยไม้ไทย \"\"ลุงหนวดตัวตริงเสียงจริง มีคนเดียวของแท้และดั้งเดิม\"\" **ราชากล้วยไม้ตระกูลช้าง แวนด้าทุกสายพันธุ์ มีทั้งฟาแงนและไวโอ ประสบการณ์นานกว่า50ปี ((ผู้เพาะและผสมพันธุ์กล้วยไม้เองกับมือจนทำไห้ลูกหลานได้ดิบได้ดีกันนับไม่ถ้วน)) สนใจติดต่อ. 034-970080,084-7533862^^",
        "emails": [
            "ืnuad.orchid@hotmail.com"
        ],
        "id": "366087863499650",
        "location": {
            "city": "Nakhornpathom",
            "street": "142/2 ม.16",
            "zip": "73000"
        },
        "name": "สวนกล้วยไม้ลุงหนวด\"ราชาช้างและแวนด้าทุกสายพันธุ์\"",
        "phone": "084-7533862"
    },
    {
        "id": "978424972189212",
        "location": {
            "city": "Surat Thani",
            "country": "Thailand",
            "street": "บ้านนาสาร",
            "zip": "84120"
        },
        "name": "แพรซี่ช่างแต่งหน้าเจ้าสาวสุราษฎร์ธานี",
        "phone": "0859006119"
    },
    {
        "about": "รับสัก แก้ลายสักทุกแบบ",
        "description": "™รับสัก แก้ลายสัก ต่อลาย ออกแบบ\n\n**ที่อยู่ : หลังตลาดแม่เหียะ\n              อ.หางดง จ.เชียงใหม่\n\n เปิดทุกวันเวลา 9.00 น.\n[ **ปิดแล้วแต่ลูกค้าคับ ]",
        "id": "369764679863687",
        "name": "ร้านสักลาย เชียงใหม่ ช่างหนุ่ม"
    },
    {
        "about": "\" อาหารสมอง ของคนทันสมัย \"",
        "description": "ศูนย์รวม หนังสือ วารสาร นิตยสาร เครื่องเขียน แบบเรียน วัสดุสำนักงาน ของขวัญ กิ๊ฟชอฟ  ที่ใหญ่ที่สุดในจังหวัดสุรินทร์",
        "emails": [
            "muangchangbookcenter@gmail.com"
        ],
        "id": "221520781199692",
        "location": {
            "city": "Muang Surin",
            "country": "Thailand",
            "latitude": 14.890604465004,
            "longitude": 103.49325966025,
            "street": "46 tanasan road",
            "zip": "32000"
        },
        "name": "เมืองช้างบุ๊คเซ็นเตอร์ สุรินทร์",
        "phone": "084-0359779 (Line ID : mcbc_Surin)"
    },
    {
        "about": "บริการแต่งหน้าเจ้าสาว,แต่งหน้ารับปริญญาและโอกาสสำคัญต่างๆ\nสนใจติดต่อได้ที่ \nTel. 094-2497670\nLine : nuchykwang",
        "emails": [
            "nuchykwang@gmail.com"
        ],
        "id": "734934779936872",
        "location": {
            "city": "กรุงเทพมหานคร",
            "street": "ลาดพร้าว 94 ทาวน์ อิน ทาวน์",
            "zip": "10310"
        },
        "name": "ZeDeer Make-up by Kwang ช่างแต่งหน้าเจ้าสาว แต่งหน้ารับปริญญา",
        "phone": "094-2497670"
    },
    {
        "about": "รบกวนเวลาโปรดอ่านสักครู่ เพจนี้ห้ามด่าบุพการีและผู้มีพระคุณ (\"\"\"เเละห้ามเห่าด้วยน่ะ\"\"\")..........:)",
        "id": "209733025822942",
        "name": "สมาคมเด็กช่างและเด็กพาณิชย์แห่งประเทศไทย"
    },
    {
        "about": "The happy home of Thai Elephants in Chiangmai, Thailand\n\n",
        "description": "We are open daily from 07.00 am to 02.30 pm.\n\nShow Times\n\n- 08:00 am.\n- 09:40 am.\n- 01:30 pm.\n\nVisit our showground and enjoy a variety of fabulous shows of elephants who love to show off their skills and have a good time.\n\nOnce you enter the show ground, 20 elephants will parade to welcome you to their show. Don't miss a chance to observe the elephants bathing at the two bathing areas on Maesa River before each elephant show. The shows are as following:\n\n~ Demonstration of the various ways of getting on/getting down the elephants.\n~ Musical Talent Show and Dancing.\n~ Demonstration on how the elephants sleep.\n~ Elephant Football League. (Soccer Show)\n~ Elephant Artist Show. The first place where elephants paint abstract and realistic style.\n~ Traditional Thai Massage Show.\n~ The Elephants Competition : Sticks Pick Up Game.\n~ Dart Game Show by Elephants.\n~ Logging Show and Lumber Work Show.\n\nThe Elephant Riding Adventure and a visiting to Maesa Elephant Nursery are additional unforgetable experience after our great show.\n\nContact Us;\nMaesa Elephant Camp (Our Town Office)\n119/9 Tapae Rd., Muang District, Chiang Mai 50100 Thailand\nTel. +66 5320 6247, +66 5320 6248, Fax. +66 5320 6247\n\nEmail:\nmaesaele@loxinfo.co.th\n\nWebsite:\nwww.maesaelephantcamp.com\nwww.gallerymaesa.com\n\n",
        "emails": [
            "maesaele@loxinfo.co.th"
        ],
        "id": "227304607404011",
        "location": {
            "city": "Chiang Mai",
            "country": "Thailand",
            "street": "101 Moo 9 Maerim-Sa Merng Road",
            "zip": "50180"
        },
        "name": "Maesa Elephant Camp ปางช้างแม่สา",
        "phone": "+6653 206247 - 8"
    },
    {
        "about": "เสื้อเชิ้ตคาเมล งานไทยส่งห้างฯ และเสื้อผ้าสไตล์ช่าง\nEMS 50 บ. ลงทะเบียน 30 บ. \nLINE:bumbim24872\nCall:0817717170",
        "description": "Case screen ลาย กันน้ำไม่ลอก100% มีทั้งIphone5 Iphone4s Iphone4 ,samsungs3 s4 galaxy/ipad/ipod และอื่นๆลองสอบถามก่อนได้จ้า\n\n1.Fullscreen เป็นเคสเเข็ง สกรีนเต็มรอบ แบบมันและแบบด้าน\n\n2.แบบกรอบซิลิโคนมีลายแค่ด้านหลัง\n\nราคา 450 บาททุกลายจ้า ยกเว้น\nipad : 650.-\nipad mini : 550.-\nipod : 400.-\nค่าจัดส่งลงทบ. 30 บาท\nems 50 บาท\nสามารถส่งลายมาเองได้นะคะ\nline:bumbim2487\nโทร0802981731\nสอบถามก่อนได้ค่ะ",
        "emails": [
            "bimbim2787@gmail.com"
        ],
        "id": "228828413953758",
        "name": "เสื้อเชิ้ตคาเมล สไตล์ช่าง",
        "phone": "0817717170"
    },
    {
        "about": "สักลาย+เจาะ",
        "id": "368908819906355",
        "location": {
            "city": "Samut Prakan",
            "country": "Thailand",
            "zip": "10130"
        },
        "name": "Tattoo - คนไทยเรียกว่าสักลาย\"ช่างเรียกว่าหมอสัก",
        "phone": "\u003c\u003cnot-applicable\u003e\u003e"
    },
    {
        "about": "รับแต่งหน้า-รับแต่งหน้ารับปริญญา-รับแต่งหน้าเจ้าสาว-ช่างแต่งหน้า-รับแต่งหน้าทำผม",
        "id": "604728672870984",
        "location": {
            "street": "ไทย"
        },
        "name": "ช่างแต่งหน้า รับแต่งหน้าทำผมนอกสถานที่"
    },
    {
        "emails": [
            "por--popy@hotmail.com"
        ],
        "id": "841074942612198",
        "location": {
            "city": "Buriram",
            "country": "Thailand",
            "latitude": 14.963764055344,
            "longitude": 103.05477261543,
            "street": "แกรนด์บุญสิริ โครงการที่6"
        },
        "name": "กาแฟสดดอยช้าง ณ บุรีรัมย์",
        "phone": "0840958725"
    },
    {
        "about": "ช่างกุญแจ ลืมกุญแจไว้ในบ้าน ลืมกุญแจไว้ในรถ สะเดาะกุญแจ กุญแจรถหาย เปิดตู้เซฟ\n",
        "description": "ช่างปิงปอง ช่างกุญแจ บริการ 24 ชม Tel.092-426-2629 \nID Line : Vichayasit\nติดต่อได้ที่เว็บไซด์\nhttps://sites.google.com/site/pongkey24hr/home\nhttps://www.facebook.com/Vickey24Hr\nhttps://www.facebook.com/Vichakey\n\nช่างกุญแจ 24 ชม เปิดบ้าน เปิดรถ ทำกุญแจทุกประเภท รถยุโรป รถญี่ปุ่น รถมอไซค์\nTel.092-426-2629 \nช่างกุญแจ สุวรรณภูมิ ช่างกุญแจ บางนา ช่างกุญแจ ร่มเกล้า ช่างกุญแจ ราม2 ช่างกุญแจ ลาดกระบัง ช่างกุญแจ ประเวศ ช่างกุญแจ เฉลิมพระเกียรติ ช่างกุญแจ อ่อนนุช ช่างกุญแจ ศรีนครินทร์ ช่างกุญแจ ลาซาน ช่างกุญแจ สุขุมวิท ช่างกุญแจ บางพลี ช่างกุญแจ บางบ่อ ช่างกุญแจ ฉะเชิงเทรา ช่างกุญแจ ชลบุรี ช่างกุญแจ อุดมสุข ช่างกุญแจ พัทยา ช่างกุญแจ \nช่างกุญแจ เขตพระนคร ช่างกุญแจ เขตดุสิต ช่างกุญแจ เขตหนองจอก ช่างกุญแจ ช่างกุญแจ เขตบางเขน ช่างกุญแจ เขตบางกะปิ ช่างกุญแจ เขตพระโขนง ช่างกุญแจ เขตมีนบุรี ช่างกุญแจ เขตลาดกระบัง ช่างกุญแจ เขตห้วยขวาง ช่างกุญแจ เขตดินแดง ช่างกุญแจ เขตบึงกุ่ม ช่างกุญแจ เขตจตุจักร ช่างกุญแจ เขตประเวศ ช่างกุญแจ เขตดอนเมือง ช่างกุญแจ เขตลาดพร้าว ช่างกุญแจ เขตหลักสี่ ช่างกุญแจ เขตสายไหม ช่างกุญแจ เขตวังทองหลาง ช่างกุญแจ เขตคลองสามวา ช่างกุญแจ เขตบางนา ช่างกุญแจ ห้วยขวาง ช่างกุญแจ รามอินทรา ช่างกุญแจ สุขาภิบาล ช่างกุญแจ รัชดาภิเษก ช่างกุญแจ รังสิต ช่างกุญแจ หนองจอก ช่างกุญแจ อุดมสุข ช่างกุญแจ ปากเกร็ด ช่างกุญแจ สะพานควาย\nช่างกุญแจ ดอนเมือง ช่างกุญแจ รังสิต ช่างกุญแจ แจ้งวัฒนะ ช่างกุญแจ ปทุมธานี ช่างกุญแจ บางปู ช่างกุญแจ นนทบุรี ช่างกุญแจ ลาดพร้าว ช่างกุญแจ ลำลูกกา ช่างกุญแจ คลองหลวง ช่างกุญแจ ธัญบุรี ช่างกุญแจ คลองเตย ช่างกุญแจ สุทธิสาร ช่างกุญแจ อ่อนนุช ช่างกุญแจ บางพลี ช่างกุญแจ จตุจักร ช่างกุญแจ สุขุมวิท ช่างกุญแจ ดินแดง ช่างกุญแจ ช่างกุญแจ ราษฎร์บูรณะ ช่างกุญแจ ลาดกระบัง ช่างกุญแจ ลาดพร้าว ช่างกุญแจ วังทองหลาง ช่างกุญแจ ธนบุรี ช่างกุญแจ พัฒนาการ ช่างกุญแจ สาทร ช่างกุญแจ สายไหม ช่างกุญแจ วิภาวดี ช่างกุญแจ หลักสี่ พระราม 2 ช่างกุญแจ ดอนเมือง ช่างกุญแจ ดินแดง ช่างกุญแจ กิ่งแก้ว ช่างกุญแจ บางกะปิ ช่างกุญแจ บางเขน ช่างกุญแจ บางนา ช่างกุญแจ พหลโยธิน ช่างกุญแจ ประเวศ ช่างกุญแจ ลาดกระบัง ช่างกุญแจ พระโขนง ช่างกุญแจ งามวงศ์วาน ช่างกุญแจ มีนบุรี ช่างกุญแจ พระราม 9 ช่างกุญแจ สุขุมวิท \nช่างกุญแจ พัฒนาชนบท ช่างกุญแจ เลียบกาญจนาพิเศษ\nรับเปิดบ้าน เปิดห้อง เปิดตู้ ช่างเปิดบ้าน ช่างเปิดรถ รับทำกุญแจรถยนต์ กุญแจฝังชิพ กุญแจรีโมท กุญแจหาย ทำกุญแจเพิ่ม ทำให้ดอกกุญแจที่หายไปไม่สามารถนำกลับมาใช้งานได้ เรามีเครือข่ายช่างกุญแจระดับมืออาชีพคอยให้บริการครอบคลุมทุกพื้นที่ในกทม.และปริมณฑล ลืมกุญแจไว้ในรถ ลืมกุญแจไว้ในบ้าน ลืมรหัสตู้เซฟ กุญแจหาย กุญแจรถหาย กุญแจบ้านหาย กุญแจเสีย กุญแจพัง กุญแจไขไม่ได้ \nบริการเปิด – ซ่อม – ทำกุญแจ รถทุกรุ่น กุญแจ BMW กุญแจ BENZ กุญแจ AUDI กุญแจ PORSCHE กุญแจ VOLVO กุญแจ MINI COOPER กุญแจ VOLKSWAGEN กุญแจ CHEVROLET กุญแจ TOYOTA กุญแจ HONDA กุญแจ NISSAN กุญแจ MAZDA กุญแจ MITSUBISHI กุญแจ Push Start กุญแจ Smartkey กุญแจ Keyless\nบริการทำกุญแจรถมอไซด์ทุกรุ่น กุญแจฝังชิพ Superbike กุญแจ Honda กุญแจ Yamaha กุญแจ Kawasaki กุญแจ Suzuki กุญแจ Ducati กุญแจ CBR กุญแจ SRR \nบริการเปิด – ซ่อม – ทำกุญแจตู้เซฟทุกรุ่น กุญแจ KINGDOM กุญแจ LEECO กุญแจ TAIYO กุญแจ CHUBB กุญแจ DIMOND กุญแจ SUPER SAFE กุญแจ INTER SAFE หารหัสตู้เซฟ\nบริการเปิด – เปลี่ยน – ซ่อม – ติดตั้งกุญแจบ้าน กุญแจคอนโด กุญแจหอพัก กุญแจประตูกระจก กุญแจ VVP กุญแจ Yale กุญแจ SOLO กุญแจ SOLEX กุญแจ Lucky กุญแจลิ้นชัก กุญแจโต๊ะ กุญแจตู้เอกสาร กุญแจสำนักงาน รับเหมาทำกุญแจสำนักงาน กุญแจโรงแรม",
        "emails": [
            "poodnaijai@hotmail.com"
        ],
        "id": "334504310084461",
        "location": {
            "city": "Bangkok",
            "country": "Thailand",
            "latitude": 13.72079860357,
            "longitude": 100.71512131119,
            "street": "ลาดกระบัง",
            "zip": "10520"
        },
        "name": "ช่างกุญแจรถ รีโมทรถยนต์ สะเดาะกุญแจ ช่างปิงปอง Tel.0956688966",
        "phone": "0924262629"
    },
    {
        "about": "สำหรับคนรักรถแข่งมอเตอร์ไซด์ทางเรียบ และชอบความเร็ว",
        "id": "166652293531407",
        "name": "ช่างทรเปาโลสุราษฎร์"
    },
    {
        "about": "รับถ่ายภาพ ปริญญา งานแต่ง งานบวช โปรไฟล์ Profile \n\nWedding pre wedding  ",
        "description": "รับถ่ายภาพทั้งในและนอกสถานที่ ในเขต กทม. และ ปริมณฑล นะครับ \n\n--- ให้เราเป็นส่วนหนึ่งในการเก็บความประทับใจของท่าน --- \n\n\nรับปริญญา ครึงวัน 3,000 / เต็มวัน 4,000\n\nถ่ายภาพ out door  2ชั่วโมงแรก 1,500   ชั่วโมงถัดไป ชั่วโมงละ 500 \n\n\nติดต่องาน ได้ที่ 087-409-0008 ป่าน / 089-919-4097 ป่าน\n\n\n",
        "emails": [
            "nutt_online@hotmail.com"
        ],
        "id": "478999182118180",
        "location": {
            "city": "กรุงเทพ",
            "street": "42 ซ. จรัญสนิทวงศ์ 74/1",
            "zip": "10700"
        },
        "name": "ช่างภาพรับปริญญา ถ่ายสินค้า สตูดิโอ   P\u0026N'Parnn Photographers",
        "phone": "087-409-0008 ป่าน / 089-919-4097 ป่าน"
    },
    {
        "about": "ช่างภาพอุดร,ตี๋ สมาย เว็ดดิ้ง สตูดิโอ,สตูดิโออุดร,รับถ่ายงานแต่งงาน",
        "description": "ฝากให้เราเป็นผู้ดูแล วันสำคัญของคุณ\nบริการรับถ่ายภาพด้วยหัวใจ ",
        "id": "233437850183036",
        "location": {
            "city": "Changwat Udon Thani",
            "country": "Thailand",
            "latitude": 17.410935174805,
            "longitude": 102.79219471024,
            "street": "58/7",
            "zip": "41000"
        },
        "name": "ช่างภาพอุดรธานี,ตี๋ สมาย เว็ดดิ้ง สตูดิโอ,สตูดิโออุดร,รับถ่ายงานแต่งงานอุดร",
        "phone": "0812629119"
    },
    {
        "about": "ช.มิวสิค จังหวัดชัยภูมิ",
        "id": "160333507500385",
        "name": "ช.ช้างมิวสิคชัยภูมิ - สำนักงาน"
    },
    {
        "description": "ช่างกลสยาม คือ สถาบันการศึกษาเอกชนที่มีชื่อเสียงในอันดับต้น ๆ ของประเทศไทย  ก่อตั้งขึ้นเมื่อ พ.ศ. 2508 ซึ่งในเริ่มแรกได้เปิดสอนใน 3 สาขาวิชา ได้แก่ ช่างยนต์ ช่างไฟฟ้ากำลัง และอิเล็กทรอนิกส์ ซึ่ง ณ ปััจจุบัน สถาบันแห่งนี้ ได้ถูกวิวัฒนาการจากการเจริญเติบโตของสังคมและปัจจัยอื่น ๆ ที่เร่งเร้า เป็นสถาบันที่ใหญ่โต มีการเปลี่ยนชื่อสถาบันกี่ครั้งต่อกี่ครั้งจนศิษย์เก่าบางท่านหรืออาจจะทุกท่านสับสน แต่ด้วยความมุ่งมั่นของเรา เหล่าศิษย์เก่าช่างกลสยาม จะขอใช้ชื่อสถาบันของเรา ว่า \" ช่างกลสยาม \"   สืบไป ณ กาลปาวสาน",
        "id": "114703978613182",
        "name": "ชมรมศิษย์เก่าช่างกลสยาม"
    },
    {
        "description": "ประวัติย่อ\nโรงเรียนช่างกลพระนครเหนือ เป็นที่\nทำงานของกรมโยธาธิการ สังกัดสำนักนายกรัฐมนตรี ซึ่งตั้งขึ้น\nเมื่อวันที่ 14 กรกฎาคม 2497 ประกอบด้วยตึกอ านวยการ โรงงานอลูมิเนียม 4 หลัง\n10 ห้อง บ้านพักคนงาน 14 หลัง บ้านพักเจ้าหน้าที่พัสดุ 1 หลัง โรงเก็บรถยนต์ 1\nหลัง สโมสรข้าราชการ 1 หลัง โรงสูบน้ าบาดาลและถังเก็บน้ าบาดาล 9 ถัง อยู่ใน\nที่ดิน 26 ไร่ ความประสงค์ที่ตั้งกรมโยธาธิการขึ้นมาก็เพื่อควบคุมการก่อสร้าง\nสถานที่ราชการนอกเขตเทศบาล และในต่างจังหวัดทั่วประเทศ และมีโครงการผลิต\nวัสดุก่อสร้างเพื่อจ าหน่ายแก่หน่ายราชการและประชาชนด้วยราคาถูกตลอดจนสร้าง\nบ้านราคาถูกเพื่อสงเคราะห์แก่ประชาชน\nกรมโยธาธิการได้ถูกยกเลิกในสมัยปฏิวัติ 16 กันยายน 2500 เพราะเห็นว่างานของกรมโยธาธิการไปพ้องกับงานของกรมโยธา\nเทศบาล จึงได้โอนกิจการต่างๆ และข้าราชการฝ่ายช่างให้กรมโยธาเทศบาลทั้งหมด ส่วนข้าราชการในส านักเลขานุการกรม ได้จัดแยกย้ายโอน\nไปยังหน่วยต่างๆ ตามวุฒิและความต้องการของหน่วยราชการนั้นๆ\nเมื่อกรมโยธาธิการถูกสั่งยุบแล้ว กรมโยธาเทศบาลต้องการสถานที่ทั้งหมดของ\nกรมโยธาธิการ และในขณะเดียวกัน มีนักเรียนที่ส าเร็จมัธยมปีที่ 6 สมัยนั้น หรือมัธยม 3\nในปัจจุบัน มีจ านวนมากที่ต้องการเรียนอาชีวศึกษาแผนกช่างกล อาจารย์สนั่น สุมิ ตร\nอธิบดีกรมอาชีวศึกษาในสมัยนั้น ได้ท าการติดต่อกระทรวงศึกษาธิการขอเปิดโรงเรียนช่าง\nกลขึ้นอีก 2 แห่ง คือช่างกลนนทบุรี และช่างกลพระนครเหนือ ในปีการศึกษา 2501 โดย\nส านักนายกรัฐมนตรีได้อนุมัติให้กระทรวงการศึกษาธิการใช้สถานที่เดิมของกรมโยธาธิ\nการเปิดเป็นโรงเรียน ช่างกลพระนครเหนือ รับนักเรียนรุ่นแรก จ านวน 803 คน ในภาค\nการศึกษาแรก วันที่ 17 พฤษภาคม 2501 แต่ไม่สามารถท าการเรียนการสอนได้ เนื่องจากกรมโยธาเทศบาลยังรับโอนพัสดุครุภัณฑ์ ตลอดจน\nข้าราชการไปยังไม่หมด ประกอบกับโรงเรียนส่งเสริมอาชีพก่อสร้าง ซึ่งเป็นนักศึกษาของกรมโ ยธาธิการเดิมยังไม่มีสถานที่ก่อตั้งโรงเรียนของ\nตนเอง จึงต้องอาศัยตึกอ านวยการเป็นสถานที่เรียนและสถานที่ท างานของกรมโยธาเทศบาล ช่างกลพระนครเหนือจึงยังไม่มีที่เรียน\nก่อนเปิดการเรียนการสอนของโรงเรียนช่างกลพระนครเหนือ เมื่อเป็นที่แน่นอน\nว่า สถานที่คือกรมโยธาธิการ อาจารย์สิทธิผล พลาชีวิน จึงได้มอบหมายให้อาจารย์จรัส\nกฤษณะจินดา น าครู อาจารย์ช่างกลปทุมวัน 10 คน มาท าการย้าย เพื่อจัดสถานที่ในการ\nเรียนการสอน โดยน านักเรียนฝึกหัดครูช่างกลจ านวน 20 คน มาช่วยขนย้าย และจัด\nสถานที่เรียนในโรงงานอลูมิเนียม 4 หลัง 10 ห้อง ให้เป็นโรงเรียนและฝึกงาน พร้อมกัน\nนั้น ได้เปิดรับครู อาจารย์ เพิ่มขึ้นอีกเป็นการจ้างชั่วคราว 40 คนและกว่าจะจัดสถานที่\nพร้อมท าการสอนได้ประมาณเดือนกรกฎาคม แต่โดยที่ถือว่าวันที่ 14 กรกฎาคม เป็นวัน\nคล้ายวันสถาปนา เพราะกรมโยธาธิการได้สถาปนาใน วันที่ 14 กรกฎาคม พ .ศ. 2497\nดังนั้น โรงเรียนช่างกลพระนครเหนือ จึงถือเอาวันที่ 14 กรกฎาคม ของทุกปีเป็นวันคล้าย\nวันสถาปนาจนมาถึงปัจจุบันนี้ แต่ไม่ใช่ว่าเปิดเรียนในปีแรกในวันที่ 14 ก.ค. 2501\nการเรียนการสอนในรุ่นแรกนี้มีนักเรียนจ านวน 803 คน แบ่งเป็น 2 รอบ คือรอบ\nเช้า 400 คน รอบบ่าย 403 คน จ านวนรอบละ 10 ห้องเรียน ห้องเรียนละ 40คน ห้อง\nสุดท้าย 43 คน ผลัดเรียนทฤษฎีและปฏิบัติ โดยรอบเช้า 10 ห้อง เรียนภาคปฏิบัติในเวลา\n09.00-12.00 น. และรอบเช้า 10 ห้องเรียนปฏิบัติ และรอบบ่ายเรียนทฤษฎีในตอนบ่าย\nคือเวลา 13.00-16.00 น. ส่วนครู-อาจารย์ที่สอนมาจากช่างกลปทุมวัน 12 คน โอนมา\nจากกรมโยธาธิการ 2 คน นอกนั้นเป็นครูลูกจ้างชั่วคราวประมาณ 43 คน\nต่อมาในปี2502เมื่อกรมอาชีวศึกษาได้รับโอนที่ดินอาคารจากส านักนายกรัฐมนตรีแล้วได้รับค าสั่งจากกระทรวงศึกษาธิการให้แบ่งส่วน\nหนึ่งให้กับโรงเรียนช่างกลไทย- เยอรมัน ปัจจุบันคือ มหาวิทยาลัยเทคโนโลยีพระจอมเกล้าพระนครเหนือ เป็นเนื้อที่ประมาณ 11 ไร่ พร้อม\nบ้านพักจ านวน 6 หลัง ซึ่งอยู่ฝั่งตรงข้าม โดยมีถนนพิบูลสงครามเป็นเส้นแบ่งเขต\nโรงเรียนช่างกลพระนครเหนือ ได้แยกออกจากโรงเรียนช่างกลปทุมวันในปี 2502\nเพราะการบริหารโรงเรียนไม่สะดวก เดิมนั้นรวมกิจการและอาจารย์ใหญ่คนเดียวกันกับ\nโรงเรียนช่างกลปทุมวัน โดยที่นักเรียนที่เข้าเรียนในโรงเรียนช่างกลพระนครเหนือ จะไป\nสมัครเรียนและสอบที่โรงเรียนช่างกลปทุมวัน แล้วทางโรงเรียนช่างกลปทุมวันจะได้\nด าเนินการสอบคัดเลือกส่งมาเรียนที่โรงเรียนช่างกลพระนครเหนือ\nต้นปีการศึกษา 2502 อาจารย์กิตติ ภมร ได้รับแต่งตั้งให้ด ารงต าแหน่งอาจารย์\nใหญ่โรงเรียนช่างกลพระนครเหนือ ในปีนั้นมีนักเรียนทั้งรอบเช้า รอบบ่ายประมาณ 1,600\nคนเศษ ได้รับงบประมาณสร้างอาคารไม้ส าหรับเป็นห้องเรียน 1 หลัง ใช้เป็นอาคารเรียน\nของนักเรียนชั้นปี่ที่ 2 ชั้นปีที่ 1 ยังคงใช้โรงฝึกงานเป็นที่เรียน ต่อมาเมื่อกรมโยธาเทศบาล\nและโรงเรียนส่งเสริมอาชีพก่อสร้างได้ขนย้ายไปหมดแล้ว จึงได้ใช้อาคารอ านวยการเป็น\nห้องเรียนชั้นปีที่ 1 อาจารย์กิตติ ภมร เป็นอาจารย์ใหญ่ได้ประมาณ 2 ปี ได้งบประมาณ\nสร้างอาคารไม้ขึ้นอีก 1 หลัง และอาจารย์กิ ตติ ภมร ได้ย้ายเป็นศึกษานิเทศก์ กรม\nอาชีวศึกษา (อาคารไม้ทั้ง 2 หลัง ปัจจุบันคือ อาคารสาขาวิชาเทคโนโลยีแม่พิมพ์\nเครื่องประดับ, อาคารอนุสรณ์40ปี, อาคารเครื่องจักรอัตโนมัติ)\nในปี พ.ศ. 2520 ได้เปลี่ยนชื่อจากโรงเรียนช่างกลพระนครเหนือ มาเป็น วิทยาลัย\nเทคโนโลยีและอาชีวศึกษา วิทยาเขตพระนครเหนือ สังกัดกระทรวงศึกษาธิการ ตามพระราชบัญญัติวิทยาลัยเทคโนโลยีและอาชีวศึกษา\nพุทธศักราช 2518 โดยได้โอนกิจการบางส่วนของกรมอาชีวศึกษา กระทรวงศึกษาธิการมาสังกัด วิทยาลัยเทคโนโลยีและอาชีวศึกษา\nวิทยาเขตพระนครเหนือได้เจริญก้าวหน้ามาเป็นล า ดับ มีความเปลี่ยนแปลงฐานะจากโรงเรียน มาเป็นวิทยาลัย และ เมื่อวันที่ 13\nกันยายน 2531 พระบาทสมเด็จพระเจ้าอยู่หัวรัชกาลปัจจุบันทรงพระกรุณาโปรดเกล้า พระราชทานนามใหม่แก่วิทยาลัยเทคโนโลยีและ\nอาชีวศึกษา ว่า “สถาบันเทคโนโลยีราชมงคล” โดยเป็น วิทยาเขตในสังกัดสถาบันเทคโนโลยีราชมงคลมีชื่อเต็มว่า“สถาบันเทคโนโลยีราชมงคล\nวิทยาเขตพระนครเหนือ” ",
        "id": "227851327256789",
        "location": {
            "street": "1381 ถนน พิบูลสงคราม เขต บางซื่อ แขวง บางซื่อ กทม. 10800"
        },
        "name": "สถาบันเทคโนโลยีราชมงคล วิทยาเขตพระนครเหนือ (ช่างกลพระนครเหนือ)",
        "phone": "02 - 9132424"
    },
    {
        "about": "พื้นที่ประชาสัมพันธ์ข่าวสาร และ ข้อมูลปัจจุบันของสาขาออกแบบภายใน",
        "id": "644287159005804",
        "location": {
            "city": "Bangkok",
            "country": "Thailand",
            "latitude": 13.77738,
            "longitude": 100.4851303,
            "street": "วิทยาลัยเพาะช่าง",
            "zip": "10200"
        },
        "name": "สาขาออกแบบภายใน วิทยาลัยเพาะช่าง"
    },
    {
        "about": "รับทำกุญแจครบวงจร..รับทำรีโมทเพิ่มเติม..ซ่อมนาฬิกา,เปลี่ยนถ่านนาฬิกา,ถ่านรีโมท",
        "description": "บริการงานกุญแจ เปิดรถ เปิดบ้าน กัดดอก ทำเพิ่ม รับทำกุญแจกรณีดอกหายอาทิ กุญแจรถยนต์ มอไซต์ รถเครื่อง รถเกี่ยว รถไถ รถไฟฟ้า สกูตเตอร์ แม็คโคร คูโบต้า ซาเล้ง รถถีบ สิบล้อ สามล้อ ตุ้กตุ้ก รถบรรทุก รถเมล์ ลูกบิด ประตูเลื่อน บานสวิง สี่แฉก ตู้เซฟ โต๊ะทำงาน ตู้เอกสาร ตู้จดหมาย โซเล็กซ์ โซโล.\nรับทำกุญแจรถยนต์อิมโมบิไลเซอรฝังชิพ\nรบก็อปปี้รีโมทเพิ่มและเปลี่ยนถ่านรีโมทคุณภาพมราตราฐานศูนย์  \nบริการงานซ่อมนาฬิกา เช็คเครื่อง ล้างเครื่อง เปลี่ยนถ่าน เปลี่ยนสาย เปลี่ยนกระจก ถ่านรีโมทรถ เครื่องชั่งน้ำหนัก เครื่องคิดเลข เกมกด ทามาก็อต เพจเจอร์ เฟอร์บี้ เวอร์เนียว รับทำแก้ไขนาฬิกาแขวนผนัง",
        "emails": [
            "patiroop03@gmail.com"
        ],
        "id": "608918295862950",
        "location": {
            "city": "Bangkok",
            "country": "Thailand",
            "latitude": 13.99219,
            "longitude": 100.78867,
            "street": "Lam Luk Ka Patumtani Thailand",
            "zip": "12150"
        },
        "name": "ช่างกุญแจตลาดเอซี ลำลูกกา คลองสี่ สายไหม 085-1717852 รับเปิดกุญแจทุกชนิด",
        "phone": "085-1717-852"
    },
    {
        "about": "เพจนี้สร้างขึ้นสำหรับคนชอบแต่งช่าง,เรียนช่าง",
        "id": "288328214593240",
        "name": "'สมาคมนิยมช่าง'"
    },
    {
        "about": "แกะสลักพระหิน หยก อัญมณี โดยช่างเจมส์ ผู้ชำนาญการ",
        "description": "ช่างเจมส์ รับแกะสลักพระหยก อัญมณี หิน เช่น หินแม่น้ำโขง หินขาว หินดำ หินพม่า เวียดนาม โดยทีมงานคุณภาพมืออาชีพ รับประกันคุณภาพสินค้าทุกชิ้นงาน สนใจสอบถามเพิ่มเติม โทร. 085-0360307 (สนใจสามารถโทรไปสอบถามได้เลยครับ เพราะถ้าทักใน Message อาจไม่ได้ตอบกลับนะครับ)",
        "id": "589893161089322",
        "name": "แกะสลักพระหิน หยก อัญมณี โดยช่างเจมส์ ผู้ชำนาญการ"
    }
]