[
    {
        "about": "นักปฎิบัติการชุมชน \nสถาบันพัฒนาองค์กรชุมชน\nกระทรวงการพัฒนาสังคมและความมั่นคงของมนุษย์",
        "id": "472253316181087",
        "name": "สจ.ช้าง สุพัฒพงศ์ แย้มอิ่ม"
    },
    {
        "id": "148475111996963",
        "location": {
            "city": "Bangkok",
            "country": "Thailand",
            "latitude": 13.922432370514,
            "longitude": 100.64722274723,
            "street": "ถนนสายไหม ซอยสายไหม23",
            "zip": "10220"
        },
        "name": "ช่างเอก สายไหม 23",
        "phone": "0822223734"
    },
    {
        "about": "หลังคาเมทัลซีต , ฉนวนกันความร้อน , งานเหล็ก , ฝ้า .ตกเเต่งภายใน ,ไฟฟ้า , แอร์ ครบวงจร",
        "description": "หลังคาเมทัลชีท , ฉนวนกันความร้อน , งานเหล็ก , ฝ้าเพดาน .ตกเเต่งภายใน ,ไฟฟ้า , แอร์ , จานดาวเทียม , กล้องวงจรปิด , งานประปา , งานรื้อถอน , งานจัดสวน  ครบวงจร",
        "emails": [
            "sakda6299@gmail.com"
        ],
        "id": "292943630849320",
        "location": {
            "city": "Lamphun",
            "country": "Thailand",
            "latitude": 18.53688,
            "longitude": 99.07746,
            "street": "34/2หมู่ 5 ต.ในเมือง อ.เมือง จ.ลำพูน",
            "zip": "51000"
        },
        "name": "ช่าง อู๋ รับเหมาสร้างบ้าน งานก่อสร้างทุกชนิด ครบวงจร เชียงใหม่ ลำพูน",
        "phone": "0875766299"
    },
    {
        "about": "รับสมัครช่าง คนถักโครเชต์ รับซื้องานถัก",
        "id": "721138684566116",
        "location": {
            "city": "Bangkok",
            "country": "Thailand",
            "latitude": 13.85238,
            "longitude": 100.4887,
            "street": "129/912 ม. 3 ต.บางรักน้อย อ.เมืองนนทบุรี",
            "zip": "11000"
        },
        "name": "รับสมัครช่าง คนถักโครเชต์"
    },
    {
        "about": "รับสะเดาะกุญแจ เปิดบ้าน เปิดรถ สุวรรณภูมิ ลาดกระบัง ร่มเกล้า ประเวศ ฉุกเฉิน ติดต่อที่ 092-426-2629",
        "description": "ปอง ช่างกุญแจ บริการ 24 ชม Tel.092-426-2629\nID Line : Vichayasit\nติดต่อได้ที่เว็บไซด์\nhttps://sites.google.com/site/pongkey24hr/home\nhttps://www.facebook.com/pongopenkey\n\nช่างกุญแจ 24 ชม เปิดบ้าน เปิดรถ ทำกุญแจทุกประเภท รถยุโรป รถญี่ปุ่น รถมอไซค์\nTel.092-426-2629\nช่างกุญแจ สุวรรณภูมิ ช่างกุญแจ บางนา ช่างกุญแจ ร่มเกล้า ช่างกุญแจ ราม2 ช่างกุญแจ ลาดกระบัง ช่างกุญแจ ประเวศ ช่างกุญแจ เฉลิมพระเกียรติ ช่างกุญแจ อ่อนนุช ช่างกุญแจ ศรีนครินทร์ ช่างกุญแจ ลาซาน ช่างกุญแจ สุขุมวิท ช่างกุญแจ บางพลี ช่างกุญแจ บางบ่อ ช่างกุญแจ ฉะเชิงเทรา ช่างกุญแจ ชลบุรี ช่างกุญแจ อุดมสุข ช่างกุญแจ พัทยา ช่างกุญแจ เขตบางนา ช่างกุญแจ พัฒนาชนบท ช่างกุญแจ เลียบกาญจนาพิเศษ\nรับเปิดบ้าน เปิดห้อง เปิดตู้ ช่างเปิดบ้าน ช่างเปิดรถ รับทำกุญแจรถยนต์ กุญแจฝังชิพ กุญแจรีโมท กุญแจหาย ทำกุญแจเพิ่ม ทำให้ดอกกุญแจที่หายไปไม่สามารถนำกลับมาใช้งานได้ เรามีเครือข่ายช่างกุญแจระดับมืออาชีพคอยให้บริการครอบคลุมทุกพื้นที่ในกทม.และปริมณฑล ลืมกุญแจไว้ในรถ ลืมกุญแจไว้ในบ้าน ลืมรหัสตู้เซฟ กุญแจหาย กุญแจรถหาย กุญแจบ้านหาย กุญแจเสีย กุญแจพัง กุญแจไขไม่ได้ \nบริการเปิด – ซ่อม – ทำกุญแจ รถทุกรุ่น กุญแจ BMW กุญแจ BENZ กุญแจ AUDI กุญแจ PORSCHE กุญแจ VOLVO กุญแจ MINI COOPER กุญแจ VOLKSWAGEN กุญแจ CHEVROLET กุญแจ TOYOTA กุญแจ HONDA กุญแจ NISSAN กุญแจ MAZDA กุญแจ MITSUBISHI กุญแจ Push Start กุญแจ Smartkey กุญแจ Keyless\nบริการทำกุญแจรถมอไซด์ทุกรุ่น กุญแจฝังชิพ Superbike กุญแจ Honda กุญแจ Yamaha กุญแจ Kawasaki กุญแจ Suzuki กุญแจ Ducati กุญแจ CBR กุญแจ SRR \nบริการเปิด – ซ่อม – ทำกุญแจตู้เซฟทุกรุ่น กุญแจ KINGDOM กุญแจ LEECO กุญแจ TAIYO กุญแจ CHUBB กุญแจ DIMOND กุญแจ SUPER SAFE กุญแจ INTER SAFE หารหัสตู้เซฟ\nบริการเปิด – เปลี่ยน – ซ่อม – ติดตั้งกุญแจบ้าน กุญแจคอนโด กุญแจหอพัก กุญแจประตูกระจก กุญแจ VVP กุญแจ Yale กุญแจ SOLO กุญแจ SOLEX กุญแจ Lucky กุญแจลิ้นชัก กุญแจโต๊ะ กุญแจตู้เอกสาร กุญแจสำนักงาน รับเหมาทำกุญแจสำนักงาน กุญแจโรงแรม",
        "id": "1442861429341427",
        "location": {
            "city": "Lat Krabang",
            "country": "Thailand",
            "latitude": 13.722042433921,
            "longitude": 100.70813002753,
            "street": "ลาดกระบัง",
            "zip": "10520"
        },
        "name": "ช่างกุญแจ ลาดกระบัง สุวรรณภูมิ ร่มเกล้า ประเวศ โทร 092-426-2629",
        "phone": "0924262629"
    },
    {
        "about": "ผลิต จำหน่าย ขาย เครื่องเลื่อยสายพาน สำหรับงานไม้ รับออกแบบและผลิตเครื่องเลื่อยสายพาน ",
        "id": "416448401788645",
        "location": {
            "city": "Srakeo",
            "country": "Thailand",
            "latitude": 13.514450853703,
            "longitude": 102.17599251317,
            "street": "28ก. หมู่1 ต.วังน้ำเย็น อ.วังน้ำเย็น จ.สระแก้ว",
            "zip": "27210"
        },
        "name": "เครื่องเลื่อยสายพาน สยามการช่างการเกษตร",
        "phone": "0879767210 "
    },
    {
        "about": "สนใจเครื่องดนครีอีสานทุกชนิด ติดต่อช่างสืบได้ ที่เบอร์.089-422-668-3",
        "id": "152282418299479",
        "name": "ขายเครื่องดนตรีอีสานบ้านท่าเรือ แคน จากแหล่งผลิต ราคาถูก โดยช่างสืบศักดิ์"
    },
    {
        "about": "สอนซ่อมประกอบคอมพิวเตอร์ PC/Notebook/มือถือ/i-phone อย่างมืออาชีพ\n  เรียน/สอนไอทีครบวงจรในโคราช",
        "description": "สอนซ่อมประกอบคอมพิวเตอร์ Pc/โน๊ตบุ๊ค(notebook) แบบมืออาชีพในโคราช สอนซ่อมโน๊ตบุ๊ค ในโคราช สอนซ่อม  แท็บเล็ต   smart phone หลากหลายรุ่น\nสอนการใช้งาน winXP/7/8 ,Microsoft office2007/2010,internet,Facebook \nสอนการสร้าง/ออกแบบ Graphice \u0026 Web Design\nสอนการซ่อมโทรศัพท์มือถือ Software  i-phone,BB,Smartphone,Android\nสอนการเขียนโปรแกรมภาษา C,C+,C#,.NET,JAVA , Oracle,SQL\nสอนการเขียนแบบก่อสร้าง/เครื่องกล/ไฟฟ้า Autocad 2D/3D,Solidwork/edg\n โดยอาจารย์ผู้เชี่ยวชาญเฉพาะทาง จาก ม.มหานคร/ม.เทคโนโคราช/ม.พระจอมเกล้าบางมด\n\nสามารถเปิดร้านได้ทันที่ มีใบประกาศนียบัตร รับรองโดยกระทรวงศึกษาธิการ\nอาชีพช่างคอมพิวเตอร์ไม่มีวันตกงาน\n\nโดย อ.เล็ก วิธิสรรค์ ชาญชนะโยธิน ผู้มีประสบการณ์ซ่อมคอมพิวเตอร์มากว่า 15 ปี\nและเป็นผู้เชี่ยวชาญการสอนโดย เทคนิค จิตตะซ่อมคอมพิวเตอร์ แต่เพียงผู้เดี่ยวในประเทศไทย/โคราช \nทำได้เป็น ทำได้จริง ในระยะเวลาอันสั้น\n\nแห่งเดียวในภาคตะวันออกเฉียงเหนือ/อีสาน ที่เปิดสอน linux Ubantu Server แยก Game/net 2-5 สาย และการทำ NOHDD\nราคาถูกที่สุด\nสำหรับผู้ประกอบการร้าน Game/net\n\nและทีมงานอาจารย์ที่เชี่ยวชาญการสอนเฉพาะด้านไอทีอย่างมืออาชีพ จาก มทส./เทคโนโคราช/ม.เทคโนมหานคร\n\nสนใจติดต่อ โรงเรียนช่างเทคนิคคอมพิวเตอร์ สาขานครราชสีมา ชั้น 4 คลังพลาซ่า\nโทร. 044-260326 , 081-8783200\nhttp://www.facebook.com/tcskorat",
        "emails": [
            "lek789@hotmail.com"
        ],
        "id": "202967456411331",
        "location": {
            "city": "Nakhon Ratchasima",
            "country": "Thailand",
            "latitude": 14.9596004,
            "longitude": 102.0606308,
            "street": "ชั้น 5 ห้างคลังพลาซ่าจอมสุรางค์",
            "zip": "30000"
        },
        "name": "โรงเรียนช่างเทคนิคคอมพิวเตอร์(สถาบันพัฒนาเทคนิค ไอที นครราชสีมา)"
    },
    {
        "about": "รับจัดอะไหล่ไฟหน้า/กันชัน/มองข้างbmwe60e39e66e90z4 benz211s280c180ยุโรป/ญี่ปุ่นทุกรุ่น",
        "description": "ขายของมือ2",
        "emails": [
            "thavechai2010@hotmail.com"
        ],
        "id": "264437517011581",
        "location": {
            "street": "810 จรัล 13 ปากซอยบาวงแวก78",
            "zip": "10160"
        },
        "name": "ทวีชัยการช่าง ขายไฟหน้ารถยนต์มือสองแท้ทุกรุ่นกะบะ เก๋ง ไฟแต่งแท้",
        "phone": "0814310403"
    },
    {
        "id": "352858688151571",
        "location": {
            "city": "Samut Prakan",
            "country": "Thailand",
            "latitude": 13.59946,
            "longitude": 100.59695,
            "street": "ช่างกุญแจสมุทรปราการ กรุงเทพมหานคร",
            "zip": "10000"
        },
        "name": "ช่างกุญแจสมุทรปราการ 082 473 1555",
        "phone": "0824731555"
    },
    {
        "id": "164470610384474",
        "location": {
            "city": "Bangkok",
            "country": "Thailand",
            "latitude": 13.7483797,
            "longitude": 100.5632706,
            "street": "สุขุมวิท สาทร สีลม ลวงหลวง กรุง้ทพ",
            "zip": "10260"
        },
        "name": "ช่างกุญแจสุขุมวิท 082 473 1555 รับซื้อตู้เซฟ รับเปิดตู้เซฟ",
        "phone": "0824731555"
    },
    {
        "id": "166831243366334",
        "name": "ช่างเทคนิคสถาปัตยกรรม เทคโนโลยีนครปฐม"
    },
    {
        "about": "รับโมดิฟายเครื่องยนต์ เบนซิล และ ดีเซล",
        "description": "รับวางเครื่องยนต์ทั้งเบนซิลและดีเซล\nรับติดตั้งแก็สรถยนต์",
        "emails": [
            "golff.s15@gmail.com"
        ],
        "id": "498821086830235",
        "location": {
            "latitude": 14.66847931113,
            "longitude": 100.37988814176,
            "street": "27/2 หมู่7 ตำบล โคกพุทรา อำเภอโพธิ์ทอง",
            "zip": "14120"
        },
        "name": "ส.บุญฤทธิ์เซอร์วิส - อู่ช่างกอล์ฟโพธิ์ทอง",
        "phone": "0871157713"
    },
    {
        "about": "เครื่องมือช่าง และ เครื่องใช้ไฟฟ้า มีทั้งใหม่ และมือสอง\nราคาถูกค่ะ",
        "description": "ขายเครื่องมือช่าง และ เครื่องใช้ไฟฟ้า มีทั้งใหม่ และมือสอง\nจำหน่ายในราคาถูกค่ะ \nร้านอยู่แถวคูเมือง จ.เชียงใหม่ ค่ะ\nสนใจสินค้าสอบถามได้ค่ะ  โทร.  095-5631021\nE-mail : mawnamnaja@gmail.com\nชมสินค้าเพิ่มเติมได้ที่  http://namwantools.lnwshop.com/\nLine ID : namwanja",
        "id": "347620975404339",
        "name": "เครื่องมือช่าง และ เครื่องใช้ไฟฟ้า มีทั้งใหม่ และมือสอง"
    },
    {
        "about": "บริการเปิดบ้าน เปิดรถยนต์ นอกสถานที่ ลืม หาย เราเปิดได้ 081-6967332",
        "description": "ช่างกุญแจ OKD-KEY Service 24hr ช่างกุญแจ ปทุมธานี 081-6967332 www.okd-key.com บริการ เปิดบ้าน เปิดรถยนต์ นอกสถานที่ รับทำกุญแจรถยนต์ ญี่ปุ่น ยุโรป ระบบกุญแจฝังชิพ Immobilizer กุญแจรีโมท กุญแจบ้าน รถยนต์หายหมดทำใหม่ได้้ มาตราฐานศูนย์ บริการว่องไว มีปัญหาเรื่องกุญแจ โทรเลย 081-6967332 บริการเปิดบ้าน ลูกบิด แม่กุญแจ ลืมกุญแจบ้านกุญแจหาย กุญแจสายยู ประตูกระจก\nบริการเปิดรถยนต์ ลืมกุญแจรถ กุญแจหาย\n- Mercedes-Benz. C180. C200. C250. E200. E240. E250. S320\n- BMW. 318i. 320d. 325i. 520d. 525i. 730il. 730ld. X1. X3. X5. X6. BMWMini. Series 3 5 7\n- Volkswagen. Beetle. Polo. Golf. Jetta. Passat. Touran. Sharan. Phaeton. Tiguan. Touareg\n- Volvo. S80. XC90\n- Toyota Camry. Altis. Vigo. Vios\n- Honda. Accord. City. Civic. Cr-v. Jazz. Freed. Brio.\n- Ford. Escape. Everest. Focus. Fiesta. Ranger\n- Mazda2 Mazda3\n- Hyundai. H1. Sonata\n- Nissan. March. Tiida. Almera. Teana\n- ISUZU. D-Max. V-Cross. Mu-7\nบริการเปิดตู้เซฟ\nช่างกุญแจ ปทุมธานี ช่างกุญแจ รังสิต ช่างกุญแจ ดอนเมือง ช่างกุญแจ สายไหม ช่างกุญแจ ธัญบุรี ช่างกุญแจ ลำลูกกา ช่างกุญแจ คลองหลวง ช่างกุญแจ นวนคร ช่างกุญแจ นครนายก ช่างกุญแจ วังน้อย ช่างกุญแจ องครักษ์ ช่างกุญแจ สะพานใหม่",
        "emails": [
            "kapolotum@gmail.com"
        ],
        "general_info": "ช่างกุญแจ OKD-KEY Service 24hr ช่างกุญแจ ปทุมธานี 081-6967332 www.okd-key.com บริการ เปิดบ้าน เปิดรถยนต์ นอกสถานที่ รับทำกุญแจรถยนต์ ญี่ปุ่น ยุโรป ระบบกุญแจฝังชิพ Immobilizer กุญแจรีโมท กุญแจบ้าน รถยนต์หายหมดทำใหม่ได้้ มาตราฐานศูนย์ บริการว่องไว มีปัญหาเรื่องกุญแจ โทรเลย 081-6967332 บริการเปิดบ้าน ลูกบิด แม่กุญแจ ลืมกุญแจบ้านกุญแจหาย กุญแจสายยู ประตูกระจก\nบริการเปิดรถยนต์ ลืมกุญแจรถ กุญแจหาย\n- Mercedes-Benz. C180. C200. C250. E200. E240. E250. S320\n- BMW. 318i. 320d. 325i. 520d. 525i. 730il. 730ld. X1. X3. X5. X6. BMWMini. Series 3 5 7\n- Volkswagen. Beetle. Polo. Golf. Jetta. Passat. Touran. Sharan. Phaeton. Tiguan. Touareg\n- Volvo. S80. XC90\n- Toyota Camry. Altis. Vigo. Vios\n- Honda. Accord. City. Civic. Cr-v. Jazz. Freed. Brio.\n- Ford. Escape. Everest. Focus. Fiesta. Ranger\n- Mazda2 Mazda3\n- Hyundai. H1. Sonata\n- Nissan. March. Tiida. Almera. Teana\n- ISUZU. D-Max. V-Cross. Mu-7\nบริการเปิดตู้เซฟ\nช่างกุญแจ ปทุมธานี ช่างกุญแจ รังสิต ช่างกุญแจ ดอนเมือง ช่างกุญแจ สายไหม ช่างกุญแจ ธัญบุรี ช่างกุญแจ ลำลูกกา ช่างกุญแจ คลองหลวง ช่างกุญแจ นวนคร ช่างกุญแจ นครนายก ช่างกุญแจ วังน้อย ช่างกุญแจ องครักษ์ ช่างกุญแจ สะพานใหม่",
        "id": "542128519166745",
        "location": {
            "city": "Bangkok",
            "country": "Thailand",
            "latitude": 14.013394116667,
            "located_in": "140236812710305",
            "longitude": 100.62197685,
            "zip": "12130"
        },
        "name": "ตั้ม ช่างกุญแจ รังสิต ปทุมธานี ลำลูกกา สายไหม คลองหลวง 24 ชม. 081-6967332",
        "phone": "081-696-7332"
    },
    {
        "about": "\" ไม่มีอะไรที่เป็นไปไม่ได้ \"",
        "id": "423708464310349",
        "location": {
            "city": "Bangkok",
            "country": "Thailand"
        },
        "name": "สมาคม \"คนช่างเพ้อ\""
    },
    {
        "about": "การถ่ายภาพ ฝึกทักษะในการถ่ายภาพ และเสริมการเรียนรู้การถ่ายภาพในลักษณะต่าง ๆ ",
        "description": "หลักการและเหตุผลในการจัดตั้งชมรม\n\tในสภาพสังคมและวงการในการถ่ายภาพไม่ว่าจะเป็นสังคมสู่ตลาดแรงงานเกี่ยวการภาพถ่าย, สังคมแห่งศิลปะการถ่ายภาพ, หรือสังคมในวงการประกวดภาพ ในการยอมรับถึงผลงานและความสามารถในการถ่ายภาพมีความจำเป็นยิ่งในการสมัครเข้าทำงานในด้านภาพถ่าย เพราะเป็นการบ่งชี้ถึงทักษะและความชำนาญของภาพถ่ายในลักษณะต่าง ๆ \n\tผู้ที่สนใจในศาสตร์แห่งการถ่ายภาพย่อมต้องการความรู้อย่างจริงจัง ไม่ใช่การเรียนรู้ในระยะเวลาอันสั้นหรือวงจำกัดแห่งเวลา การป้อนวิชาความรู้ให้แก่ผู้ต้องการจึงต้องอาศัยเทคนิคในการให้ความรู้เหล่านั้นเพื่อประสิทธิผลในการเรียนรู้และนำไปใช้ประโยชน์ในวงการวิชาชีพหรือในชีวิตประจำวัน เนื่องจากการถ่ายภาพเป็นศิลปะที่ต้องทำความเข้าใจและอยู่ในความต้องการของสังคมทั่วไป ศิลปะจึงไม่อยู่นิ่งหรือคงที่ จำเป็นอย่างยิ่งที่ผู้สนใจต้องไขว่คว้าหาความรู้ด้วยตนเองไม่ว่าผิดหรือถูก ต้องทำการทดลอง แต่หากมีผู้อื่นที่รู้เรื่องราวต่างๆเหล่านั้นบอกแนวทาง จะทำให้ผู้ที่สนใจในการถ่ายภาพเหล่านั้นได้รับข้อมูลข่าวสารและมีการแลกเปลี่ยนความรู้แบบฉันมิตร,แบบพี่แบบน้อง,แบบครูสอนศิษย์ หรือแบบถ่ายเทความรู้ซึ่งกันและกันจะทำให้ศาสตร์แห่งศิลปะทางการถ่ายภาพมิใช่ศาสตร์อันเร้นลับอีกต่อไป\n\tปัญหาที่สำคัญของผู้ที่จบหรือสำเร็จวิชาช่างภาพซึ่งเริ่มประกอบอาชีพในวงสังคมที่ประสบมากที่สุดได้แก่การแสดงตัวว่าเป็นศิษย์สารพัดช่างสี่พระยา เพราะหากเอ่ยคำนี้ขึ้นมาเมื่อไรจะเกิดปฏิกริยาของสังคมที่มีต่อศิษย์คนนั้น เกิดความกังขาจากสังคมที่ว่า จบจากสารพัดช่างทำอะไรได้ จะทำงานกับอุปกรณ์อันมีค่าให้ได้ประสิทธิภาพมากเท่าไร การที่เรียนที่สารพัดช่างประมาณ 3 เดือนจะได้อะไร เนื้อหาแน่นแค่ไหน จะสู้พวกที่จบเทคนิคกรุงเทพได้หรือไม่  จะสู้กับพวกที่อบรมกับชมรมเปิดกล้องส่องโลกได้มากเท่ากันไหม เพราะชมรมเปิดกล้องส่องโลกของคุณทอม เชื้อวิวัฒน์ให้ลงมือปฏิบัติการถ่ายอย่างจริงจัง ปัญหาเหล่านี้หากเปลี่ยนจากการนำใบประกาศนียบัตรของโรงเรียนสารพัดช่างไปสมัครงานเพียงใบเดียว เป็นการนำใบแสดงความสามารถจากชมรมแนบเพื่อความมั่นใจของตลาดแรงงาน,บริษัท,ร้านต่าง ๆ น่าจะทำให้เกิดการยอมรับผู้ที่จบการศึกษาในหลักสูตรวิชาชีพระยะสั้น แผนกวิชาช่างภาพได้ดีกว่า  นอกจากนั้นน่าจะเป็นจุดของความมั่นคงในความสามารถของศิษย์สารพัดช่างอีกแนวทางหนึ่ง\n\tการรวมตัวอย่างถูกวิธีของผู้ที่ศึกษาจบในวิชาช่างภาพซึ่งเดิมสอนเฉพาะรายวิชาช่างภาพขาว-ดำนั้น เป็นผลดีต่อทางแผนกวิชาเมื่อเปิดรายวิชาระดับที่ 2 ที่สูงขึ้นคือการถ่ายภาพสีและภาพยนตร์ เพราะสามารถติดต่อกับสมาชิกชมรมที่ต้องการเรียนจริงถูกเป้าประสงค์ของการศึกษา ลดปัญหาแห่งการออกกลางคันได้มาก และยังสามารถควบคุมตลาดแรงงานได้ในโอกาสต่อไป\n\t“กลุ่มช่างภาพสารพัดช่างสี่พระยา”ซึ่งรวมตัวกันประมาณ 65 คน และมีจำนวนสมาชิกแล้วประมาณ 150 คน (ปี พ.ศ. 2527 ปัจจุบันมีสมาชิกจำนวน 1,045 คน)  จึงขอจัดตั้งเป็น “ชมรมช่างภาพสารพัดช่างสี่พระยา” เพื่อใช้ศิลปะทางการถ่ายภาพต่อสู้กับตลาดแรงงานและเปิดตลาดแรงงานให้กับศิษย์สารพัดช่างในโอกาสต่อไป\n\n     จุดประสงค์ในการจัดตั้งชมรม\n1.เพื่อเป็นหลักยึดในการถ่ายเทและแลกเปลี่ยนความรู้ในศาสตร์ศิลปะการถ่ายภาพ\n2.เพื่อเป็นส่วนของการสนับสนุนศิลปะการถ่ายภาพในวงสมาชิกและประชาชนทั่วไป\n3.เพื่อเป็นการเสริมสร้างความรู้และทักษะทางการถ่ายภาพอย่างต่อเนื่อง\n4.เพื่อเป็นการเร่งสร้างชื่อเสียงและความศรัทธาแห่งสถาบันการศึกษา\n5.เพื่อเป็นตัวเร่งเร้าในการยอมรับของสังคมและวงการถ่ายภาพ\n\nเป้าหมายในการจัดตั้งชมรม\n1.นักศึกษาปัจจุบันของแผนกวิชาช่างภาพ \n2.ศิษย์เก่าของแผนกวิชาช่างภาพ\n3.ประชาชนและผู้สนใจในการถ่ายภาพทั่วไป\n",
        "id": "190640141040824",
        "name": "ชมรมช่างภาพสารพัดช่างสี่พระยา",
        "phone": "093-649-5954"
    },
    {
        "id": "1120280464668241",
        "location": {
            "city": "Nakhon Ratchasima",
            "country": "Thailand",
            "latitude": 14.9596004,
            "longitude": 102.0606308,
            "street": "ห้วยแถลง",
            "zip": "30240"
        },
        "name": "ร้านช่างสัก ลายtattoo ห้วยแถลง",
        "phone": "0957846571"
    },
    {
        "about": "ช่างกุญแจอำเภอเฉลิมพระเกียรติ สระบุรี โทร092-8721178",
        "description": "ช่างกุญแจอำเภอเฉลิมพระเกียรติ สระบุรี โทร 092-8721178",
        "id": "180624178797921",
        "location": {
            "city": "Muang Sara Buri",
            "country": "Thailand",
            "latitude": 14.59026089,
            "longitude": 100.89953309,
            "zip": "18000"
        },
        "name": "ช่างกุญแจสระบุรี เฉลิมพระเกียรติ โทร092-8721178 เปิดรถ เซพ ทำกุญแจฝังชิพ",
        "phone": "0928721178"
    },
    {
        "id": "139143092816079",
        "name": "ช่างทำสี"
    },
    {
        "id": "448762435181216",
        "location": {
            "city": "Bangkok",
            "country": "Thailand",
            "latitude": 13.71548842968,
            "longitude": 100.51474222171,
            "street": "เจริญกรุง 57",
            "zip": "10120"
        },
        "name": "การช่างสตรี - พระนครใต้"
    },
    {
        "id": "494153283988199",
        "location": {
            "city": "Chiang Mai",
            "country": "Thailand",
            "latitude": 18.771251003939,
            "longitude": 98.998496063127,
            "street": "Chang Klan Road",
            "zip": "50100"
        },
        "name": "สเต็กช้างคลาน"
    },
    {
        "id": "678546745560391",
        "location": {
            "city": "SAN FERNANDO",
            "latitude": -34.596913662358,
            "longitude": -70.989093115939
        },
        "name": "สถานีรถไฟไปดาวไซย่า เลี้ยวขวาตรงทางช้างเผือก"
    },
    {
        "id": "265258560195902",
        "location": {
            "city": "Kanchanaburi",
            "country": "Thailand",
            "latitude": 14.053182506977,
            "longitude": 99.503393668732,
            "street": "Kanchanaburi",
            "zip": "71000"
        },
        "name": "วิทยาลัยสารพัดช่างกาญจนบรี"
    },
    {
        "id": "501719696594018",
        "location": {
            "city": "Bangkok",
            "country": "Thailand",
            "latitude": 13.628852024663,
            "longitude": 100.58902990454,
            "zip": "10270"
        },
        "name": "The Erawan Museum พิพิธภัณฑ์ช้างสามเสียรเอราวัณ จ.สมุทรปราการ"
    }
]