[
    {
        "about": "ราคาเริ้มต้นที่50บาทต่อ ตรม.0884920472 0883746659ช่างจตุพล ราคากันเอง",
        "description": "บริการด้านงานพื้นปาร์เก้ บันได ประตู หรืองานไม้",
        "emails": [
            "payutasai@gmail.com"
        ],
        "id": "450124261713879",
        "location": {
            "city": "มีน",
            "street": "กรุงเทพ มีนบุรี หทัยราช 39 หมู่บ้านเคซี 3 สอย 3 บ้านเลขที่ 37/103"
        },
        "name": "ช่างจตุพลรับปูขัดขัดพื้นทาสียูรีเทนไม้ปาร์เก้รับติดตั้งประตูบันได0884920472",
        "phone": "0884920472  0883746659"
    },
    {
        "about": "บริการรับเหมาต่อเติม ทาสี ปูกระเบื้อง พื้นไม้ ฝ้าเพดาน กั้นห้อง ไม่เบิกก่อน\nTel:  084-657-9974\nLine : konkmink",
        "id": "782056225181386",
        "location": {
            "city": "bankkok",
            "street": "Thailand"
        },
        "name": "ช่างบริการ ทาสี ปูพื้น คอนโด",
        "phone": "0846579974"
    },
    {
        "about": "รับปูพื้นไม้ทุกชนิด สนใจติดต่อ",
        "description": "รับปู ขัด ทา ฟอกสี ย้อมสี พื้นไม้ทุกชนิด ทุกขนาด\nปูพื้นเอ็นจิเนียร์ ติดตั้งบันได",
        "emails": [
            "kritsakhon2013@gmail.com"
        ],
        "id": "1419666474945061",
        "location": {
            "city": "Bangkok",
            "country": "Thailand",
            "latitude": 13.64821,
            "longitude": 100.4965,
            "street": "ทุ่งครุ",
            "zip": "10140"
        },
        "name": "ช่างกฤษกร ปูพื้นไม้",
        "phone": "0871135888"
    },
    {
        "about": "ช่างสมพร รับขัดพื้นไม้ ปูปาร์เก้ 089-230-9918 \nซ่อมพื้นไม่ ปาร์เก้  งานไม้จริง ราคากันเอง\n",
        "description": "รับงาน ปาร์เก้ ปู ขัด ทาสี ซ่อมแซม พื้นไม้ต่างๆ ปาร์เก้ โดยรับทำงานทั่วไป งานเล็ก งานใหญ่ทำหมดเราทำได้ครับ พื้นห้องคอนโด บ้านเรือน ที่มีปัญหา ปาร์เก้ หลุดล่อน โก่งพอง ปลวกกิน ผุก่อนและรอยถลอกขูดขีด สามารถทำให้หายได้โดย การขัดเป็นจุดๆไป หรือขัดใหม่ทั้งห้องเท่านี้ก็ทำให้พื้นปาร์เก้สวยเงางาม และใหม่อยู่เสมอ หากคุณต้องการช่างที่มีความชำนาญงานพื้นไม้ เพื่อสร้างสรรค์ให้พื้นในบ้านของคุณสวยงาม อย่างไร้ที่ติ ในราคาประหยัดช่างวัชรพงษ์ยินดีให้บริการด้วยงานคุณภาพฝีมือประณีต รับขัดซ่อมพื้นไม้เก่าให้ดูเหมือนใหม่ งานปูปาเก้ใหม่ บัวไม้พื้นผนัง ทุกชนิด ทุกขนาดโดยใช้กาวและยูนิเทนชั้นดี ในราคาที่ คุณพอใจ รับงานในกรุงเทพ และต่างจังหวัด ครับ\n\nงานปาร์เก้ ช่างปาร์เก้, ปาร์เก้ กรุงเทพ, ปาร์เก้ ราคาถูก, ช่างปาร์เก้ กรุงเทพ, ช่างปาร์เก้ ราคาถูก, ปาร์เก้ ช่างซ่อม, ปาร์เก้ ยูรีเทน, ปาร์เก้ ไม้เก่า, ปาร์เก้, ขัดพื้น ไม่เก่า \nติดต่อช่างสมพร\n089-230-9918 \n081-733-6195",
        "emails": [
            "somphon_p@hotmail.co.th"
        ],
        "general_info": "ช่างปาร์เก้ ปาร์เก้\nงานขัดเครื่องใหญ่ผมใช้กระดาษทรายสามเบอร์ มีเบอร์24-60 และเบอร์100 ปั่นสไลด์พื้นผิวให้เลียบเนียน และต้องขัดตามขั้นตอนของช่างมืออาชีพครับ\nขัดและทาด้วย ยูนีเทนยูนีเทนของเบเยอร์ ครับ\nวิธีทำ ขัดเปิดหน้าไม้ ตีแป้งเก็บโป้ เก็บโป้ร่องไม้ทารองพื้นรักษาเนื้อไม้ 2 รอบและทายุนีเทนเบเยอร์ชนิดเงา3-4รอบและถ้าเป็นชนิดกลึ่งด้าน-ด้านก็ทำได้ครับ\nช่างปาร์เก้ งานปาร์เก้ รับขัดพื้นไม้ปาร์เก้ เก่า-ใหม่ราคาเริ่มต้นที่ 40-50 บาท / ต.ร. ม \nรับขัดทาทำสีพื้นไม้ยูรีเทนเบร์เยนราคาเริ่มต้นที่ 200 บาท /ต.ร.ม \n\nติดต่อช่างสมพร",
        "id": "139297316221638",
        "location": {
            "city": "Bangkok",
            "country": "Thailand",
            "latitude": 13.733651189026,
            "longitude": 100.74348992615,
            "street": "100/59 ช่างปาร์เก้",
            "zip": "10240"
        },
        "name": "ช่างปาร์เก้ สมพร รับขัดพื้นไม้ เก่า-ใหม่ รับเหมาปูปาร์เก้ 0892309918",
        "phone": "0892309918"
    },
    {
        "about": "รับขัดพื้นไม้ทุกชนิดทาสียูรีเทน",
        "description": "รับขัดพื้นปาร์เก้ ปูปาร์เก้ ปูลามิเนต ปูประเบื้องยาง ทำสีพื้นไม้ ทาสียูรีเทน \nราคากันเอง ทำงานโดยช่างที่มีประสบการณ์กว่า 20 ปีครับ\nสนใจโทร.0814564340  รับประกันความพึงพอใจครับ",
        "id": "375634212526781",
        "location": {
            "street": "ช่างอิน ปาร์เก้",
            "zip": "10110"
        },
        "name": "ช่างอินรับปูปาร์เก้ขัดพื้นปาร์เก้ราคากันเองโทร.081-4564340",
        "phone": "081-4564340"
    },
    {
        "about": "ช่างปาร์เก้ ,ช่างปูปาร์เก้ ,ช่าง ขัด ปู ซ่อมแซม ปาร์เก้,ขัดพื้นไม้",
        "description": "รับงาน ปู ขัด ทาสี ซ่อมแซม ปาร์เก้ พื้นไม้ต่างๆที่มีปัญหา ปาร์เก้ โก่งพอง หลุด ล่อน ปลวกกิน ผุหรือรอยถลอกขูดขีด หากท่านต้องการช่างที่มีความชำนาญ เพื่อตกแต่งพื้นบ้านของท่านให้กลับสวยงามเสมือนใหม่ ในราคาประหยัด ไม่ว่าจะงานเล็ก หรืองานใหญ่ จะพื้นห้องคอนโด บ้านเรือน เราทำได้หมด\nงานปาร์เก้ ช่างปาร์เก้,ช่างปาร์เก้ กรุงเทพ,ปาร์เก้ ขัดพื้น,ปาร์เก้ ปูพื้น\nติดต่อช่างสุขสรร 089-7916259",
        "id": "1387792138116664",
        "location": {
            "city": "Bangkok",
            "country": "Thailand",
            "latitude": 13.85247,
            "longitude": 100.73933,
            "street": "63/1247, ซอยคลองเก้า, แขวงสามวาตะวันออก เขตคลองสามวา กรุงเทพมหานคร",
            "zip": "10510"
        },
        "name": "ช่างปาร์เก้ ช่างสุขสรร     089-7916259 รับขัดพื้นไม้ รับเหมาปูปาร์เก้",
        "phone": "086-624 2875"
    },
    {
        "about": "ช่างปาร์เก้ ดำรงค์ 0940568634 รับปู ขัด ทาปาร์เก้ ซ่อมพื้นไม้ปาร์เก้หลุดล่อน รอยขูดขีด www.dumrong-service.com\n",
        "description": " รับทำปาร์เก้ ปูพื้นปาร์เก้ และซ่อมแซม ส่วนภายในบ้านและอาคาร ปาร์เก้ ภายในบ้านและตกแต่งบ้าน ปู ขัด ทำสี ซ่อมแซม พื้นไม้ ปาร์เก้ ไม้พื้นโก่งพอง หลุดล่อน ขัดเคลือบเงาโดยยูนิเทนแคมเกส Z065 ชนืดเงา ราคาตารางเมตรละ 350บาท ทายูนิเทนเบเยอร์ 2k B5000 ราคาเริ่มต้นที่250บาท สนใจติดต่อสอบถามได้ที่ ช่างดำรงค์ 0940568634 ดูผลงานได้ที่ http://group.wunjun.com/0940568634/topic/567598-24330 ดูผลงานได้ที่ http://www.youtube.com/watch?v=5-RqJnvQW6s\u0026list=PL_aWUNLdBBO-de764DV-SFwAESC0DdkEn ช่างดำรงค์ มีทีมงาน ช่าง ปาร์เก้ ที่ชำนาญงานไว้คอยบริการท่าน หากท่านเลือกเรา ให้สร้างสรรค์งาน พื้นปาร์เก้ ให้กับท่าน ท่านจะไม่ผิดหวัง เพราะเรามี ช่างปาร์เก้ ชำนาญงาน ประสบการณ์หลายสิบปี บริการท่าน ขอบคุณที่ใช้บริการ รับผิดชอบงานทำงานจริงไม่ทิ้งงานครับ สอบถามปัญหางาน ประเมินราคางานซ่อม การขัดเป็นจุดๆไป หรือจะขัดใหม่ทั้งห้องก็ได้ครับ ช่างดำรงค์ รับปู ขัด ทาพื้นปาร์เก้ ซ่อมแซมปาร์เก้โก่ง รอยถลอกขูดขีด สามารถทำให้หายได้โดย การขัดเป็นจุดๆไป หรือขัดใหม่ทั้งห้องเท่านี้ก็ทำให้พื้นปาร์เก้สวยเงางาม และใหม่อยู่เสมอ หากคุณต้องการช่างที่มีความชำนาญงานพื้นไม้ เพื่อสร้างสรรค์ให้พื้นในบ้านของคุณสวยงาม ช่างดำรงค์ ยินดีให้บริการด้วยงานคุณภาพ\nรับขัดซ่อมพื้นไม้เก่าให้ดูเหมือนใหม่ งานปูปาร์เก้ใหม่ บัวไม้พื้นผนัง ทุกชนิด ทุกขนาด โดยใช้กาวและยูนิเทนชั้นดี ในราคาที่ คุณพอใจ มีประสบการณ์และผลงานที่ลูกค้าพึงพอใจ รับงานในกรุงเทพ และต่างจังหวัด ราคางานขัดพื้นไม้ปาร์เก้เก่า-ใหม่ และทาเคลือบยูรีเทน เริ่ม 250/ตรม. (รวมยูรีเทนเบเยอร์ 2k B5000/B52) ราคางานปูพื้นไม้ปาร์เก้ใหม่ และขัด พร้อมทาเคลือบยูรีเทน เริ่ม 400/ตรม ดูผลงานได้ที่ http://group.wunjun.com/0940568634/topic/567597-24330/ ดูผลงานได้ที่ http://group.wunjun.com/0940568634/topic/550170-24330\nดูผลงานได้ที่ http://www.facebook.com/rong21?ref=hl ดูผลงานช่างดำรงค์ ได้ที่ http://www.dumrong-service.com/\n",
        "general_info": "E Mail.rongfarmmy@gmail.com",
        "id": "403752703103982",
        "name": "ช่างดำรงค์ปาร์เก้ รับขัดพื้นไม้ปาร์เก้ ปูพื้นไม้ ซ่อมปาร์เก้ 0940568634"
    },
    {
        "about": "128 หมู่ 13 ต.บ้านตึก อ.ศรีสัชนาลัย จ.สุโขทัย 64130",
        "id": "209917885838612",
        "location": {
            "city": "Amphoe Si Satchanalai",
            "country": "Thailand",
            "latitude": 17.58849,
            "longitude": 99.69534,
            "street": "128 หมู่ 13 ต.บ้านตึก อ.ศรีสัชนาลัย จ.สุโขทัย",
            "zip": "64130"
        },
        "name": "ช่างพันพื้นสวย-หินอ่อน หินขัด ทรายล้าง ปูกระเบื้อง งานปูนทุกประเภท",
        "phone": "0862086761+0992906960"
    },
    {
        "about": "ถ่ายภาพ แต่งงาน พรีเวดดิ้ง รับปริญญา  Tel : 0823831899 จี้ปครับ ครับ \nFacebook https://www.facebook.com/jeepJeep.Design",
        "emails": [
            "jeepjeep126@gmail.com"
        ],
        "id": "778428058900911",
        "location": {
            "city": "ลำปาง-เชียงใหม่",
            "zip": "082 3831899"
        },
        "name": "ช่างภาพรับถ่ายรูปลำปาง-ลำพูน /jds Foto - จี้ป",
        "phone": "082-3831899 / จี้ป"
    },
    {
        "id": "386541958155735",
        "location": {
            "city": "Bangkok",
            "country": "Thailand",
            "latitude": 12.49705,
            "longitude": 99.69309,
            "street": "100/6 ม.บ่อฝ้าย  ต.หัวหิน อ.หัวหิน จ.ประจวบคีรีขันธ์",
            "zip": "77110"
        },
        "name": "ช่างปาเก้หัวหิน  รับปูปาเก้  ขัด ทา พื้นไม้ทุกชนิดแล่ะพื้นลามิเนตครับผม",
        "phone": "0819817579"
    },
    {
        "about": " ช่าง วิชาญ รับซ่อมพื้นไม้ปาร์เก้ ปูปาร์เก้ ขัดพื้นไม้ปาร์เก้ Tel.081 2998794 Tel.0884632649 Tel.\u0026LINE 0812998794 ",
        "description": "ข้อมูลบริษัท\n\n     ช่างวิชาญ บุญมา ช่างวิชาญปาร์เก้ ช่างปาร์เก้ ปู พื้นไม้จริง รับปูปาร์เก้ ขัดปาร์เก้ รับซ่อมปาร์เก้ ทาปาร์เก้  ทำพื้นไม้ปาร์เก้ ไม้กระดานรางลิ้น หน้า6นิ้วถึง18นิ้ว เราทำได้ งานวางตรงปรับระดับ ปูแผ่นวีว่าบอร์ด รับ ซ่อม พื้ปาร์เก้ ผิวปาร์เก้ ไม่เรียบ ปาร์เก้หลุดร่อน ปาร์เก้  โดนน้ำโก่งพองผุกร่อน ปาร์เก้ ขึ้นราดำ เปลี่ยนพื้น ปาร์เก้ ขัด ทา ทำสีปาร์เก้  ได้เหมือนใหม่ ทำสี พื้นบันได  ราวบันใด ใช้ยูริเทนเคลือบผิวอย่างดี ขัดพื้นทาไม้ปาร์เก้รวมของ 250 บาท /1 ตรางเมตร์ไม้กระดานขัดทา 300 บาท/1ตรางเมตร ไช้เบเยอร์ ทู เค บี 5000  และทุกยี่ฮ้อแล้วแต่ลูกค้าต้องการครับ ชนิดเงา กึ่งเงา หรือด้าน ให้บริการทั่วพื้นที่กรุงเทพฯ และต่างจังหวัด บริการงานด่วน มีงานปาร์เก้ ทาปาร์เก้ เรียก  ช่างวิชาญปาร์เก้ (ดูผลงานในยูทูป ช่างวิชาญเฟรสบุ๊ค เบอรโทรศัพ 0812998794 ครับ โดยช่างมืออาชีพที่มีประสบการกว่าสิบปี รับประกันผลงานโดย ช่างวิชาญ ปาร์เก้ครับผม",
        "id": "669635399821261",
        "name": "ช่าง วิชาญ ปาร์เก้ 0812998794 รับปู ขัด ทาพื้นปาร์เก้ ซ่อมพื้นปาร์เก้"
    },
    {
        "about": "รับเหมาปูปาร์เก้ ขัดพื้นทุกชนิดสนใจติดต่อได้น่ะค่ะ ราคาเป็นกันเองค่ะ",
        "description": "สนใจติดต่อได้ 084 944 8551",
        "emails": [
            "athayawadee@gmail.com"
        ],
        "id": "129074573915320",
        "location": {
            "city": "Bangkok",
            "country": "Thailand",
            "street": "คลองเตย",
            "zip": "10110"
        },
        "name": "ช่างถัง รับเหมาปูปาร์เก้ ขัดพื้นไม้ทุกชนิด",
        "phone": "0867885840"
    },
    {
        "about": "รับติดตั้งพื้นไม้..ลามิเนต..พื้นกระเบื้องยางไวนิล.และรับปรับพื้นงานก่อนปูพื้นไม้ทุกชนิด..",
        "id": "1600614286860858",
        "location": {
            "city": "Samut Prakan",
            "country": "Thailand",
            "latitude": 13.6,
            "longitude": 100.6,
            "street": "กรุงเทพฯและจังหวัดอื่นๆ"
        },
        "name": "ช่างตุ้ย..รับปูพื้นไม้ลามิเนต กระเบื้องยาง",
        "phone": "0620099045"
    },
    {
        "id": "771594132956543",
        "location": {
            "city": "Khon Kaen",
            "country": "Thailand",
            "zip": "40110"
        },
        "name": "ช่างปูปาร์เก้ขัดพื้นหน้าต่างประตูไม้",
        "phone": "0878058522"
    },
    {
        "about": "ช่างวัชรพงษ์ 085-2130858 รับปู ขัด ทำสีพื้นไม้ปาร์เก้ เว็บไซต์ http://watcharapongservices.com/",
        "description": "รับงาน ปาร์เก้ ปู ขัด ทาสี ซ่อมแซม พื้นไม้ต่างๆ ปาร์เก้ โดยรับทำงานทั่วไป งานเล็ก งานใหญ่\nไปทำหมดเราทำได้ครับ พื้นห้องคอนโด บ้านเรือน ที่มีปัญหา ปาร์เก้ หลุดล่อน โก่งพอง ปลวกกิน ผุก่อน\nและรอยถลอกขูดขีด สามารถทำให้หายได้โดย การขัดเป็นจุดๆไป หรือขัดใหม่ทั้งห้องเท่านี้ก็ทำให้พื้น\nปาร์เก้สวยเงางาม และใหม่อยู่เสมอ หากคุณต้องการช่างที่มีความชำนาญงานพื้นไม้ เพื่อสร้างสรรค์\nให้พื้นในบ้านของคุณสวยงาม อย่างไร้ที่ติ ในราคาประหยัดช่างวัชรพงษ์ยินดีให้บริการด้วยงานคุณภาพ\nฝีมือประณีต รับขัดซ่อมพื้นไม้เก่าให้ดูเหมือนใหม่ งานปูปาเก้ใหม่ บัวไม้พื้นผนัง ทุกชนิด ทุกขนาด\nโดยใช้กาวและยูนิเทนชั้นดี ในราคาที่ คุณพอใจ รับงานในกรุงเทพ และต่างจังหวัด ครับท่าน\n",
        "general_info": "ร้าน วัชรพงษ์ตั้งอยู่บ้านเลขที่ 109/509 ม.หมู่บ้านธันยพฤก ต.ลำผักกูด อ.ธัญญบุรี จ.ปทุมธานี 12110\nสนใจ ติดต่อช่างวัชรพงษ์ 0852130858",
        "id": "561721497171546",
        "location": {
            "street": "109/509 ม.ธันยพฤกษ์ ต.ลำผักกูด อ.ธัญบุรี",
            "zip": "12110"
        },
        "name": "ช่างปาร์เก้ วัชรพงษ์ 0852130858 ซ่อมแซม ปู ขัด ทา ทำสีพื้นไม้"
    },
    {
        "about": "สนใจติดต่อ เบอร์ 0851146961\n",
        "id": "190357994447579",
        "name": "ช่างต๊อด ปูปาเก้ ชัดพื้นไม้ทุกชนิด"
    },
    {
        "about": "รับปูไม้ปาเก้ทุกชนิด ขัดพื้นไม้ปาเก้ทุกชนิด",
        "id": "795647457141547",
        "location": {
            "city": "Bangkok",
            "country": "Thailand",
            "latitude": 13.69877,
            "longitude": 100.52258,
            "street": "ยานนาวา",
            "zip": "10120"
        },
        "name": "ช่างปูไม้ปาเก้ทุกชนิด ช่างขัดพื้นไม้ปาเก้ทุกชนิด",
        "phone": "0820903516"
    },
    {
        "about": "ช่างปาร์เก้ ดำรงค์ 0940568634 รับปู ขัด ทาปาร์เก้ ซ่อมพื้นไม้ปาร์เก้หลุดล่อน รอยขูด www.dumrong-service.com\n",
        "description": "รับทำปาร์เก้ ปูพื้นปาร์เก้ และซ่อมแซม ส่วนภายในบ้านและอาคาร ปาร์เก้ ภายในบ้านและตกแต่งบ้าน ปู ขัด ทำสี ซ่อมแซม พื้นไม้ ปาร์เก้ ไม้พื้นโก่งพอง หลุดล่อน ขัดเคลือบเงาโดยยูนิเทนแคมเกส Z065 ชนืดเงา ราคาตารางเมตรละ 350บาท ทายูนิเทนเบเยอร์ 2k B5000 ราคาเริ่มต้นที่250บาท สนใจติดต่อสอบถามได้ที่ ช่างดำรงค์ 0940568634 ดูผลงานได้ที่ http://group.wunjun.com/0940568634/topic/567598-24330 ดูผลงานได้ที่ http://www.youtube.com/watch?v=5-RqJnvQW6s\u0026list=PL_aWUNLdBBO-de764DV-SFwAESC0DdkEn ช่างดำรงค์ มีทีมงาน ช่าง ปาร์เก้ ที่ชำนาญงานไว้คอยบริการท่าน หากท่านเลือกเรา ให้สร้างสรรค์งาน พื้นปาร์เก้ ให้กับท่าน ท่านจะไม่ผิดหวัง เพราะเรามี ช่างปาร์เก้ ชำนาญงาน ประสบการณ์หลายสิบปี บริการท่าน ขอบคุณที่ใช้บริการ รับผิดชอบงานทำงานจริงไม่ทิ้งงานครับ สอบถามปัญหางาน ประเมินราคางานซ่อม การขัดเป็นจุดๆไป หรือจะขัดใหม่ทั้งห้องก็ได้ครับ ช่างดำรงค์ รับปู ขัด ทาพื้นปาร์เก้ ซ่อมแซมปาร์เก้โก่ง รอยถลอกขูดขีด สามารถทำให้หายได้โดย การขัดเป็นจุดๆไป หรือขัดใหม่ทั้งห้องเท่านี้ก็ทำให้พื้นปาร์เก้สวยเงางาม และใหม่อยู่เสมอ หากคุณต้องการช่างที่มีความชำนาญงานพื้นไม้ เพื่อสร้างสรรค์ให้พื้นในบ้านของคุณสวยงาม ช่างดำรงค์ ยินดีให้บริการด้วยงานคุณภาพ\nรับขัดซ่อมพื้นไม้เก่าให้ดูเหมือนใหม่ งานปูปาร์เก้ใหม่ บัวไม้พื้นผนัง ทุกชนิด ทุกขนาด โดยใช้กาวและยูนิเทนชั้นดี ในราคาที่ คุณพอใจ มีประสบการณ์และผลงานที่ลูกค้าพึงพอใจ รับงานในกรุงเทพ และต่างจังหวัด ราคางานขัดพื้นไม้ปาร์เก้เก่า-ใหม่ และทาเคลือบยูรีเทน เริ่ม 250/ตรม. (รวมยูรีเทนเบเยอร์ 2k B5000/B52) ราคางานปูพื้นไม้ปาร์เก้ใหม่ และขัด พร้อมทาเคลือบยูรีเทน เริ่ม 400/ตรม ดูผลงานได้ที่ http://group.wunjun.com/0940568634/topic/567597-24330/ ดูผลงานได้ที่ http://group.wunjun.com/0940568634/topic/550170-24330\nดูผลงานได้ที่ http://www.facebook.com/rong21?ref=hl ดูผลงานช่างดำรงค์ ได้ที่ http://www.dumrong-service.com/",
        "general_info": "รับทำปาร์เก้ ปูพื้นปาร์เก้ และซ่อมแซม ส่วนภายในบ้านและอาคาร ปาร์เก้ ภายในบ้านและตกแต่งบ้าน ปู ขัด ทำสี ซ่อมแซม พื้นไม้ ปาร์เก้ ไม้พื้นโก่งพอง หลุดล่อน ขัดเคลือบเงาโดยยูนิเทนแคมเกส Z065 ชนืดเงา ราคาตารางเมตรละ 350บาท ทายูนิเทนเบเยอร์ 2k B5000 ราคาเริ่มต้นที่250บาท สนใจติดต่อสอบถามได้ที่ ช่างดำรงค์ 0940568634 ",
        "id": "293981347426884",
        "name": "ช่างดำรงค์ปาร์เก้ รับปู ขัด ทา พื้นไม้ปาร์เก้ ซ่อมแซมปาร์เก้0940568634"
    },
    {
        "id": "321694388027281",
        "location": {
            "city": "Bangkok",
            "country": "Thailand",
            "latitude": 13.75395,
            "longitude": 100.50224,
            "street": "4/100 หมู่2 หมู่บ้านสิรินญา ต.คลองสอง อ.คลองหลวง จ.ปทุมธานี",
            "zip": "12120"
        },
        "name": "ช่างสังคม รับขัดพื้นไม้เก่า-ใหม่ปูปารเก้ทาสี 085-0028234"
    },
    {
        "about": "รับปู ขัด ทาพื้นปาร์เก้ ซ่อมแซมปาร์เก้ หลุดล่อน ",
        "description": " รับทำปาร์เก้ ปูพื้นปาร์เก้ และซ่อมแซม ส่วนภายในบ้านและอาคาร ปาร์เก้ ภายในบ้านและตกแต่งบ้าน ปู ขัด ทำสี ซ่อมแซม พื้นไม้ ปาร์เก้ ไม้พื้นโก่งพอง หลุดล่อน ขัดเคลือบเงาโดยยูนิเทนแคมเกส Z065 ชนืดเงา ราคาตารางเมตรละ 350บาท ทายูนิเทนเบเยอร์ 2k B5000 ราคาเริ่มต้นที่280 บาท สนใจติดต่อสอบถามได้ที่ ช่างปาร์เก้ นันท์ 0924372948 มีทีมงาน ช่าง ปาร์เก้ ที่ชำนาญงานไว้คอยบริการท่าน หากท่านเลือกเรา ให้สร้างสรรค์งาน พื้นปาร์เก้ ให้กับท่าน ท่านจะไม่ผิดหวัง เพราะเรามี ช่างปาร์เก้ ชำนาญงาน ประสบการณ์หลายสิบปี บริการท่าน ขอบคุณที่ใช้บริการ รับผิดชอบงานทำงานจริงไม่ทิ้งงานครับ สอบถามปัญหางาน ประเมินราคางานซ่อม การขัดเป็นจุดๆไป หรือจะขัดใหม่ทั้งห้องก็ได้ครับ ดุผลงานได้ที่ http://www.parquet-service.net ดูผลงานได้ที่ http://www.youtube.com/watch?v=IHnmQMyGmO0\u0026list=PLj57ixizGCk1ZU8FVGQarUCQgtJQVbaog ดูผลงานได้ที่ http://group.wunjun.com/nipaporn/topic/568743-25515/ ดูผลงานได้ที่ http://group.wunjun.com/nipaporn22/topic/567321-25387\nราคา: 280 บาท",
        "general_info": " ช่างปาร์เก้ ดำรงค์ 0940568634 รับซ่อมแซม ปู ขัด ทาปาร์เก้ ซ่อมพื้นไม้ปาร์เก้หลุดล่อน รอยขูดขีด ผุกร่อน",
        "id": "616826541738181",
        "name": "ช่างปาร์เก้ นันท์ รับปู ขัด ทาพื้นไม้ปาร์เก้ ซ่อมพื้นไม้ โก่งพอง0924372948"
    },
    {
        "id": "667297693403798",
        "location": {
            "city": "Thon Buri",
            "country": "Thailand",
            "latitude": 13.721262,
            "longitude": 100.5047226,
            "street": "109/304 ต.ลำผักกูด อ.ธัญบุรี จ.ปทุมธานี",
            "zip": "12110"
        },
        "name": "ช่างนัดดา ปาร์เก้ 082-5423568 ซ่อม ปูขัดทาพื้นไม้ปาร์เก้",
        "phone": "0825423568"
    },
    {
        "about": "เหล็กดัดอิตาลี่ เหล็กดัดลายการ์ตูน  มุ้งลวด ผ้าม่าน งานต่อเติม โครงหลังคา งานเหล็กทุกชนิด",
        "id": "110204015977269",
        "location": {
            "city": "Chon Buri",
            "country": "Thailand",
            "latitude": 13.3667,
            "longitude": 100.983,
            "street": "27/12 ม. 4  ต.ดอนหัวฬ่อ  อ.เมือง จ.ชลบุรี",
            "zip": "20000"
        },
        "name": "สิม - ที -ป. อุไรพันธ์ การช่าง  เหล็กดัด มุ้งลวด งานเหล็กทุกชนิด",
        "phone": "0810875624"
    },
    {
        "id": "322096121285751",
        "name": "ช่างปาร์เก้ นันท์0924372948รับปู ขัด ทาพื้นปาร์เก้"
    },
    {
        "about": "รับปูพื้นไม้ปาร์เก้ พร้อมขัดทำสี โดยช่างผู้ชำนาญการณ์ งานเนี๊ยบสวย ทนทาน",
        "description": "รับเหมาและตกแต่ง งานปูพื้นไม้ งานปาร์เก้ ปูปาร์เก้ พร้อมขัดทำสี  ติดบัว โดยช่างเก่าแก่ประสบการณ์ยาวนานเข้าใจงานไม้อย่างลึกซึ้ง งานเนี๊ยบสวย ทนทาน\nรับทั้งงานสร้างใหม่ และงานต่อเติม ",
        "emails": [
            "gg.allengineer@gmail.com"
        ],
        "id": "831593126893532",
        "location": {
            "city": "Bangkok, Thailand ",
            "street": "12/27 Moo 10, Soi Ekkachai 10/1, Ekkachai Rd., Bang Khun Thian,",
            "zip": "10150"
        },
        "name": "รับปูพื้นไม้ปาร์เก้ พร้อมขัดทำสี โดยช่างผู้ชำนาญการณ์",
        "phone": "089-492-2621"
    },
    {
        "about": "ซ่อมงานไม้ ขัดทาปูพื้นปาเก้",
        "id": "484523351723601",
        "location": {
            "city": "Chon Buri",
            "country": "Thailand",
            "latitude": 13.2780399,
            "longitude": 100.9227905,
            "street": "ชลบุรี",
            "zip": "20000"
        },
        "name": "รับซ่อม งานไม้ทุกชนิด ปูพื้นปาเก้ ขัดทางานไม้ทุกชนิด - ช่างนุกูล",
        "phone": "0876148598"
    }
]