[
    {
        "about": "เว็บสำหรับการซ่อมบำรุงคอมพิวเตอร์",
        "description": "ซ่อมบำรุงคอมพิวเตอร์",
        "id": "636039746426979",
        "location": {
            "city": "Bangkok",
            "country": "Thailand",
            "latitude": 17.15008,
            "longitude": 104.13757,
            "street": "418",
            "zip": "47000"
        },
        "name": "ซ่อมบำรุงคอมพิวเตอร์",
        "phone": "0869523147"
    },
    {
        "about": "ซ่อมคอมพิวเตอร์นอกสถานที่ บางกะปิ รามคำแหง ค่าแรง+ค่ารถ+ลงwinodws+โปรแกรมดูหนังฟังเพลง+office+antivirus ",
        "description": "งานบริการทั่วไป\nซ่อมคอมนอกสถานที่ บางกะปิ รามคำแหง \n\n083 - 792 - 5426 (เขตพื้นที่ให้บริการ บางกะปิ รามคำแหง , นวมินทร์ , เสรีำไทย , พัฒนาการ , ลาดพร้าวจากเดอะมอล์บางกะปิถึงโชคชัย 4 เท่านั้น)\n   \n   เริ่มต้นที่ 400 บาท ดูรายละเอียดอัตราค่าบริการได้ที่ http://www.becomz.com/show/index.php/2011-11-21-15-17-28.html\n\n-รับลงโปรแกรม Windows Xp Windows 7 Office2003 Office2007\n-ดูแลเครื่องคอมพิวเตอร์ จัดออกแบบห้องคอมพิวเตอร์ ตามสำนักงาน หรือโรงงาน\n-ดูแลระบบแลนด์ Nekwork ประจำสำนักงาน Office หอพัก อพาร์ทเม้นท์ แมนชั่น\n-เดินสายแลนด์ ตามชั้นต่าง ๆ วางระบบในสำนักงาน และแก้ไขระบบให้ดีกว่าเดิม รวมถึง wifi wireless\n-งานเกี่ยวกับเว็ปไซค์ ดูแลและอัพเดตเว็ป จดทะเบียนโดเมนเนม การอัพโหลดข้อมูลขึ้น Internet\n\nTel. 083-792-5426\n\n ปล.เฉพาะเขตพื้นที่ให้บริการ บางกะปิ รามคำแหง นวมินทร์ เสรีไทย \n\n ลาดพร้าวเฉพาะ บริเวณ จากเดอะมอลบางกะปิถึงโชคชัย4",
        "emails": [
            "jsp_o@hotmail.com"
        ],
        "id": "176649815715345",
        "location": {
            "city": "Bangkok",
            "country": "Thailand",
            "latitude": 13.7645903,
            "longitude": 100.6498337,
            "street": "อัสกาญจน์เพลสคอนโด อาคาร 12A รามคำแหง 105/1 หัวหมาก บางกะปิ 10240",
            "zip": "10240"
        },
        "name": "ซ่อมคอมพิวเตอร์นอกสถานที่ บางกะปิ รามคำแหง",
        "phone": "0837925426"
    },
    {
        "about": "รับซ่อมจอคอมพิวเตอร์ LCD LED ทุกรุ่น ทุกอาการ",
        "description": "รับซ่อม จอ LCD LED คอมพิวเตอร์ ทุกรุ่น ทุกอาการ ทุกขนาด   สนใจติดต่อ ช่างกอล์ฟ 0800377267",
        "id": "590184874388238",
        "name": "รับซ่อมจอคอมพิวเตอร์ LCD LED T.0800377267"
    },
    {
        "about": "รับซ่อมคอมพิวเตอร์ ลาดพร้าว รัชดาภิเษก รามคำแหง โชคชัย4 รามอินทรา พัฒนาการ วิภาวดี พหลฯ",
        "description": "รับซ่อมคอมพิวเตอร์ นอกสถานที่ ลาดพร้าว รัชดาภิเษก รามคำแหง โชคชัย4 วังหิน รามอินทรา",
        "id": "388707204634905",
        "location": {
            "city": "Bangkok",
            "country": "Thailand",
            "latitude": 13.8030796,
            "longitude": 100.8133087,
            "street": "ร้านคอมพิวเตอร์ นอกสถานที่ ลาดพร้าว 71",
            "zip": "10230"
        },
        "name": "รับซ่อมคอมพิวเตอร์ นอกสถานที่ ลาดพร้าว ราม รัชดา บางกะปิ พัฒนาการ สุขุมวิท",
        "phone": "081-374-2808"
    },
    {
        "id": "838573232856470",
        "location": {
            "city": "Chachoengsao",
            "country": "Thailand",
            "latitude": 13.677358869991,
            "longitude": 101.03660851288,
            "zip": "24000"
        },
        "name": "ซ่อมคอมพิวเตอร์นอกสถานที่ ฉะเชิงเทรา",
        "phone": "0877683538"
    },
    {
        "about": "รับซ่อมคอมพิวเตอร์นอกสถานที่",
        "description": "รับซ่อมคอมนอกสถานที่ รับซ่อมคอมพิวเตอร์และโน้ตบุ้คนอกสถานที่บริการถึงบ้านและออฟฟิส เขตลาดพร้าว รามคำแหง รัชดา รามอินทรา พระราม4ทั้งเส้น สีลม สาทร บางรัก พระราม3 คลองเตย สุขุมวิททั้งเส้น เอกมัย ทองหล่อ อโศก เพชรบุรีตัดใหม่ อ่อนนุช ศรีนครินทร์ พัฒนาการ บางนา ลาซาน หัวหมาก คลองจั่น บึงกุ่ม ลาดกระบัง ลาดพร้าว71 ลาดพร้าว101 นาคนิวาส บางกะปิ เสรีไทย วังทองหลาง ห้วยขวาง เหม่งจ๋าย สุทธิสาร โชคชัย4 ลาดพร้าววังหิน ประดิษมนูธรรม เลียบทางด่วน เสนา ลาดปลาเค้า นวลจันทร์ เกษตร-นวมินทร์ รัชโยธิน ม.เกษตร ม.จันทรเกษม พระราม9 จตุจักร และพื้นที่ใกล้เคียง ราคาเริ่มต้น 400บาท 090-2515629 \n",
        "emails": [
            "dj_deaw99@hotmail.com"
        ],
        "id": "611031762246087",
        "location": {
            "latitude": 13.818004668887,
            "longitude": 100.59149622917,
            "street": "ห้างหุ้นส่วนจำกัดDWNETWORK",
            "zip": "10230"
        },
        "name": "รับซ่อมคอมพิวเตอร์นอกสถานที่  ลาดพร้าว บางกะปิ รามคำแหง โชคชัย4",
        "phone": "0902515629"
    },
    {
        "about": "รับซ่อมคอมถึงที่จังหวัดนครราชสีมา และ ต่างจังหวัด รับประกันให้1เดือนทุกอาการ",
        "id": "448695195209320",
        "location": {
            "city": "Nakhon Ratchasima",
            "country": "Thailand",
            "latitude": 14.959615474096,
            "longitude": 102.06066066906,
            "street": "1683 ถ.มุขมนตรี ต.ในเมือง อ.เมือง",
            "zip": "30000"
        },
        "name": "ศูนย์ซ่อมคอมพิวเตอร์ - โคราช",
        "phone": "0880731244"
    },
    {
        "about": "รับซ่อมคอมพิวเตอร์ นอกสถานที่",
        "emails": [
            "dopa3kyz-film@hotmail.com"
        ],
        "id": "359126017517170",
        "location": {
            "city": "Bangkok",
            "country": "Thailand",
            "latitude": 13.733920375783,
            "longitude": 100.47508506203,
            "street": "จรัญสนิทวงศ์4",
            "zip": "10600"
        },
        "name": "รับซ่อมคอมพิวเตอร์ นอกสถานที่",
        "phone": "0840836956 line id dopa3kyzfilm"
    },
    {
        "about": "สถานบันสอนซ่อมคอมพิวเตอร์ สอนเขียนเว็ปไซต์สำเร็จรูป สอนตัดต่อภาพด้วย photoshop",
        "emails": [
            "comlearnin2you@gmail.com"
        ],
        "id": "716438711754474",
        "location": {
            "city": "Bangkok",
            "country": "Thailand",
            "latitude": 13.541150316713,
            "located_in": "174345802584737",
            "longitude": 100.62407173624,
            "zip": "10280"
        },
        "name": "สอนซ่อมคอมพิวเตอร์.com",
        "phone": "0984684997"
    },
    {
        "about": "บริการซ่อมคอมพิวเตอร์ และจำหน่ายอุปกรณ์ไอทีทุกชนิด ประกอบ อัพเกรด คอมพิวเตอร์",
        "description": ": บริการซ่อมคอมพิวเตอร์ โน๊ตบุ๊ค พริ้นเตอร์ แท็บเล็ค สมาร์ทโฟน\n: เปลี่ยนชิบ รีบอลชิบ ซ่อมเมนบอร์ด โน็ตบุ๊ก\n: เปลี่ยนจอ Monitor LCD LED\n: รับแก้อาการติดไวรัส เปิดไม่ติด บู๊ตไม่ขึ้น เครื่องช้า\n: ติดตั้งแท๊งค์ปริ้นเตอร์\n: มีคอมมือสองจำหน่าย\n: รับประกอบเครื่องใหม่\n: อัพเกรดเครื่องเก่า ให้แรงดังใจสั่ง\n: จำหน่ายอุปกรณ์คอมพิวเตอร์และไอทีทุกชนิด\n: และบริการอันน่าประทับใจอีกมากมาย \nคิดถึงการซ่อมคอมพิวเตอร์ คิดถึงเรา \"รีเซ็ต คอมพิวเตอร์\"\nบริการเป็นกันเอง พร้อมประกันหลังซ่อมและจำหน่าย",
        "emails": [
            "patiwaty@gmail.com"
        ],
        "id": "524719154281653",
        "location": {
            "city": "Nakhon Sawan",
            "country": "Thailand",
            "latitude": 15.719353926501,
            "longitude": 100.09907484055,
            "zip": "60000"
        },
        "name": "รับซ่อมคอมพิวเตอร์นครสวรรค์ ร้าน RESET",
        "phone": "0891055505"
    },
    {
        "about": "ซ่อมปริ้นเตอร์ inkjet ",
        "description": "ซ่อมปริ้นเตอร์ inkjet ติดแทงค์ เติมหมึก \nซ่อม อัพเกรด คอมพิวเตอร์ โน๊ตบุ๊ค ทุกอาการ\nGPS Tracker ติดตามรถยนต์ ดักฟัง ตัดน้ำมัน ราคาถูก",
        "emails": [
            "withaya_y@hotmail.com"
        ],
        "id": "1431384493792107",
        "location": {
            "city": "นครปฐม",
            "street": "วัดไร่ขิง ซอยไร่ขิง18 อ.สามพราน",
            "zip": "73210"
        },
        "name": "ซ่อมปริ้นเตอร์ คอมพิวเตอร์ โน็ตบุ๊ค",
        "phone": "088-8394255"
    },
    {
        "about": "รับซ่อมคอมพิวเตอร์ โน๊ตบุ๊ค ทั้งในและนอกสถานที่\nจำหน่ายและรับติดตั้งกล้องวงจรปิด ",
        "description": "รับซ่อมคอมพิวเตอร์ โน๊ตบุ๊คนอกสภานที่ จำหน่ายและรับติดตั้งกล้องวงจรปิด จำหน่ายกล้องติดรถยนต์ กล้องบันทึกการเดินทางราคาถูก ",
        "emails": [
            "golfgiki@gmail.com"
        ],
        "general_info": "รับซ่อมคอมพิวเตอร์นอกสถานที่ โซน รังสิต ลำลูกกา ธัญบุรี คูคต สายไหม นิมิตรใหม่ \n\nรับซ่อมคอมพิวเตอร์ โน๊ตบุ๊ค ประกอบคอมพิวเตอร์ Printer บริการถึงที่บ้าน คอนโดและสำนักงาน \nจำหน่ายอุปกรณ์กล้องวงจรปิดและรับติดตั้งกล้องวงจรปิด\n\n- ซ่อมคอมพิวเตอร์และโน๊ตบุ๊คทุกชนิดทุกอาการ บริการถึงบ้าน คอนโด สำนักงาน ฯลฯ\n- บริการอัพเกรด Windows ใหม่ ล้างเครื่อง ลงโปรแกรม สแกนไวรัส มีทั้ง Windows XP Windows7 Windows8.1 พร้อมลงโปรแกรมพื้นฐาน เช่น โปรแกรมดูหนัง ฟังเพลง Office Antivirus โปรแกรมแต่งภาพ ลงให้ฟรีไม่คิดค่าบริการ\n- รับซ่อมปริ้นเตอร์ canon epson brother ทุกอาการ\n- มีสินค้า IT จำหน่าย ทั้งมือ 1 และ มือ 2 อะไหล่โน๊ตบุ๊ค แบตเตอรี่ Adapter ทุกชนิด และอะไหล่เครื่อง PC อะไหล่ด่วนสั่งเช้าได้เย็น\n- บริการซ่อมโน๊ตบุ๊คทุกอาการ เปิดไม่ติด จอแตก การ์ดจอเสีย เปลี่ยนจอ เปิดติดแล้วดับ มีประกันงานซ่อม ซ่อมด่วน รู้ผลภายใน 24ชม. ไม่คิดค่าบริการในการเช็ค\n- บริการรับสั่งอุปกรณ์ ITทุกชนิดพร้อมนำไปติดตั้ง รับฝากเคลมสินค้าคอมพิวเตอร์ทุกชนิด\n- รับทำระบบ Network รับอินเตอร์เน็ท ทั้งระบบ Lan และ Wriless บ้าน คอนโด หอพัก\n- แชร์ไฟล์ แชร์ปริ้นเตอร์ ให้ทุกเครื่องในบ้านหรือสำนักงาน สามารถใช้งาน ข้อมูลและปริ้นเตอร์ร่วมกันได้\n- บริการดูแลคอมพิวเตอร์แบบรายเดือน รายปี สำหรับบริษัท ออฟฟิต และร้านอินเตอร์เน็ท\n- จำหน่ายอุปกรณ์กล้องวงจรปิดและรับติดตั้งกล้องวงจรปิด ในราคาถูก ของคุณภาพ\n\nมีหน้าร้านอยู่ที่ ลำลูกกาคลองสี่ สามารถนำคอมพิวเตอร์เข้ามาใช้บริการได้ที่หน้าร้าน\n\nรับประกันงานทุกชนิด บริการด้วยใจ เป็นกันเอง ราคาย่อมเยาว์\n\nเบอร์ติดต่อ ช่างกอฟ 083-9907750 Line : ppksv \n\n\n",
        "id": "426742600818854",
        "location": {
            "city": "Amphoe Lam Luk Ka",
            "country": "Thailand",
            "latitude": 13.99219,
            "longitude": 100.78867,
            "street": "รังสิต ลำลูกกา ธัญบุรี คลองสี่",
            "zip": "12150"
        },
        "name": "รับซ่อมคอมพิวเตอร์นอกสถานที่ รังสิต ลำลูกกา ธัญบุรี คูคต สายไหม",
        "phone": "0839907750"
    },
    {
        "about": "ซ่อม ขายอะไหล่ Notebook iPad iPhone ",
        "description": "เราให้บริการซ่อม และขายอะไหล่ คอมพิวเตอร์, โน๊ตบุ๊ค,  ไอโฟน และแมคบุ๊ค\n\n(I'm fix Computer PC, Laptop PC, iPhone, Mac book and Part shops)",
        "emails": [
            "thitisak3336@gmail.com"
        ],
        "id": "654335211270054",
        "location": {
            "city": "Phen",
            "country": "Thailand",
            "latitude": 17.710442191538,
            "longitude": 102.85033472443,
            "street": "239 หมู่ 10 ต.บ้านธาตุ อ.เพ็ญ",
            "zip": "41150"
        },
        "name": "Nicki ซ่อมคอมพิวเตอร์",
        "phone": "0823101696"
    },
    {
        "about": "ขายคอมพิวเตอร์ ติดต่อ\nhttps://www.facebook.com/annairyut",
        "description": "ขายคอมมือสองและซ่อมคอมพิวเตอร์ทุกอาการ \nและ รับซื้อคอมไม่ใช้งานแล้วหรือใช้งานไม่ได้ \nซื้อขายกับเรา ส่งEMS ได้รับสินค้าแน่นอน 100%  เราบริการด้วยใจ ราคากันเอง\nซ่อม PC - Notebook  โทร099-4151207\n",
        "id": "408435845947874",
        "name": "ซ่อมคอมพิวเตอร์ ขายคอมมือสอง พระรามสอง"
    },
    {
        "about": "นาคนิวาส 48*",
        "id": "278322342333797",
        "location": {
            "city": "Bangkok",
            "country": "Thailand",
            "latitude": 13.81913,
            "longitude": 100.67546,
            "street": "เอื้อประชา",
            "zip": "10230"
        },
        "name": "ร้านซ่อมคอมพิวเตอร์",
        "phone": "0949422881"
    },
    {
        "about": "รับซ่อมคอม ลงโปรแกรม กู้ข้อมูล เช็คอาการเสียคอม pc ",
        "description": "รับซ่อมคอม\nลงโปรแกรมคอม PC,โน๊ตบุค\nรับกู้ข้อมูลจาก flash drive,Harddisk\nเช็คอาการเสียคอม PC",
        "id": "462711667107493",
        "location": {
            "city": "Bangkok",
            "country": "Thailand",
            "latitude": 13.6457024,
            "longitude": 100.5030823,
            "street": "ถนนประชาอุทิศ ซ.79 หมู่บ้านวิเศษสุขนคร ซ.18/12",
            "zip": "10140"
        },
        "name": "รับซ่อมคอมพิวเตอร์  (ซ.ประชาอุทิศ79)"
    },
    {
        "about": "ร้าน คอมพ์เลิฟเวอร์   ศูนย์ซ่อม Notebook ลาดพร้าว87 ",
        "description": "ศูนย์ซ่อม Notebook ลาดพร้าว87 ร้าน คอมพ์เลิฟเวอร์ ให้ บริการซ่อมโน๊ตบุค HP, Compaq, IBM, Toshiba, Acer, Dell, Sony, Powell, Fujitsu, Sharp, NEC, Asus, Belta, Benq, Hitashi และอื่นๆ บริการซ่อมอาการ เปิดไม่ติด ไฟไม่เข้าเครื่อง เมนท์บรอดช็อต เปิดติดไม่มีภาพ เปิดเครื่องแล้วมีเสียงร้อง เสียงไม่ออก คีย์บรอดเสีย เครื่องติดพาสเวิดส์ระดับไบออส บานพัพแตกหัก ซ่อมจอ LCD เปลี่ยนจอ LCD 12\" 13\" 14\" 15\" XGA, WXGA,SXGA\n\t\n\nซ่อมชิพ เปลี่ยนชิพ Chip Set, Chip Controler จำหน่ายไอซีและชิพต่างๆ บริการซ่อม Notebook ทุกรุ่นทุกอาการ ลูกค้าหรือร้านซ่อมที่อยู่ต่างจังหวัดต้องการส่งซ่อม สามารถส่งซ่อมได้ รับสมัครดีเลอร์จำหน่ายไอซี ชิพเซต Northbridge Southbridge และเครื่องมือ ซ่อมเมนท์บรอด เครื่องอบถอดไอซี Debug Card สำหรับเช็คจุดเสียของ Mainboard Notebook \n\nToshiba L200 ,M200 เสีย อาการ จอภาพลาย ลง Window ไม่ผ่าน ซ่อมรอรับได้\n\nToshiba M200, L200, A200, A205, A300, A305, A500, A505, L300 เสีย อาการ เสียบ adapter แล้วจอภาพลาย ภาพเป็นเส้น ลง Window ไม่ผ่าน Bluescreen ซ่อมรอรับได้ Toshiba M200 A200 L300 จอลาย แฮ้งค์ ใช้แบตเตอรี่ได้อย่างเดียว ปัญหานี้เป็นกับเครื่องที่มีอายุการใช้งานประมาณ 18 เดือนขึ้นไป อาการเริ่มต้นคือ เปิดติด แต่ก่อนที่จะเข้าหน้าวินโดว์ หน้าจอจะดำ หรือค้าง บางเครื่อง จอจะเป็นภาพลายๆแล้วค้าง แต่สามารถใช้งานกับแบตเตอรี่ได้ตามปกติ จนกว่าแบตเตอรี่จะหมด หรืออาการที่ไม่สามารถเข้าหน้าวินโดว์ได้ แต่เข้า safemode ได้ ลงวินโดว์ใหม่ก็รีสตาร์ตระหว่างที่ลงอยู่ อาการดังกล่าวเกิดจากตัวเมนบอร์ดมีปัญหาซึ่งเป็นอาการประจำรุ่นนี้ หมดประกันศูนย์แล้ว รับรองว่ามีอาการนี้ทุกตัว ซ่อมแล้วหายขาด แน่นอน\n\nในการเดินทางมาที่ร้านคอมพ์เลิฟเวอร์(comlovers)\n   ถ้ามาจาก ถนนประดิษฐ์มนูธรรม (เลียบทางด่วนสายรามอินทรา-อาจณรงค์หรือทางด่วนหมายเลข 3) พอผ่าน CDC(Crystal Design Center) มา ซอยแรกจะเป็นท้ายซอยลาดพร้าว87 เลี้ยวเข้าได้เลย จะผ่านปั้ม ปตท. แล้วก็ผ่านเซเว่น มาประมาณ 50 เมตร ร้านเป็นอาคารพาณิชย์ 4 คูหา จะอยู่ฝั่งขวาติดถนน (ตรงข้ามแยก 16)\n   ถ้ามาจาก ถนนลาดพร้าว จะผ่านอิมพีเรียลลาดพร้าว(หรือบิ๊กซีลาดพร้าว ที่เดียวกัน) ประมาณ 2 ป้ายรถเมลล์ พอเข้ามาในซอยลาดพร้าว87 เข้ามาประมาณ เกือบ 2 กิโลเมตร ร้านจะอยู่ (ตรงข้ามแยก 16) ต้องสังเกตดูให้ดีเพราะในซอยนี้มีหลายร้านคะ จะได้เข้าไม่ผิดร้าน โทรสอบถามเส้นทางเพิ่มเติมได้นะคะ\n\nร้านคอมพ์เลิฟเวอร์ของเรามีแห่งเดียว ไม่มีสาขาอื่นนะคะ ที่อยู่เลขที่ 567 ซอย ลาดพร้าว87(ตรงข้ามแยก 16)ถนน ลาดพร้าว วังทองหลาง กทมฯ 10310. ถ้ามาจากถนนลาดพร้าว เข้ามาในซอยประมาณ 2 กิโลเมตร อยู่ตรงข้ามแยก 16 คะถ้ามาไม่ถูกโทรสอบถามได้ที่เบอร์ 085-6656097, 083-8112688, 02-5382117 ",
        "emails": [
            "comlovers@hotmail.com"
        ],
        "id": "170463846333275",
        "location": {
            "city": "Bangkok",
            "country": "Thailand",
            "latitude": 13.7959604,
            "longitude": 100.6191635,
            "street": "567 ชอย ลาดพร้าว87 (ตรงข้ามแยก16) ถ.ลาดพร้าว",
            "zip": "10310"
        },
        "name": "รับซ่อมคอมพิวเตอร์ \u0026 โน้ตบุ๊ค (computer \u0026 Notebook)",
        "phone": "085-665-6097,083-811-2688,02-5382117"
    },
    {
        "about": "บริการรับวางระบบร้านเน็ต,ร้านเกมส์ ซ่อมประกอบคอมพิวเตอร์",
        "description": "ใครต้องการทำเว็บไซต์ เดินระบบเน็ตเวิร์ค เดินสายแลน เปิดร้านเน็ต เปิดออฟฟิศ หรือภายในบ้าน ซ่อมประกอบคอมพิวเตอร์ บริการรับวางระบบร้านเน็ต,ร้านเกมส์ รับติดตั้งระบบ network ก็ติดต่อมาได้เลยนะคะ รับติดตั้งระบบ network",
        "emails": [
            "kongrit007@gmail.com"
        ],
        "id": "252166668212701",
        "location": {
            "city": "Bangkok",
            "country": "Thailand",
            "latitude": 13.683322,
            "longitude": 100.4256516,
            "street": "1/133 ถ บางบอน5",
            "zip": "10160"
        },
        "name": "รับซ่อมคอมพิวเตอร์ รับติดตั้งระบบ network หนองแขม",
        "phone": " 082-338-0364"
    },
    {
        "about": "ซ่อมคอมพิวเตอร์นอกสถานที่ ซ่อมโน๊ตบุ๊ค Tablet iPad iPhone Printer",
        "description": "คอมพิวเตอร์มีปัญหา ไม่ต้องเสียเวลารอ ไม่ต้องเดินทาง ไม่ต้องยกเครื่องไป มา เพียงติดต่อเรา ก็ได้บริการที่ดีกว่า ด้วยการซ่อมนอกสถานที่ ซ่อมถึงบ้าน ที่ทำงาน หรือ หน่วยงานของท่าน",
        "emails": [
            "cdc995@gmail.com",
            "admin@samuifix.com"
        ],
        "general_info": "ร้าน สมุยฟิกซ์ดอทคอม ให้บริการซ่อมคอมพิวเตอร์ในและนอกสถานที่ รับซื้อ รับจำนำ เครื่องคอมพิวเตอร์โน๊ตบุ๊ค ทุกรุ่น",
        "id": "126205357414188",
        "location": {
            "city": "Amphoe Koh Sa-mui",
            "country": "Thailand",
            "latitude": 9.5666952,
            "longitude": 99.9946365,
            "street": "81/1 หมู่ 1 ต.แม่น้ำ อ.เกาะสมุย จ.สุราษฏร์ธานี",
            "zip": "84330"
        },
        "name": "ซ่อมคอมพิวเตอร์เกาะสมุย",
        "phone": "081 476 0847"
    },
    {
        "about": "รับซ่อมคอมพิวเตอร์พริ้นเตอร์หาดใหญ่ www.masterinktank.com",
        "description": "รับซ่อมคอมพิวเตอร์ พริ้นเตอร์ หาดใหญ่\nรับซ่อมคอมพิวเตอร์โน๊ตบุ๊ค จอมอนิเตอร์ ์จอLCD ปริ้นเตอร์ เมนบอร์ด เเฟกซ์ เครื่องถ่ายเอกสาร กู้ข้อมูล ฆ่าไวรัส ลงโปรเเกรม อัพเกรดคอมพิวเตอร์ รับประกอบคอมพิวเตอร์ตามสแปคที่ต้องการ\nรับเดินสายเเลน ระบบ LAN NET WORKรับแก้ไขปัญหาอินเตอร์ตามบ้าน ร้าน บริษัท ห้างร้าน รับดูเเลคอมพิวเตอร์รายปีตามร้าน หรือบริษัท ราคากันเอง เเจ้งราคาก่อนซ่อมทุกครั้ง ถ้าไม่ซ่อมไม่มีค่าใช่จ่ายทั้งสิ้น รับประกันคุณภาพหลังการซ่อมโดยทีมงานมืออาชีพ ราคา เริ่มต้นที่ 200 ทางเรามีที่ตั้งแน่นอน  ทางร้านเราทำงานเป็นระบบแบบมืออาชีพ ทางร้านเราขยายสาขามาจาก บริษัทมาสเตอร์อิงค์แอนด์พริ้นติ้ง(ประเทศไทย)จำกัด ทาง ร้านเราดูแลลูกค้าด้วยใจ ด้วยความซื่อสัตย์ อะไหล่ทุกอย่างที่เปลี่ยนมีรับประกันทุกอย่างร้านเราดูแลลูกค้าหลังการซ่อม ทุกคนด้วยมาตรฐานเดียวกันไม่ว่าท่านจะซ่อมอะไรกับทางเราก็ตาม สำหรับคนที่ว่างงานทางร้านรับสอนช่างเทคนิคคอมพิวเตอร์ระยะสั้น ระยะยาวสามารถไปเปิดร้านทำกิจการตัวเองได้เลย สอบถามรายละเอียดได้ตลอดเวลา ในราคาสุดประหยัด ซ่อมไม่ได้ ไม่ต้องเสียเงิน รับประกันงานซ่อมโดยช่างมืออาชีพ.\n หากคุณประสบกับปัญหาเกี่ยวกับการใช้งานคอมพิวเตอร์ ไม่ว่าจะเป็น\n\n- เครื่องเสีย - เครื่องค้าง - เครื่องช้า - เครื่องแฮงค์ - เปิดไม่ติด - หน้าจอมืด - มีเออเร่อ Error\n- ขึ้น Blue Screen - มีไวรัส - ดูหนัง ฟังเพลงไม่ได้ - เข้าเน็ตไม่ได้ - เครื่อง Restart เอง - พิมพ์งานไม่ได้  ฯลฯ\n\nศูนย์เติมหมึกมาสเตอร์อิงค์ (สาขาสยามนครินทร์ คอมเพล็กซ์)\nห้อง SR301 ชั้น 3 ไอทีพล่าซ่า ถนนเพชรเกษม อำเภอหาดใหญ่ จังหวัดสงขลา 90110\nโทร. 081-8988601,086-4834137\nเวลาทำการ เวลา 09.30-21.00 น. ทุกวัน \nmasterink1@hotmail.com\nhttp://www.masterinktank.com/\n\n\nติดต่อตัวแทนจำหน่ายสั่งซื้อจำนวนเยอะ  คุณ นะ  โทร.083-5113556\nต้องการให้เสนอราคา email:masterink1@hotmail.com\n\n\n\nบริษัท มาสเตอร์อิงค์แอนด์พริ้นติ้ง(ประเทศไทย)จำกัด\nเลข ที่ 97/4 ถนนราษฏร์ยินดี   อำเภอหาดใหญ่  จังหวัดสงขลา 90110\nโทร 074-356385  แฟกซ์ 074-234658  \nEmail: masterink1@hotmail.com  \nโทรศัพท์ภายใน    โทร. 074-356385 (AUTO)\n          กด 11   ฝ่ายบัญชี-การเงิน\n          กด 12   ฝ่ายขาย/สมัครตัวแทนจำหน่าย\n          กด 13   แผนกช่าง(ฝ่ายบริการลูกค้า)\n         \n http://masterink.co.th/\nhttp://www.masterinkjet.com/index.php",
        "id": "219371858133950",
        "name": "รับซ่อมคอมพิวเตอร์ พริ้นเตอร์ เติมหมึกหาดใหญ่"
    },
    {
        "about": "สอบถามเพิ่มเติม โทร 089 416 4156  หรือ  098 338 5698  วีรยุทธ (ต้น)",
        "description": "สอนซ่อมคอม,ซ่อมคอม,ประกอบคอมพิวเตอร์ด้วยตัวเอง สอนโดยทีมอาจารย์มากประสบการณ์จากสถาบันคอมพิวเตอร์ชั้นนำ และจากพันธ์ทิพ พลาซ่า ประสบการณ์สายช่างมากกว่า10 ปี สอนตั้งแต่เปิดปิดเครื่องจนถึงการถอดชิ้นส่วน และการประกอบชิ้นส่วน กำจัดไวรัสให้สิ้นซาก ลงโปรแกรมแบบต่างๆ แม้ไม่มีพื้นฐานด้านคอมพิวเตอร์ก็สามารถเรียนได้ เหมาะสำหรับนักเรียนนักศึกษา ครู อาจารย์ และบุคคลทั่วไปที่ต้องการนำไปประกอบอาชีพ หรือพัฒนาองค์กร บุคลากรของตน.ผลงานการันตีจากการมีนักเรียนที่จบหลักสูตรนี้ไปแล้วกว่า 1000 คน ",
        "id": "203245046372521",
        "location": {
            "city": "กรุงเทพมหานคร",
            "street": "ถ เพชรเกษม บางแคเหนือ บางแค",
            "zip": "10160"
        },
        "name": "สอนซ่อมประกอบคอมพิวเตอร์",
        "phone": "094 1515 856 , 098 338 5698 "
    },
    {
        "about": "ซ่อมคอมถึงบ้าน อำเภอชุมแพ อำเภอใกล้เคียง และเมืองขอนแก่น โทรศัพท์ 087-4286694 Line:chirayunet",
        "id": "544632588927259",
        "location": {
            "city": "Amphoe Chum Phae",
            "country": "Thailand",
            "latitude": 16.47889,
            "longitude": 102.82676,
            "street": "ขอนแก่น",
            "zip": "40130"
        },
        "name": "รับซ่อมคอมพิวเตอร์ ทั่วจังหวัดขอนแก่น 500.- ทุกอาการ",
        "phone": "0874286694"
    },
    {
        "about": "ซ่อม ประกอบ อัพเกรดคอมพิวเตอร์\nกู้ข้อมูล Internet, Net work\nพิมพ์เอกสาร ปริ๊นส์เอกสารราคาถูก",
        "emails": [
            "r_pramin@hotmail.com"
        ],
        "id": "535646543256190",
        "location": {
            "city": "Bangkok",
            "country": "Thailand",
            "latitude": 13.70189,
            "longitude": 100.6133881,
            "street": "249 ซอยสุุขุมวิท 93 (ระหว่างพึ่งมี 3 กับพึ่งมี 5)",
            "zip": "10260"
        },
        "name": "รับซ่อมคอมพิวเตอร์",
        "phone": "086-556-6508, 085-214-2009"
    },
    {
        "about": "กล้องวงจรปิดดีดีลำพูน|ช่างซ่อมคอมดีดีลำพูน|ซ่อมคอมนอกสถานที่|ซ่อมปริ้นท์เตอร์",
        "description": "cctvลำพูน|ช่างซ่อมคอมดีดีลำพูน|ซ่อมคอมนอกสถานที่ลำพูน|ซ่อมปริ้นท์เตอร์ลำพูน|จานดาวเทียม|กล้องวงจรปิดลำพูน|ซ่อมแท็บเล็ตTablet|ลงโปรแกรมแท็บเล็ต|แก้ไขระบบไฟฟ้าลำพุน",
        "emails": [
            "jccom.lamphun@gmail.com"
        ],
        "id": "118351928368852",
        "location": {
            "city": "Muang Lamphun",
            "country": "Thailand",
            "latitude": 18.5851593,
            "longitude": 99.0134964,
            "street": "14 thanon changkong",
            "zip": "51000"
        },
        "name": "ซ่อมคอมลำพูน เจซี-คอมพิวเตอร์",
        "phone": "086-6549814 , 081-9987577 , 053-510798"
    },
    {
        "about": "ห้างหุ้นส่วนจำกัด ดีดับบลิวเน็ตเวิร์ค  โทร 0902515629",
        "description": "ห้างหุ้นส่วนจำกัด ดีดับบลิวเน็ตเวิร์ค จำหน่าย-ซ่อมคอมพิวเตอร์ คอมพิวเตอร์โน๊ตบุ๊ค ให้คำปรึกษาเกี่ยวกับคอมพิวเตอร์ งานวางระบบแลน และกล้องวงจรปิด ",
        "emails": [
            "computertohomes@gmail.com"
        ],
        "id": "1436571673289981",
        "name": "ซ่อมคอมพิวเตอร์นอกสถานที่ทั่วกรุงเทพและพื้นที่ใกล้เคียง",
        "phone": "0902515629"
    }
]