[
    {
        "id": "1429852873912883",
        "location": {
            "city": "ดุซงญอ",
            "latitude": 6.1697007,
            "longitude": 101.7083834,
            "street": "ชุมชนเกาะกุเวะห์ใหม่"
        },
        "name": "ร้านอินเตอร์เน็ต,จำหน่ายคอมพิวเตอร์,ซ่อมคอมพิวเตอร์",
        "phone": "073672624"
    },
    {
        "id": "1459970244220640",
        "location": {
            "city": "Bangkok",
            "country": "Thailand",
            "latitude": 13.75395,
            "longitude": 100.50224,
            "street": "เตาปูน"
        },
        "name": "ร้านซ่อมคอมพิวเตอร์ เตาปูน"
    },
    {
        "id": "1504887683067535",
        "location": {
            "city": "Si Racha",
            "country": "Thailand",
            "latitude": 13.080311764538,
            "longitude": 100.99027330324
        },
        "name": "ร้านบุญประดิษฐ์ ซ่อมคอมพิวเตอร์"
    },
    {
        "id": "1503490359934499",
        "location": {
            "city": "Khonkean",
            "country": "Thailand",
            "latitude": 16.4336518,
            "longitude": 102.8628044
        },
        "name": "ร้านo8ร้านขายอุประกรณ์คอมพิวเตอร์และซ่อมคอมพิวเตอร์"
    }
]