[
    {
        "about": "รับซ่อม ลงโปรเเกรม เปลี่ยนอะไหล่ ปรึกษาปัญคอมพิวเตอร์  โน๊ตบุค ทุกอาการ\nเริ่มต้นที่ 300บาท",
        "id": "100126303663364",
        "location": {
            "city": "Phuket",
            "country": "Thailand",
            "latitude": 7.88333,
            "longitude": 98.4,
            "street": "หลังราชภัฎภูเก็ต",
            "zip": "83000"
        },
        "name": "บริการซ่อมคอมพิวเตอร์",
        "phone": "090-0741861"
    },
    {
        "about": "รับซ่อมคอมพิวเตอร์ นอกสถานที่\nบริเวณ กรุงเทพฯ\n",
        "emails": [
            "m_manteam@hotmail.com"
        ],
        "id": "419726288211101",
        "location": {
            "city": "Bangkok",
            "country": "Thailand",
            "latitude": 13.7193499,
            "longitude": 100.7802124,
            "street": "ปากซอย ลาดกระบัง 50",
            "zip": "10520"
        },
        "name": "รับซ่อมคอมพิวเตอร์ นอกสถานที่ กรุงเทพฯ",
        "phone": "0859952150"
    },
    {
        "about": "เราคือผู้ให้บริการซ่อม และจำหน่ายอุปกรณ์คอมพิวเตอร์",
        "description": "  หัวใจหลักของร้าน \"HAPPY@NET\" คือ การบริการลูกค้าให้เกิด ความสุข,\nความเบิกบาน, ความพึงพอใจ, ความสบายใจ ,ความคุ้มค่าคุ้มราคา และมิตรภาพที่ยั่งยืนต่อกัน \n\nร้าน แฮปปี้ แอท เน็ต\n  สำนักงานจัดตั้งอยู่ในเขตอำเภอเมืองอุบลราชธานี จังหวัดอุบลราชธานี\nโทรศัพท์ : 081-234-2346 (หนุ่ย)\ne-mail      : yingjaroen.s@gmail.com",
        "emails": [
            "yingjaroen.s@gmail.com"
        ],
        "id": "727218957288195",
        "location": {
            "city": "อ.เมืองอุบลราชธานี จ.อุบลราชธานี",
            "street": "108/2 หมู่5 ต.แจระแม",
            "zip": "34000"
        },
        "name": "อุบล ซ่อมคอมพิวเตอร์ราคาถูก",
        "phone": "081-234-2346"
    },
    {
        "about": "รับซ่อมคอมพิวเตอร์ ลงโปรแกรม นอกสถานที่ทั่ว กรุงเทพและปริมณฑณ",
        "description": "รับซ่อมคอมพิวเตอร์นอกสถานที่ ถึงบ้าน สำนักงาน หมู่บ้าน ทั่วกรุงเทพ สมุทรปราการ และ นนทบุรี ครับผม โดยทีมช่างมืออาชีพ รับประกันงานซ่อมยาวนานกว่าใคร แน่นอนครับผม\nคอมช้า ติดไวรัส เชิญปรึกษาเราครับ\nยินดีให้คำปรึกษาฟรีทุกอาการครับ โทร. 081-033-1930\nเว็บไซท์อย่างเป็นทางการครับ ตามลิ้งนี้ครับ คลิ๊กได้เลยwww.ร้านซ่อมคอมพิวเตอร์ถึงบ้าน.com หรือ\nร้านซ่อมคอมพิวเตอร์ถึงบ้านดอทคอม\nเป็นศูนย์กลางบริการซ่อมคอมพิวเตอร์\nนอกสถานที่ เปิดบริการซ่อมคอมพิวเตอร์นอกสถานที่ในราคามาตรฐาน\nด้วยทีมงานช่างซ่อมคอมพิวเตอร์มืออาชีพ พร้อมให้บริการถึงที่บ้าน\nที่ทำงานออฟฟิต officeสำนักงาน โรงเรียน บริษัท วัด ร้านอินเตอร์เน็ต ที่พัก อพาร์ทเมนต์หมู่บ้าน ตรอกซอกซอยทั่วกรุงเทพ สมุทรปราการ และนนทบุรีบางส่วน\nทุกตรอกซอกซอยในกรุงเทพและสมุทรปราการเราไปได้หมดครับ รับซ่อมคอมตลอด 24 ช.ม. ฯลฯ รับซ่อมคอมด่วน\nซ่อมคอมพิวเตอร์ 24 ชั่วโมงเราพร้อมตลอดครับ STANBY 4 U ALWAYS 24 HOURS\nถ้าท่านอยากซ่อมคอมถึงบ้าน ท่านอยู่ที่ไหนในกรุงเทพและสมุทรปราการ\nเราจะตามหาท่านจนเจอและมอบบริการซ่อมคอมที่ดีให้เพราะเรามีแผนที่ดาวเทียมจาก Google หาเจอทุกตรอกซอกซอย เพียงท่านโทรหาเราเท่านั้น\nเดินทางด่วนโดย มอเตอร์ไซค์ สะดวก รวดเร็ว ปลอดภัย ไร้รถติด\nยินดีให้คำปรึกษาฟรีทุกอาการครับ โทร. 081-033-1930รายละเอียดเพิ่มเติมดูได้ในเว็บไซท์น่ะครับ\nซ่อมถูกและดีกว่าใคร บริการถึงทุกที่ในกรุงเทพ ฯและสมุทรปราการ\nอุ่นใจรับประกันงานซ่อมจนท่านพอใจ หาที่ไหนไม่ได้อีกแล้วครับ\nบริการหลังการซ่อมที่ดี ดูแลไม่ทอดทิ้งแน่นอนครับผม ซ่อมดี ประกันดียาวนาน คุณภาพและราคาที่คุ้มค่า\nของแถมจุใจ ปลอดไวรัส 100เปอร์เซ็นต์\nสอนเทคนิคการใช้อินเทอร์เน็ตขันเทพให้ฟรี เข้าใจง่ายมาก ไม่ยุ่งยาก หาได้ทุกอย่างไม่ต้องยกไปให้ยุ่งยาก อยู่บ้านเพียงติดต่อเรา\nทีมงานเราพร้อมให้บริการทุกท่านแล้วครับผม\n****เราลง windows แบบ step by step ไม่ใช้ Ghost อย่างแน่นอน รับประกัน windows ใช้ได้ยาวนาน ไม่ล้มบ่อยเหมือนก่อนแน่นอนครับ คุ้มค่าราคา แน่นอนครับ เรากล้ารับประกัน****\nรับลงวินโดว์ทุกชนิดWindows XP 7 8 8.1 พร้อมโปรแกรมPromgramเสริมครับครัน Nod 32 Anti-Virus,Avast Anti-Viruses อัพเดทได้ เราหาโปรแกรมให้ท่านได้ทุกโปรแกรมครับ รับทำความสะอาดโน๊ตบุ๊คและ PC เพื่อระบายความร้อน ใส่ซิลิโคน cpuเพื่อระบายความร้อน ปัดฝุ่นซึ่งเป็นสาเหตุทำให้คอมค้าง ดับเอง ความร้อนทำให้แรม บอร์ด cpuร้อน เสียเร็ว ฯลฯ ทำความสะอาดคอมวันนี้ ยืดอายุคอมไปได้อีกนานครับ เร็วขึ้น แน่นอน\nปรึกษาและสอบถามฟรีได้ตลอด 24 ชั่วโมงครับผม\nติดต่อ : ช่างอาร์ตสอบถามค่าบริการก่อนซ่อมได้ครับ\nโทร. 081-033-1930\nwww.ร้านซ่อมคอมพิวเตอร์ถึงบ้าน.com\nเว็บไซท์อย่างเป็นทางการข้างบนครับ\nเมื่อคอมของท่านป่วย ผิดปกติ เช่น\n-เครื่องค้าง\n-เครื่องแฮ้งค์\n-เครื่องเปิดใช้งานไม่ได้จอดำ ขึ้นแต่ภาษาอังกฤษ windowsล้ม\n-เครื่องเปิดใช้งานแล้วรีสตาร์ทเอง\n- วันที่ เวลา ตั้งกี่รอบต่อกี่รอบไม่ตรง\n-เครื่องเปิดไม่ขึ้น ไฟไม่ติด\n-เครื่องเปิดขึ้นมาแล้วจอมืด\n-เครื่องพิมพ์งานไม่ออก\n-เครื่องขึ้นเออเร่อ Errorจอฟ้า\n-เครื่องเล่นเน็ตไม่ได้\n-เครื่องติดไวรัส\n-ข้อมูลหาย ต้องการกู้ข้อมูลสำคัญฯลฯ\nอีกปัญหาร้อยแปดพันเก้าประการปัญหาคอมพิวเตอร์\nทางเรายินดีรับซ่อมทุกอาการให้กลับมาใช้งานได้ดั่งใจอีกครั้ง โดยช่างซ่อมคอมพิวเตอร์มืออาชีพ เคยผ่านงานซ่อมมาแล้วนับไม่ถ้วน จึงสามารถรับประกันงานซ่อมได้เต็มที่\nรับซ่อมคอมพิวเตอร์ย่านฝั่งธนบุรีทุกเขต\nเขตธนบุรี เขตบางกอกใหญ่เขตคลองสาน\nเขตตลิ่งชัน เขตบางกอกน้อย เขตบางขุนเทียน\nเขตภาษีเจริญ เขตหนองแขม เขตราษฎร์บูรณะ\nเขตบางพลัด เขตจอมทอง เขตบางแค\nเขตทวีวัฒนา เขตทุ่งครุ เขตบางบอน\nบางคอแหลมบางพลัด บางจาก\nดาวคะนอง แสมดำ ท่าข้าม และเขตอื่นๆ ที่บอกไม่หมดครับเราไปได้หมดครับผมซ่อมคอมพุทธมณฑลสาย 1 2 3 4 5 ซ่อมคอมศาลายา\nเเละ ฝั่งพระนครทุกเขต\nพระบรมมหาราชวัง บวรนิเวศ วังบูรพาภิรมย์ ตลาดยอด\nวัดราชบพิธ ชนะสงคราม สำราญราษฎร์ บางขุนพรหม เสาชิงช้า วัดสามพระยา ศาลเจ้าพ่อเสือ บ้านพานถม คันนายาวคลองเตย\nคลองสาวาคันนายาวดอนเมืองดินแดงบางเขนลาดกระบัง\nจตุจักรดุสิต บางซื่อ บางนา บางรัก บึงกุ่ม ปทุมวัน\nประเวศ ป้อมปราบศัตรูพ่าย พญาไท พระโขนง พระนครลาดยาว วิภาวดีรังสิต\nมีนบุรี ยานนาวา ราชเทวีลาดพร้าว วังทองหลาง บึงทองหลาง วัฒนา\nสวนหลวง สัมพันธวงศ์ สาทร บางกะปิ รามคำแหง\nหนองจอกหลักสี่ ห้วยขวาง ลาดกระบัง หนองจอก และเขตอื่น ๆ ที่บอกไม่หมดครับเราไปได้หมดครับผม\nซ่อมคอม, ซ่อมคอมนอกสถานที่, ซ่อมคอมเสาชิงช้า, ซ่อมคอมปทุมวัน, ซ่อมคอมถึงบ้าน, ซ่อมคอมบางนา, ซ่อมคอมเทพารักษ์,ซ่อมคอมสำโรงเหนือใต้,ซ่อมคอมคลองเตย,ซ่อมคอมบางรัก,ซ่อมคอมประเวศ, ซ่อมคอมสวนหลวง, ซ่อมคอมยานาวา,ซ่อมคอมพระประเเดง,ซ่อมคอมสมุทรปราการ,ซ่อมคอมสาทร,ลงวินโดวส์ใหม่, รับทำความสะอาดเครื่องคอม, ล้างเครื่อง, formatเครื่องใหม่, รับลงวินโดวส์,รับลงwindows,รับลงสเเกนไวรัสฟรี,ซ่อมคอมท่าข้าม,ซ่อมคอมแสมดำ, ซ่อมคอมพระราม 2 ,ซ่อมคอมบางซื่อ, ซ่อมคอมสีลม,ซ่อมคอมลาดกระบัง,ซ่อมคอมดินแดง,ซ่อมคอมวัฒนา,ซ่อมคอมราชาเทวะ,ซ่อมคอมบางนา,ซ่อมคอมแพรกษาใหม่, ซ่อมคอมบางปู, ซ่อมคอมบางบำหรุ, ซ่อมคอมบางโพงพาง, ซ่อมคอมคลองจั่น,ซ่อมคอมคลองกุ่ม, ซ่อมคอมบางแก้ว, ซ่อมคอมลาดพร้าว,ซ่อมคอมคลองตันเหนือ,ซ่อมคอมดาวคะนอง,ซ่อมคอมบางน้ำผึ้ง,ซ่อมคอมบางยอ,ร้านซ่อมคอมสรรพาวุธ,รับซ่อมคอมสำโรง,รับซ่อมคอมเทพารักษ์,ซ่อมคอมประชาอุทิศ,ซ่อมคอมพระสมุทรเจดีย์,ซ่อมคอมบางปูใหม่,ซ่อมคอมแพรกษา,ซ่อมคอมบางขุนนนท์,ซ่อมคอมบางกอกน้อย, ซ่อมคอมเทพารักษ์, ซ่อมคอมหนามแดง, ซ่อมคอมพุทธมณฑลสาย 1 2 3 4 5, ซ่อมคอมพิวเตอร์ศาลายา,ซ่อมคอมทวีวัฒนา,ซ่อมคอมพิวเตอร์ศาลาธรรมสพน์, ลงPromgram,ซ่อมคอมพิวเตอร์สะแกงาม,ซ่อมคอมสะแกงาม,ร้านซ่อมคอมพิวเตอร์พระราม 2, ซ่อมคอมศาลายา\nพื้นที่ที่ให้บริการ ซ่อมคอมพิวเตอร์ นอกสถานที่ร้านซ่อมคอมพิวเตอร์ ถึงที่บ้าน\nกรุงเทพ บางแคหนองแขม ตลิ่งชัน บางบอน เอกชัย ดาวคะนอง ซ่อมพุทธมณฑลสาย1 ซ่อมพุทธมณฑลสาย1 ซ่อมพุทธมณฑลสาย2 ซ่อมพุทธมณฑลสาย3 ซ่อมพุทธมณฑลสาย4ซ่อมพุทธมณฑลสาย5ซ่อมคอมศาลายา ทวีวัฒนา ศาลาธรรมสพ ท่าพระ จรัญสนิทวงศ์ หรือฝั่งธนทั้งหมด\nสมุทรปราการ สุขสวัสดิ์, ทุกซอยซ่อมคอมพิวเตอร์นอกสถานที่, ถึงบ้าน, บางปะกอก, ประชาอุทิศ, ดาวคะนอง, พระประแดง, ทุ่งครุ, แหลมฟ้าผ่า, ทุ่งครุ, บางน้ำผึ้ง, บางกอบัว, บางพึ่ง, บางครุ, ทุ่งครุ, บ้านคลองสวน, บางจาก, นาเกลือ, จอมทอง, ซ่อมคอมพิวเตอร์สมุทรปราการ\nรับซ่อมคอม รับซ่อมคอมพิวเตอร์รับซ่อมคอมพิวเตอร์นอกสถานที่ ร้านซ่อมคอม ร้านซ่อมคอมพิวเตอร์ร้านซ่อมคอมพิวเตอร์นอกสถานที่ บริการซ่อมคอม บริการซ่อมคอมพิวเตอร์บริการซ่อมคอมพิวเตอร์นอกสถานที่ เครื่องเปิดไม่ติด คอมเปิดไม่ติดคอมพิวเตอร์เปิดไม่ติด วินโดว์ล้ม วินโดว์เสีย ลงวินโดว์ใหม่ ไวรัสติดไวรัส เครื่องติดไวรัส คอมติดไวรัส คอมพิวเตอร์ติดไวรัส ฆ่าไวรัสฆ่าไวรัสคอมพิวเตอร์ ล้างวินโดว์ วินโดว์เอ็กซ์พี วินโดว์เซเว่น window windows windowsxp vista windows vista windows 7 virus window vista window7 window xpคอมติดไวรัส คอมพิวเตอร์ติดไวรัส เครื่องติดไวรัส คอมติด virus เครื่องติด virus คอมติดvirus คอมพิวเตอร์ติด virus ช่างคอมช่างซ่อมคอม ช่างซ่อมคอมพิวเตอร์ ซ่อม computer ซ่อมnotebook ซ่อมคอมซ่อมคอมถึงบ้าน ซ่อมคอมนอกสถานที่ ซ่อมคอมพิวเตอร์ซ่อมคอมพิวเตอร์นอกสถานที่ บริการซ่อมคอมพิวเตอร์บริการซ่อมคอมพิวเตอร์นอกสถานที่ รับซ่อม notebook รับซ่อมคอมรับซ่อมคอมพิวเตอร์ ร้านซ่อมคอม ร้านซ่อมคอมพิวเตอร์\nซ่อมราคาประหยัดถูกกว่าใครถึงที่พัก On-site services\nพื้นที่ให้บริการซ่อมคอมในจังหวัดสมุทรปราการ\nอำเภอเมืองสมุทรปราการ อำเภอบางบ่ออำเภอบางพลีอำเภอพระประแดงอำเภอพระสมุทรเจดีย์อำเภอบางเสาธงซ่อมคอมปา\nข้อดีของบริการรับซ่อมคอมถึงบ้าน โดย ร้านซ่อมคอมพิวเตอร์ถึงบ้านดอทคอม\n1. ไม่ต้องกังวลเรื่องถอดสายไฟแล้วเสียบไม่ถูก เพราะเราจะไปซ่อมถึงที่เลย ไม่ต้องถอดสาย หรือเคลื่อนย้ายไปไหน\n2. ไม่ต้องกลัวเรื่องโดนเปลี่ยนอะไหล่คอมพิวเตอร์ เพราะเป็นการซ่อมที่หน้างาน คุณสามารถนั่งดูไปด้วยได้เลย หากอยากเรียนรู้เราก็จะสอนให้ที่หน้างาน\n3. ไม่ต้องกังวลเรื่องอุปกรณ์ที่ต่อพ่วงกับคอมพิวเตอร์จะใช้การไม่ได้ เพราะเราจะติดตั้งให้ใช้การได้เหมือนเดิม พร้อมให้ทดลองใช้งานจริงๆ\n4. ไม่ต้องกังวลว่า ซ่อมแล้วจะใช้การไม่ได้ เนื่องจากซ่อมเสร็จแล้ว จะให้ลูกค้าทดลองใช้งานจริงทุกอย่าง จนเป็นที่พอใจ\n5. ช่วยประหยัดเวลา ไม่ต้องเสียเวลารอรถ รอคิว รอช่าง นั่งรอจนซ่อมเสร็จ แล้วก็รอยกกลับอีก\n6. ช่วยประหยัดค่าใช้จ่าย ไม่ต้องเสียค่ารถเพิ่มเติม ไม่ต้องเสียค่าน้ำมันรถ ไม่ต้องเสียค่าซ่อมแพงเกินไป\n7. ช่วยประหยัดพลังงาน ไม่ต้องยกคอมไปถึงร้านซ่อมเป็นเวลาหลายชั่วโมง แล้วก็ไม่ต้องยกกลับ\n8. ช่วยประหยัดเงินในกระเป๋า คิดค่าบริการถูกกว่ายกไปห้างหรือร้านซ่อม ประหยัดค่ารถ ประหยัดค่าน้ำมัน\n9. ลูกค้าสงสัยตรงไหน สอบถามได้ จะสามารถอธิบายทุกอย่างได้อย่างไม่ปกปิด\n10. เลือกเวลาให้ไปซ่อมได้อย่างสะดวก ว่าจะให้ไปซ่อมตอนกลางวันหรือกลางคืน หรือเวลาไหน เนื่องจากเรามีทีมงานซ่อมคอมภาคค่ำ(บริการจนถึงเที่ยงคืน) สำหรับลูกค้าที่ไม่ค่อยมีเวลาฯลฯ\nการรับประกันงานซ่อม\nเราจะรับประกันงานซ่อมให้จนท่านพอใจ จนท่านว่าคุ้มค่าแล้ว เพราะเราไม่รู้ว่าคอมเราจะมีปัญหาอีกหรือเปล่า เพื่อความอุ่นใจเมื่อเลือกซ่อมกับเราแล้ว ถ้าคุณยังใช้งานไม่คุ้มค่า คอมก็มาเสียอีก ทางเราจะซ่อมถึงบ้านให้ฟรีครับ คุยกันได้ทางเราคำนึงถึงความพอใจของลูกค้าเป็นอันดับหนึ่งเลยครับ ไม่ทอดทิ้ง\nทางทีมงานยินดีให้บริการด้วยความเต็มใจ “เพราะงานของเราไม่ได้อยู่แค่ซ่อมเสร็จแล้วจบ…แต่งานของเราคือซ่อมแล้วต้องดูแลลูกค้าให้ใช้การได้ตลอดไปด้วยดี ความพอใจของลูกค้าเป็นสิ่งที่เราตระหนักอยู่เสมอ”\nยินดีให้คำปรึกษาทุกท่านครับ โทรได้เลย 24 ช.ม. ครับผม\nเรียกใช้บริการเราดีกว่าครับผม ดีและถูก ครบครัน สั่งได้ พร้อมให้บริการทั่วกรุงเทพและสมุทรปราการครับผม ช่างอาร์ตครับ\nผมยินดีให้บริการท่านถึงบ้าน คอนโด โรงเรียน วัด อพาทเมนท์ แมนชั่น บริษัท ห้าง ร้าน ฯลฯ ด้วยความยินดียิ่งครับผม\n",
        "emails": [
            "artcomputernan@gmail.com"
        ],
        "id": "689949651102147",
        "location": {
            "city": "Bangkok",
            "country": "Thailand",
            "latitude": 13.713379999967,
            "longitude": 100.43099999999,
            "street": "Phet Kasem 58",
            "zip": "10160"
        },
        "name": "ร้านซ่อมคอมพิวเตอร์ถึงบ้านดอทคอม",
        "phone": "0810331930"
    },
    {
        "about": "สอนซ่อมคอมพิวเตอร์ โน๊ตบุ๊ค โทรศัพท์มือถือ แท็บ",
        "description": "สอนซ่อม คอมพิวเตอร์ แท๊บเล็ต ปริ้นเตอร์ โทรศัพท์มือถือ เมนบอร์ด มอนิเตอร์\nสอนเทคนิคซ่อมคอมขั้นเทพ สายดำ ได้แนวความคิดมาจาก ประเทศจีน สหรัฐอเมริกา และ อีกหลายประเทศ รับรองเห็นผล ไม่มีเนื้อหาเรียนตามหนังสือเรียนทั่วไป เป็นวิชาการแบบใหม่ เก่งแน่นอน ไม่เหมือนที่ไหนอีกแล้ว มีที่เดียวในโคราช นครราชสีมา หลักสูตรนี้มีที่เดียว สอนซ่อม Harddisk สอนซ่อม Router Wifi สอนซ่อม เพาเวอร์ซัพพลาย และงานอิเล็กทรอนิกส์ ทุกชนิด ทุกเพศทุกัย ใครที่มีความสนใจสามารถเข้ามาสมัคร และนัดเวลาเรียนได้ เรียนตามเนื้อหาที่แสดงในหลักสูตร ไปเลื่อยๆ จนกว่าจะเข้าใจและสามารถ ทำงานได้จริง สอนปูพื้นฐานก่อนเข้าเรียน สามารถวิชา วิศวกรรมคอมพิวเตอร์ สาขาวิทยาการคอมพิวเตอร์ และ เป็นพื้นฐานในการทำงานทั่วไป\n\nสอนเขียนโปรแกรม java, htlm, php, node.js, python, Ardunio, grails, spring roo, mysql, groovy, C, C#, javascript, ่JQuery Mobile, Dreamweaver\nสอนการทำ Network ทำ Server Hotspot (สำหรับทำบัตรขาย หรือรหัสล็อกอินก่อนใช้ อินเทอร์เน็ต ตามหอพัก) Webserver, Basic Network การทำ Network พื้นฐาน\n\nรับทำโปรเจ็คจบนักศึกษา\n\nสนใน Tel : 0819551822 , 0857481492\n\n1. http://www.thai-electronic-house.org/\n2. http://facebook.com/thaiElectronichouse\n3. https://sites.google.com/site/xilekthrxniksheasnkhrrachsima\n4. https://sites.google.com/site/thaielectronichouse/home\n5. https://sites.google.com/site/korat20139/home\n6. https://sites.google.com/site/echkorat\n7. https://plus.google.com/+อิเล็กทรอนิกส์เฮ้าส์นครราชสีมาโคราช/posts\n8. https://plus.google.com/114381830488870260818/posts?hl=th\n9. http://echkorat.blog.com/\n10. https://www.facebook.com/groups/eleckorat\n11. http://www.elec-korat.hostingsiteforfree.com",
        "emails": [
            "por2008@gmail.com"
        ],
        "id": "315869208561658",
        "location": {
            "city": "Nakhon Ratchasima",
            "country": "Thailand",
            "latitude": 14.9573765,
            "longitude": 102.0418701,
            "street": "387/3",
            "zip": "30000"
        },
        "name": "อิเล็กทรอนิกส์เฮ้าส์ ชมรมรวมช่างซ่อมคอมพิวเตอร์สายพันธุ์ใหม่แห่งประเทศไทย 1",
        "phone": "\t\t0857481492 - 0819551822 "
    },
    {
        "about": "ให้บริการซ่อมคอมพิวเตอร์และแสกนไวรัสคอมพิวเตอร์",
        "id": "1707173842845383",
        "location": {
            "city": "Maha Sarakham",
            "country": "Thailand",
            "latitude": 16.1833,
            "longitude": 103.3,
            "street": "โรงเรียนท่าขอนยางพิทยาคม",
            "zip": "44000"
        },
        "name": "ซ่อมคอมพิวเตอร์",
        "phone": "0613623154"
    },
    {
        "about": "ที่อยู่ 183/17 ต.ธานี อ.เมือง จ.สุโขทัย ซอย ตึกแดง (ติดกับโรงเรียนเสริมสวยนาคทอง) โทร.0801180600,055621259",
        "description": "ร้านบีทีแอทคอม จำหน่ายคอมพิวเตอร์และอุปกรณ์คอมพิวเตอร์ทุกชนิด\nรวมทั้งอุปกรณ์สำนักงาน และอุปกร์กีฬา อีกด้วย แล้วยังมีงานสื่อสิ่งพิมพ์ ทำนามบัตร เว็บไซต์ แฟลชอนิเมชั่น และอื่นๆ เดินระบบ Lan กล้องวงจรปิด บริการเซอร์วิสถึงที่ ^^",
        "emails": [
            "btatcom1019@gmail.com"
        ],
        "id": "246036008855191",
        "location": {
            "city": "Sukhothai",
            "country": "Thailand",
            "zip": "64000"
        },
        "name": "ซ่อมคอมพิวเตอร์ ทำเว็บไซต์ ปรึกษาปัญหาคอม",
        "phone": "0801180600,055621259"
    },
    {
        "about": "ร้านซ่อมคอมพิวเตอร์",
        "id": "394085513984653",
        "name": "ร้านซ่อมคอมพิวเตอร์"
    },
    {
        "about": "ศูนย์บริการซ่อมและจัดจำหน่ายอุปกรณ์  โน็ตบุคไอที,คอมพิวเตอร์และอิเล็กทรอนิกส์",
        "emails": [
            "picthaisky00@gmail.com"
        ],
        "id": "552744361496538",
        "location": {
            "city": "อ.ชลบุรี จ.ชลบุรี",
            "street": "6/53 ถ.บางแสนสาย4ใต้ ต.แสนสุข",
            "zip": "20130"
        },
        "name": "SENIC Solution ซ่อมคอมพิวเตอร์/โน็คบุค/อิเล็กทรอนิกส์ บางแสน",
        "phone": "0816877260"
    },
    {
        "about": "จำหน่ายและซ่อม คอมพิวเตอร์แบบครบวงจร\n\nTel./Fax : 0-7443-7772 /08-6491-1002\n",
        "id": "649955038464615",
        "location": {
            "city": "Songkhla",
            "country": "Thailand",
            "latitude": 7.12177,
            "longitude": 100.62622,
            "street": "2/5 ถ.บ้านดอน(หน้าสวนเถ้าแก่) ต.บ่อยาง อ.เมือง",
            "zip": "90000"
        },
        "name": "ศูนย์ซ่อมคอมพิวเตอร์สงขลา",
        "phone": "0-7443-7772"
    },
    {
        "about": "การบริการซ่อมเครื่องคอมพิวเตอร์ หรือ บริการประกอบเครื่องคอมพิวเตอร์ และอื่นๆ",
        "description": "บริการซ่อมเครื่องคอมพิวเตอร์ หรือ บริการประกอบเครื่องคอมพิวเตอร์ และอื่นๆ บริการทั้ง บุคคลภายนอก หรือภายใน วิทยาลัยเทคโนโลยีสยามบริหารธุรกิจ นนทบุรี (SBAC) โดยเป็นกลุ่มการเรียนรู้ของนักเรียน นักศึกษาเพื่อฝึกและพัฒนาผู้เรียนให้มีความรู้ และทักษะเพื่อนำไปประกอบอาชีพได้",
        "id": "314172435325187",
        "location": {
            "street": "49/178 หมู่ 8 ถ.รัตนธิเบศร์ ต.บางกระสอ อ.เมืองนนทบุรี จ.นนทุบรี 11000"
        },
        "name": "ศูนย์ซ่อมคอมพิวเตอร์ วิทยาลัยเทคโนโลยีสยามบริหารธรุกิจ นนทบุรี"
    },
    {
        "about": "บริการรับซ่อมอุปกรณ์ Computer,Notebook,UPS,printer ทุกรุ่นทุกยี่ห้อ",
        "description": "บริการรับซ่อมอุปกรณ์คอมพิวเตอร์ทุกชนิด ราคากันเอง",
        "id": "1554703414785657",
        "location": {
            "city": "Bangkok",
            "country": "Thailand",
            "latitude": 13.77431,
            "longitude": 100.54686,
            "street": "ห้างพันธ์ทิพย์พลาซ่า",
            "zip": "10400"
        },
        "name": "ซ่อมคอมพิวเตอร์  หจก. P2C Computer service"
    },
    {
        "id": "529134063894571",
        "location": {
            "city": "Maha Sarakham",
            "country": "Thailand",
            "latitude": 16.10452,
            "longitude": 103.3107,
            "street": "มหาวิทยาลัยราชภัฎมหาสารคาม",
            "zip": "44000"
        },
        "name": "รับซ่อมคอมพิวเตอร์ PC โน้ตบุ๊ค มหาสารคามราคากันเอง",
        "phone": "0863387952"
    },
    {
        "about": "รับซ่อม คอมพิวเตอร์ ในและนอกสถานที่",
        "id": "423858907786698",
        "location": {
            "city": "Bangkok",
            "country": "Thailand",
            "street": "."
        },
        "name": "ซ่อมคอมพิวเตอร์      08 0804 2908",
        "phone": "0808042908"
    },
    {
        "about": "ซ่อมคอมฯ ซ่อมโน๊ตบุค ซ่อมปริ้นเตอร์  LCD อุปกรณ์ต่อพ่วงคอมพิวเตอร์ ",
        "id": "594843470574944",
        "location": {
            "city": "Chiang Mai",
            "country": "Thailand",
            "latitude": 18.896009291778,
            "longitude": 99.006015658379,
            "street": "257/4 หมู่ 4 ต.หนองหาร",
            "zip": "50290"
        },
        "name": "ซีเอ็นคอมพิวเตอร์แอนด์เซอร์วิส สาขาแม่โจ้ - รับซ่อมคอมพิวเตอร์",
        "phone": "0877287495"
    },
    {
        "about": "ศูนย์บริการซ่อมโน๊คบุ๊ค ไอโฟน สมาร์ทโฟน แมคบุ๊ค ทุกรุ่น ทุกยี่ห้อ",
        "description": "ซ่อมโน๊คบุ๊คทุกอาการ เช่น\n-เปิดไม่ติด \n-เปิดติดแล้วดับ \n-เปิดติดไม่ขึ้นภาพ \n-จอเอียง จอขาว จอแตก จอลาย\n-ชาร์จไฟไม่เข้า\n-เล่นแล้วดับ \n\nสอบถามรายละเอียดได้ที่ โทร.053-776522 , 090-9638932 ",
        "id": "237092959746801",
        "location": {
            "city": "ต.บ้านดู่ อ.เมือง จ.เชียงราย",
            "street": "132/1-2 ม.4 ถ.หน้ามหาลัย ราชภัฏเชียงราย",
            "zip": "57100"
        },
        "name": "ศูนย์ซ่อมโน๊ตบุ๊คเชียงราย อ๊อพชั่นคอมพิวเตอร์",
        "phone": "053-776522 , 095-9655899"
    },
    {
        "about": "กล้องวงจรปิดไร้สาย กันขโมยไร้สาย วางระบบเน็ตเวิร์ค ซ่อมคอมพิวเตอร์",
        "description": "ขายและติดตั้ง กล้องวงจรปิดไร้สาย ระบบรักษาความปลอดภัยไร้สาย วางระบบเน็ตเวิร์คคอมพิวเตอร์ และซ่อมคอมพิวเตอร์ ติดต่อ 081-496-6185 ศุภชัย ศิริสุข",
        "emails": [
            "supachais@gmail.com"
        ],
        "id": "953706384692239",
        "location": {
            "street": "หนองแขม กรุงเทพมหานคร"
        },
        "name": "กล้องวงจรปิดไร้สาย กันขโมยไร้สาย วางระบบเน็ตเวิร์ค ซ่อมคอมพิวเตอร์",
        "phone": "081-496-6185"
    },
    {
        "about": "รับซ่อมคอมพิวเตอร์ ปริ้นเตอร์ ถึงบ้าน",
        "description": "ซ่อมคอมพิวเตอร์ ปริ้นเตอร์ ถึงบ้าน\n\nติดต่อ  086-599-1129\n\nที่ตั้ง : บางพลี สมุทรปราการ 10540\n\nอีเมล์: comcare_system@hotmail.com\n\nหมายเหตุ : รับงานสมุทรปราการ  และบางนา",
        "emails": [
            "comcare_system@hotmail.com"
        ],
        "id": "177464962284292",
        "location": {
            "street": "บางพลี",
            "zip": "10540"
        },
        "name": "ซ่อมคอมพิวเตอร์ ปริ้นเตอร์ โน๊ตบุ๊ค ถึงบ้าน โทร.086-599-1129",
        "phone": "086-599-1129"
    },
    {
        "id": "674291806024413",
        "location": {
            "street": "99/299 ม.14 ต.วัดไทร์",
            "zip": "60000"
        },
        "name": "รับซ่อมคอมพิวเตอร์ นครสวรรค์ รีเซ็ตคอมพิวเตอร์",
        "phone": "0891055505"
    },
    {
        "about": "ซ่อมคอมพิวเตอร์ ปริ้นเตอร์ โน๊ตบุ๊ค ทุกอาการ โทร. 080-727-3967 , 086-249-8784",
        "id": "246325198854433",
        "name": "ซ่อมคอมพิวเตอร์ ปริ้นเตอร์ โน๊ตบุ๊ค ทุกอาการ"
    },
    {
        "about": "รับซ่อมลง Windows ,โปรเเกรม ,สเเกนไวรัส ,ลงเกมทั้ง PC Notebook  จัดสเปกคอม ประกอบคอม อัพเกรด ตามสั่ง ",
        "emails": [
            "nuttawut44162@hotmail.com"
        ],
        "id": "1529643023920459",
        "location": {
            "city": "Nakhon Ratchasima",
            "country": "Thailand",
            "latitude": 14.959615474096,
            "longitude": 102.06066066906,
            "street": "243/130 ตรอกวัดท่าตะโก ต.ในเมือง อ.เมือง จ.นครราชสีมา",
            "zip": "30000"
        },
        "name": "รับซ่อม คอมพิวเตอร์ KORAT",
        "phone": "088-1025399"
    },
    {
        "about": "บริการซ่อมคอมพิวเตอร์นอกสถานที่ เขตกรุงเทพฯ ปริมลฑล",
        "id": "172448349611480",
        "location": {
            "city": "Bangkok",
            "country": "Thailand",
            "latitude": 13.60599,
            "longitude": 100.41691,
            "street": "rama2",
            "zip": "10150"
        },
        "name": "ศูนย์ซ่อมโน๊ตบุ๊ค คอมพิวเตอร์ มือถือ พระราม2",
        "phone": "084-4272966"
    },
    {
        "about": "Notebook Desktop Computer Sales \u0026 Service ",
        "id": "128809480629239",
        "location": {
            "city": "Phuket",
            "country": "Thailand",
            "latitude": 8.0341931,
            "longitude": 98.3312055
        },
        "name": "ซ่อมคอมพิวเตอร์ถึงบ้าน",
        "phone": "0896477007"
    },
    {
        "id": "270371313000158",
        "location": {
            "city": "Bangkok",
            "country": "Thailand",
            "latitude": 13.857564564901,
            "longitude": 100.53695650444,
            "zip": "11000"
        },
        "name": "Mild Com ร้านมายด์คอม ซ่อมคอมพิวเตอร์ พันธุ์ทิพย์งามวงศ์วาน"
    },
    {
        "about": "รับซ่อมคอมพิวเตอร์นอกสถานที่ นนทบุรี ปทุมธานี แจ้งวัฒนะ ติวานนท์ รัตนาธิเบศร์ ",
        "description": "*** รับซ่อมคอมพิวเตอร์นอกสถานที่***\nรับซ่อมคอมพิวเตอร์ โน๊ตบุค พีซี นอกสถานที่ เขตนนทบุรี แจ้งวัฒนะ ปากเกร็ด ติวานนท์ ปทุมธานี เรามีช่างบริการซ่อมคอมพิวเตอร์ที่มีความชำนาญ ในสายงานอาชีพ ส่งตรงถึงที่บ้าน ถึงสำนักงาน ห้าง บริษัทฯ ออฟฟิศ ในราคาประหยัด ไม่ต้องเหนื่อย เสียเวลา รับประกันบริการหลังการซ่อม 1 เดือน โทรสอบถามหรือปรึกษาได้ตลอดเวลา (ราคาเริ่มต้นเพียง 300 บาท)",
        "emails": [
            "aek.jtsit@gmail.com"
        ],
        "id": "830241187013047",
        "location": {
            "city": "Nonthaburi",
            "country": "Thailand",
            "latitude": 13.8611,
            "longitude": 100.513,
            "street": "แจ้งวัฒนะ",
            "zip": "11120"
        },
        "name": "รับซ่อมคอมพิวเตอร์",
        "phone": "\u003c\u003cnot-applicable\u003e\u003e"
    }
]