[
    {
        "about": "กระเบื้องปูพื้น, กระเบื้องห้องน้ำ, กระเบื้องห้องครัว ราคาส่ง ติดต่อ 02-3799065-7",
        "description": "ดูกระเบื้องปูพื้นเพิ่มเติมได้ที่ www.thaitiles.com",
        "id": "261955513824612",
        "name": "กระเบื้องปูพื้น"
    },
    {
        "about": "กระเบื้องปูผนัง หลากหลายยี่ห้อ รวมแบบกระเบื้องเพื่อเป็นไอเดีย ในการแต่งบ้าน",
        "id": "108313002702575",
        "name": "กระเบื้องปูผนัง"
    },
    {
        "about": "ช่างปูกระเบื้อง ราคากระเบื้องปูพื้น www.ConstructThai.com เว็บไซต์หาช่างอันดับ 1 ลงประกาศฟรี",
        "id": "1620783398164923",
        "location": {
            "city": "Bangkok",
            "country": "Thailand",
            "street": "76 ถ.สุขภิบาล 5 ซ.24 แขวงท่าแร้ง เขตบางเขน",
            "zip": "10220"
        },
        "name": "ปูกระเบื้อง",
        "phone": "0847653000"
    },
    {
        "about": "BBK House Repair รับปูกระเบื้อง ซ่อมแซมบ้าน สำนักงาน ทุกประเภท ฟรีค่าประเมินราคา โทร 0878001030",
        "description": "BBK House Repair บริการด้วยทีมงานช่างมืออาชีพงานปูกระเบื้อง / งานเทพื้นปูนบ้าน / ฉาบปูนรอยร้าวและรอยรั่ว / ก่ออิฐ\nงานระบบประปา\nงานระบบไฟฟ้า\nงานทาสีบ้าน / สำนักงาน\nงานซ่อมแซมหลังคารั่ว งานเปลี่ยนหลังคาใหม่\nงานติดตั้ง สุขภัณฑ์ทุกชนิด ภายในบ้าน และสำนักงาน\nงานประตู หน้าต่าง รวมถึงอลูมิเนียม / กระจก\nงานทำผนังกั้นห้อง / รับติดตั้งฝ้า และอื่นๆ",
        "emails": [
            "pui_786@hotmail.com"
        ],
        "id": "1391319374455044",
        "location": {
            "city": "Bangkok",
            "country": "Thailand",
            "latitude": 13.70049,
            "longitude": 100.499527,
            "street": "29 เจริญกรุง 40 อ บางรัก",
            "zip": "10500"
        },
        "name": "ปูกระเบื้อง ทาสี ต่อเติมบ้าน 0878001030",
        "phone": "0878001030"
    },
    {
        "about": "ร้านหีนอ่อน และ กะเบื้องปูพื้น\ntel: 020 54757999",
        "description": "Hua Sir village\nPakse District\nChampasak provice\nTel: 020 54988777, 020 54757999",
        "id": "506308279435765",
        "name": "กระเบื้องปูพื้น"
    },
    {
        "about": "ช่างปูกระเบื้อง",
        "description": "ช่างปูกระเบื้องเดอะตรีทัช บริการรับปูกระเบื้องสระว่ายน้ำ และกระเบื้องเคนไซ รวมถึง หินภูเขา หินทราย หินกาบ สนใจ ติดต่อ เดอะตรีทัช 02-3799065-7 และ 086-3168188",
        "id": "312206545580620",
        "name": "ช่างปูกระเบื้อง"
    },
    {
        "about": "Mook\nกระเบื้องปูพื้น กระเบื้องปูผนัง กระเบื้องแกรนิตโต้ คุณภาพดี ราคาถูก\nwww.mookdecor.com",
        "description": "Mook - กระเบื้องปูพื้นแกรนิตโต้ และ สุขภัณฑ์\nจำหน่าย กระเบื้องแกรนิตโต้ กระเบื้องปูพื้น กระเบื้องปูผนัง เกรด AAA  สินค้ารับประกัน ราคาถูกใจ\n\nดูสินค้าเพิ่มเติม: \nWEBSITE: www.mookdecor.com\nราคาร้านค้า หรือ โครงการติดต่อ\n\u003e\u003e 0851666599\n\u003e\u003e 0815654888",
        "id": "649402495132838",
        "location": {
            "city": "Bangkok",
            "country": "Thailand",
            "latitude": 13.774,
            "longitude": 100.65728,
            "street": "3311/4 83/2 รามคำแหง  บางกหัวหมากะปิ",
            "zip": "10240"
        },
        "name": "แกรนิตโต้ กระเบื้องปูพื้น ลายสวย ลดราคา ราคาถูก",
        "phone": "0851666599,0815654888"
    },
    {
        "about": "รับเหมาปูหินอ่อน ปูแกรนิตโต้ ปูกระเบื้อง",
        "description": "ช่างรับเหมาปูหินอ่อน ปูหินแกรนิตโต้ ปูกระเบื้อง ทั้งบันได ทำเคาร์เตอร์ครัว ทำเคาร์เตอร์ห้องน้ำ ทำม้านั้งหน้าบ้านหรือม้านั่งทั่วไป รับออกแบบลายหินต่างๆ ปูผนังห้องน้ำ พื้นห้องน้ำ พื้นบ้านทั่วไป ประเมินราคาก่อนทำทุกครั้ง\nรับติดตั้งท๊อบเคาน์เตอร์ ห้อง ครัว ห้องน้ำ ปูหินแกรนิต หินอ่อนพื้น บันได และส่วนอื่นๆ โดยทีมงานช่างเตี้ย มีประสบการณ์ มานาน เคย ร่วม ทำงานในโรงแรมต่างๆมากมาย พื้นที่ บริการทั่วๆ กรุงเทพ  รับปูหินอ่อน ปูหินแกรนิต รับปูหินแกรนิต ใน ก.ท.ม และ ใกล้เคียง",
        "id": "666767100031151",
        "location": {
            "city": "Nonthaburi",
            "country": "Thailand",
            "latitude": 13.81319,
            "longitude": 100.41714,
            "street": "ถนนนครอิน 24/7 ม.1 ต.บ่งคูเวียง อ.บางกรวย",
            "zip": "11130"
        },
        "name": "เตี้ยหินอ่อน ช่างรับเหมาปูหินอ่อน ปูหินแกรนิต ปูกระเบื้อง ท๊อปเคาน์เตอร์",
        "phone": "0860530947"
    },
    {
        "about": "รับเหมาปูพื้นกระเบื้องแกรนิตโต้,พื้นหินอ่อน ทุกชนิด",
        "description": "รับปูพื้นกระเบื้องทุกชนิดโดยช่างผู้ชำนาญการ มีฝีมือ คุณภาพงานดี เลือกใช้วัสดุที่ดีในการติดตั้ง ",
        "emails": [
            "everythingflooringshop@gmail.com"
        ],
        "id": "1514991788719133",
        "location": {
            "city": "Bangkok",
            "country": "Thailand",
            "latitude": 13.855984671787,
            "longitude": 100.54623733589,
            "street": "ngamwongwan"
        },
        "name": "รับปูพื้นกระเบื้อง-หินอ่อนทุกชนิด",
        "phone": "0959189797"
    },
    {
        "about": "รับงานปูกระเบื้อง ทาสี ",
        "emails": [
            "\u003c\u003cnot-applicable\u003e\u003e"
        ],
        "id": "1451481398409515",
        "location": {
            "city": "Bangkok",
            "country": "Thailand",
            "latitude": 13.75395,
            "longitude": 100.50224,
            "street": "บางนา"
        },
        "name": "รับเหมาปูกระเบื้อง ต่อเติมบ้าน ก่ออิฐ ฉาบปูน"
    },
    {
        "about": "รับต่อเติม ก่อสร้าง ตกแต่งภายใน ปูกระเบื้องราคาประหยัด สวยงาม ตามสมัยนิยม ",
        "description": "เรารับเหมา งานตกแต่งภายใน ต่อเติมบ้านและอาคาร ราคาย่อมเยาว์ คุยง่าย ตามตกลง\nงบไม่บานปลาย ทำตามงบประมาณ ตีราคาก่อน ติดต่อเราได้ที่เบอร์ \n090-925-5567 และ เบอร์ 085-286-0472 คุณราชัน ",
        "emails": [
            "toomcity@hotmail.com"
        ],
        "id": "521442374576295",
        "location": {
            "city": "Bangkok",
            "country": "Thailand",
            "latitude": 13.70283,
            "longitude": 100.67317,
            "street": "กทมและปริมณฑล",
            "zip": "10250"
        },
        "name": "ปูกระเบื้อง ต่อเติม ก่อสร้าง ทุกชนิด",
        "phone": "090-9255567,085-2860472"
    },
    {
        "about": "รับเหมาปูกระเบื้อง หินอ่อน หินแกรนิต และสุขภัณฑ์ต่างๆ",
        "description": "เรามีช่างผู้เชี่ยวชาญพร้อมกับประสบการณ์รับเหมามากว่า 30 ปี \nสนใจต่อต่อสอบถามได้ที่  081-618-3639 (ช่างเพชร)\n091-203-8151 (ช่างเพชร)",
        "id": "313118148819433",
        "name": "ปูกระเบื้อง หินอ่อน แกรนิต"
    },
    {
        "about": "# รับเหมาก่อสร้าง ต่อเติม บ้าน - คอนโด\n\nCall : 083-1077888 // Line : lnw_iphone\n",
        "description": "083 1077888 l\u003e \nLine ID = LNW_IPHONE\n-------------------------------------\nลาดพร้าว รามอินทรา บางเขน รามคำแหง  ลำสาสี โชคชัย จตุจักร ประชาอุทิศ พัฒนาการ สวนหลวง เพชรบุรี คลองตัน พระโขนง หัวหมาก บางกระปิ แฮปปี้แลนด์ คลองจั่น วังทองหลาง ห้วยขวาง ดินแดง มักกะสัน คลองสามวา คลองเตย สุขุมวิท ดินแดง สุทธิสาร พญาไท กรุงเทพกรีฑา สะพานสูง เสรีไทย ประเวศ คันนายาว เลียบทางด่วน รามอินทรา  \n\u003e\u003e\u003e  รับเหมาก่อสร้าง ต่อเติม ซ่อมแซมบ้าน รับปูกระเบื้อง รับเหมาก่อสร้าง ต่อเติม ซ่อมแซมบ้าน รับปูกระเบื้อง ในราคาถูก งานต่อเติม ก่อสร้าง ซ่อมแซม ปูกระเบื้อง ฝีมือดี ห้องน้ำมีปัญหา ทั้งงานเล็กงานใหญ่โดยทีมงานมืออาชีพไม่ทิ้งงาน ซ่อมบ้าน ต่อเติมบ้าน รับสร้างบ้าน ปรับปรุงบ้าน ซ่อมแซมอาคาร ต่อเติมอาคาร อาคารร้าว โครงสร้างร้าว หลังคารั่ว ซ่อมบ้าน ต่อเติมบ้าน รับสร้างบ้าน ปรับปรุงบ้าน ซ่อมแซมอาคาร ต่อเติมอาคาร อาคารร้าว โครงสร้างร้าว รับเหมาก่อสร้าง ต่อเติม ซ่อมแซม งานกระเบื้อง ปูน ก่อฉาบ ทาสี ไฟฟ้า ประปา ฝ้า กั้นห้องผนังเบา บริการของเรา -รับเหมาก่อสร้าง ต่อเติม Renovateบ้าน อาคาร โรงงาน โรงแรม คอนโด ร้านค้า ร้านอาหร สำนักงาน -Built-in ตกแต่งภายในอาคารสำนักงาน โรงงาน โรงแรม ห้องครัว บ้าน หอพัก คอนโด ห้องนอน ห้องนั่งเล่น ออฟฟิต และร้านค้าทุกชนิด -รับเหมาก่อสร้าง ซ่อมแซม ต่อเติม Renovateบ้าน ปรับปรุง ตกแต่ง ทุกชนิด ครบวงจร โดยช่างเฉพาะทาง -งานปูน ก่อฉาบ รื้อทุบ เปลี่ยนหน้าต่างใหม่ หลังคาโรงรถ เทพื้นปรับระดับ ก่อรั้วปูน-เหล็ก -รับตกแต่งภายใน Built-in บริษัท โรงงาน ร้านค้า ร้านอาหร คอนโด โรงแรม ห้องนอน ห้องนั่งเล่น -รับเหมาต่อเติมครัวหลังบ้าน,Renovateบ้าน ต่อเติมบ้านชั้นสอง,เทพื้นปูน ปูกระเบื้องรอบบ้าน -เคาน์เตอร์ปูน รื้อถอน Renovateครัว ทำครัวใหม่ ทำห้องน้ำใหม่ กั้นห้อง -รับปูกระเบื้องแกรนิโต้ กระเบื้องเล่นลายทุกแบบและงานพื้นทรายล้าง ทุกชนิด -รับทำ หินขัด หินล้าง ทรายล้าง กรวดล้างและบริการออกแบบลวดลายตรงตามความต้องการของคุณ -รับขนเศษหิน เศษวัสดุที่ไม่ใช้แล้ว ไปทิ้ง เหมาเป็นเที่ยวหรือแล้วแต่ตกลงตามหน้างาน \nเรา ยินดีให้คำปรึกษา ให้ฟรี งบไม่บานปลาย ทำงานตามงบของลูกค้า \nรับประกันผลงาน และรับผิดชอบงาน จนกว่าลูกค้าพอใจ \nมีปัญหาเรื่องบ้าน อาคาร โรงงาน โรงแรม คอนโด ...... นึกถึง PONG168\n\nContractors for home renovation tiles. Home construction, renovations and tiling in the construction, repair, renovation, bathroom tiling workmanship problems. Both small and large teams, do not leave home repair, home renovation home building home improvement repair, renovation, building buildings, cracked the roof leaks repair, home renovation home building home improvement repair, renovation, building, building. crack crack structure Construction, renovation, tile, concrete walls, painted ceiling, walls, light fixtures Electrical Services - Building Renovation Renovate buildings, factories, hotels, condos, shops, Arab -Built-in offices, factories, hotels, office buildings interior. dormitory, kitchen, living room, bedroom, office condos and shops of all kinds. - Construction Renovation Renovate Home Renovations are fully integrated by a technician only - knocking down walls and cement replacement windows, new garage roof surface leveling. Formation fence, concrete - steel - Built-in interior decoration factory outlet store, bedroom, living cuisine Condo Hotel - Contractors to fill a backyard kitchen, Renovate home. The addition of a two story house, poured the cement floor. Tiling around - Renovate the kitchen countertop, concrete demolition, new kitchen and new bathroom door - Tiling GRANITO. Tiles designs, each design, and sand washes all kinds - made stone washed, sand, gravel washes and designs to meet the needs of you - the carriage of waste rock material that is used to dispose of Mao's trips. I agree to the front \nWe are happy to provide free consultations In Budget work on customer statements. \nWarranty And responsibilities Until satisfied customers \nHad a thought ...... buildings, factories, hotels, condos HOME168. \n\n-------------------------------------------------- ------------------------------------------- \nLat Phrao, Bang Khen, Chatuchak, Bangkok Body Massage colors Suan Luang Rama Bangkok Bang Bang Bang Bang Bang Bang Bang Wang Thong Lang Ping Chan Bang Kapi Kapi Bangkok Yai, Bangkok Noi Thai Rama Rama Rama Khanna Prawet.",
        "id": "1454265984840856",
        "name": "หาช่าง ปูกระเบื้อง ห้องครัว ห้องน้ำ ผนัง ระเบียง ซ่อมแซม ที่ไหนดี"
    },
    {
        "about": " ปูกระเบื้อง  รับเหมา ครบวงจร งานฝ้า โรงจอดรถ โทร.0881142477",
        "description": "รับเหมาก่อสร้าง ซ่อมแซม ต่อเติม บ้าน ปรับปรุง ตกแต่ง ทุกชนิด ครบวงจร โดยช่างเฉพาะทาง \n-งานปูน ก่อฉาบ รื้อทุบ เปลี่ยนหน้าต่างใหม่ หลังคาโรงรถ เทพื้นปรับระดับ ก่อรั้วปูน-เหล็ก \n-รับเหมาต่อเติมครัวหลังบ้าน, ต่อเติมบ้านชั้นสอง,เทพื้นปูน ปูกระเบื้องรอบบ้าน \n-เคาน์เตอร์ปูน รื้อถอน ทำครัวใหม่ ทำห้องน้ำใหม่ กั้นห้อง \n-รับปูกระเบื้องแกรนิโต้ กระเบื้องเล่นลายทุกแบบและงานพื้นทรายล้าง ทุกชนิด \n-รับทำ หินขัด หินล้าง ทรายล้าง กรวดล้างและบริการออกแบบลวดลายตรงตามความต้องการของคุณ \n-รับขนเศษหิน  เศษวัสดุที่ไม่ใช้แล้ว ไปทิ้ง เหมาเป็นเที่ยวหรือแล้วแต่ตกลงตามหน้างาน\n\n\nมีปัญหาเรื่องบ้านติดต่อเรา \n\nเบอร์ 087-3294456,089-4842723 ช่างอำพรe-mail  :   parichat.prom@hotmail.com\n",
        "emails": [
            "pahzenith@gmail.com"
        ],
        "id": "172564079557960",
        "location": {
            "city": "เมือง อุดรธานี",
            "street": "โนนสูง"
        },
        "name": "ช่างปูกระเบื้อง",
        "phone": "0881142477"
    },
    {
        "about": "ขายอิฐ กระเบื้องดินเผา อิฐก่อโชว์ กระเบื้องมุงหลังคา  กระเบื้องปูพื้น\nอิฐปูพื้น",
        "description": "ขายอิฐ กระเบื้องดินเผา ราคาโรงงาน มีให้เลือกหลายแบบ ตามความต้องการ ไม่ว่าจะเป็น อิฐก่อโชว์  อิฐทนไฟ  กระเบื้องมุงหลังคา  กระเบื้องปูพื้น กระเบื้องบุผนัง \nกระเบื้องว่าว กระเบื้องเกล็ดปลา กระเบื้องว่าว กระเบื้องปลายแหลม กระเบื้องดอกจิก\nกระเบื้องสุโขทัย กระเบื้องเคลือบสีต่างๆ\n\nขอขอบคุณทุกท่านที่ไว้วางใจเลือกใช้ผลิตภัณฑ์กระเบื้องดินเผา  ดาวดินไทย",
        "emails": [
            "the24handmade@gmail.com",
            "thedinthai@gmail.com"
        ],
        "id": "537062689665953",
        "location": {
            "city": "Ayutthaya",
            "country": "Thailand",
            "latitude": 14.45404,
            "longitude": 100.38294,
            "street": "111  หมู่ 2  ต.บ้านแค อ.ผักไห่",
            "zip": "13120"
        },
        "name": "ขายกระเบื้อง  กระเบื้องดินเผา อิฐปูพื้น",
        "phone": "087-9119555 ,0814574555"
    },
    {
        "about": "รับเหมาปูกระเบื้องยางทั่วประเทศ พื้นที่มากน้อย ยินดีรับใช้ค่ะ 0879091758",
        "description": "มือถือ : 087-9091758\n  ไลน์ : nuibkttt\n  email : nui_bk@yahoo.com",
        "emails": [
            "nui_bk@yahoo.com"
        ],
        "id": "368687709926171",
        "location": {
            "city": "Bangkok",
            "country": "Thailand",
            "latitude": 13.708328542248,
            "longitude": 100.41721521263,
            "street": "403 phetkasem41",
            "zip": "10160"
        },
        "name": "แพท รับงานปูกระเบื้องยาง ทั่วประเทศ",
        "phone": "087-9091758"
    },
    {
        "about": "ช่างเบิร์ด โทร 094 3471829 อ.บ้านแพ้ว สมุทรสาคร",
        "id": "221721937899544",
        "location": {
            "city": "บ้านแพ้ว",
            "street": "สมุทรสาคร",
            "zip": "74120"
        },
        "name": "รับเหมาปูกระเบื้องทุกชนิด 100-150 บ./ตรม.",
        "phone": "0943471829"
    },
    {
        "about": "จำหน่ายแผ่นกระเบื้องดินเผา อิฐโชว์ทุกชนิด คุณภาพมาตรฐาน 0817117601\n",
        "emails": [
            "poodinpow@gmail.com"
        ],
        "id": "953455771359042",
        "location": {
            "city": "Bangkok",
            "country": "Thailand",
            "latitude": 13.7777596,
            "longitude": 100.5614777,
            "street": "613/14 ซอยเพิ่มสิน20 แยก5-1 แขวงคลองถนน เขตสายไหม",
            "zip": "10220"
        },
        "name": "กระเบื้องดินเผา โดนใจคุณ   By:ปูดินเผา",
        "phone": "081-7117601"
    },
    {
        "about": "ชั้นผิวของกระเบื้องไวนิล COCO \nมีสารเคลือบ “ยูวี” เพื่อป้องกันแสงแดด\nชั้นกันสึก http://www.coco-theexcellent.com",
        "description": "กระเบื้องไวนิลปูพื้น ลายไม้ ลายหิน ลายเหล็ก ลายพรม ผลิตจากวัตถุดิบคุณภาพไม่มีส่วนผสมของใยหิน\nมีลักษณะสวยงามโดดเด่ดกว่ากระเบื้องยางทั่วไป ด้วยลวยลายที่เหมือนธรรมชาติ  วัสดุผลิตจากสารสังเคราะห์ ที่มีความยืดหยุ่นสูง ไม่บิดง้อ ไม่กรอบ \n\nไม่แตกหักง่าย และทนทานต่อรอยขีดข่วนได้ดี มีความคงทนตลอดอายุการใช้งาน",
        "id": "1480549162188666",
        "name": "พื้นไวนิล กระเบื้องปูพื้น ติดตั้งไวนิล กระเบื้องปูพื้นลายไม้"
    },
    {
        "about": "รับทำครัว ปูกระเบื้อง",
        "emails": [
            "buildinghometown@gmail.com"
        ],
        "id": "1595631057355205",
        "location": {
            "city": "Samut Prakan",
            "country": "Thailand",
            "latitude": 13.6,
            "longitude": 100.6,
            "street": "ชลบุรี",
            "zip": "10270"
        },
        "name": "รับทำครัว ปูกระเบื้อง",
        "phone": "0899999999"
    },
    {
        "about": "ผู้แทนจำหน่ายและให้บริการติดตั้งผลิตภัณฑ์ปูพื้นต่างๆ เปิดทำการจันทร์-เสาร์ เวลา 9.00-18.00 น.",
        "id": "473095906111991",
        "location": {
            "city": "Bangkok",
            "country": "Thailand",
            "zip": "10150"
        },
        "name": "กระเบื้องยาง ปูพื้น ยงกิจวัสดุภัณฑ์",
        "phone": "02-468-0882"
    },
    {
        "about": "รับปูกระเบื้องต่างๆ กระเบื้องยาง พื้นไม้ลามิเนต ฯลฯ สนใจติดต่อสอบถามได้นะ",
        "id": "379397215577003",
        "location": {
            "city": "Bangkok",
            "country": "Thailand",
            "latitude": 13.7522,
            "longitude": 100.494,
            "street": "ลาดพร้าว",
            "zip": "10230"
        },
        "name": "ปูพื้นกระเบื้องต่างๆ",
        "phone": "0830457835"
    },
    {
        "id": "284117558414067",
        "location": {
            "city": "Bangkok",
            "country": "Thailand",
            "latitude": 13.77195,
            "longitude": 100.59684,
            "street": "567 ซอยลาดพร้าว87 ถนน ลาดพร้าว แขวงคลองเจ้าคุณสิงห์ เขตวังทองหลาง กรุงเทพ",
            "zip": "10310"
        },
        "name": "ต่อเติมบ้าน ซ่อมแซมบ้าน ทาสี ปูกระเบื้อง มุงหลังคา ทำรั้ว ห้องน้ำ ห้องครัว",
        "phone": "0836650361"
    },
    {
        "about": "กระเบื้องดินเผา อิฐก่อโชว์  กระเบื้องมุงหลังคา กระเบื้องปูพื้น กระเบื้องบุผนัง\nโทร.081-308-9898",
        "description": "บริษัท กระเบื้องสยาม จำกัด ผู้ผลิต - จำหน่ายอิฐดินเผาและกระเบื้องดินเผาภายใต้ชื่อ บบก. มานานกว่า 50 ปี เรามุ่งมั่นที่จะอนุรักษ์ความเป็นธรรมชาติของดินเผาอันทรงคุณค่า ซึ่งเป็นงานแฮนด์เมด มีผลิตภัณฑ์มากมาย อาทิเช่น กระเบื้องดินเผามุงหลังคาเคลือบสีต่างๆ , กระเบื้องดินเผาปูพื้นทุกขนาด , กระเบื้องเผาโบราณทุกชนิด , อิฐดินเผาโชว์ลาย , อิฐดินเผาโปร่ง 4 ช่อง , อิฐดินเผาก่อ , อิฐดินเผามอญ  , อิฐดินเผาทางเท้า (ตัวหนอน) เป็นต้น",
        "emails": [
            "siamtile159@gmail.com"
        ],
        "id": "1464284747119409",
        "location": {
            "street": "4 หมู่ 4 ต.นรสิงห์ อ.ป่าโมก จ.อ่างทอง",
            "zip": "14130"
        },
        "name": "บริษัท กระเบื้องสยาม จำกัด กระเบื้องดินเผา อิฐ แผ่นปูผนัง ปูพื้น",
        "phone": "081-308-9898 ,083-444-5666,098-446-5159"
    },
    {
        "about": "0853553853 ช่างเอก ไอดีไลน์ chaivara24",
        "id": "1634309980182877",
        "name": "รับเหมา ต่อเติมบ้าน ตัดตู้อาบน้ำ ติดตั้ง ชักโครก ปูกระเบื้อง ปั้มน้ำ ทาสี"
    }
]