[
    {
        "emails": [
            "airborne004@gmail.com"
        ],
        "id": "353076988231025",
        "location": {
            "city": "Bangkok",
            "country": "Thailand",
            "latitude": 13.7522,
            "longitude": 100.494,
            "street": "กรุงเทพมหานคร"
        },
        "name": "รับปูพื้นไม้ลามิเนต กระเบื้องไวนิล ฯลฯ",
        "phone": "091 995 9302 "
    },
    {
        "about": "ชื่อตรง จริงใจ ไม่ทิ้งงาน และเชื่อถือได้คะ  ช่างไม่ดื่มสุราคะ รับงานในกรุงเทพและปริมณฑล ",
        "id": "1762057604021086",
        "location": {
            "city": "Nonthaburi",
            "country": "Thailand",
            "latitude": 13.8611,
            "longitude": 100.513,
            "street": "อ.ไทรน้อย จ.นนทบุรี",
            "zip": "11150"
        },
        "name": "รับปูกระเบื้อง ทาสี ไฟฟ้า ประปา เครื่องปรับอากาศ ต่อเติม ซ่อมประตูเหล็ก ฯลฯ",
        "phone": "0811403199"
    },
    {
        "id": "1518192788441437",
        "location": {
            "city": "Amphoe Sai Noi",
            "country": "Thailand",
            "latitude": 13.9667,
            "longitude": 100.317,
            "street": "84/92",
            "zip": "11150"
        },
        "name": "งานต่อเติมบ้านทั่วไป ปูกระเบื้อง หินอ่อน เเกรนิตโต้ งานฝ้า งานไม้ทุกชนิด",
        "phone": "0849151387"
    },
    {
        "description": "Keyword\nรับเหมา ก่อสร้าง\nรับเหมาก่อสร้าง\nผู้รับเหมา\nรับเหมาต่อเติม\nรับเหมา ต่อเติม\nผู้รับเหมาก่อสร้าง\nรับเหมาสร้างบ้าน\nรับเหมา สร้างบ้าน\nงานรับเหมาก่อสร้าง\nรับ เหมา ถม ดิน\nรับเหมาไฟฟ้า\nรับเหมา ไฟฟ้า\nงานรับเหมา\nรับ เหมา ก่อสร้าง เชียงใหม่\nรับ เหมา ถม ที่\nรับ เหมา ต่อ เติม บ้าน\nรับเหมา ต่อเติมบ้าน\nรับเหมาต่อเติมบ้าน\nธุรกิจ รับ เหมา ก่อสร้าง\nรับเหมา ตกแต่งภายใน\nรับ เหมา ตกแต่ง ภายใน\nรับเหมาตกแต่งภายใน\nรับ เหมา ถม ที่ดิน\nรับเหมาปูกระเบื้อง\nรับเหมา ปูกระเบื้อง\nงานรับเหมาไฟฟ้า\nรับ สมัคร ผู้รับ เหมา\nรับ เหมา ก่อสร้าง ชลบุรี\nรับเหมาก่อสร้าง ชลบุรี\nรับ เหมา งาน ไฟฟ้า\nผู้รับเหมาไฟฟ้า\nรับเหมาก่อสร้างบ้าน\nผู้รับเหมา pantip\nรับ เหมา ระบบ ไฟฟ้า\nรับ งาน เหมา มา ทํา ที่ บ้าน\nรับ เหมา สร้าง บ้าน ราคา ถูก\nรับ เหมา ก่อสร้าง ขอนแก่น\nรับ เหมา สร้าง บ้าน ตาราง เมตร ละ\nรับเหมา ก่อสร้าง pantip\nผู้รับเหมาทิ้งงาน\nรับเหมา ต่อเติมครัว\nรับ ผู้รับ เหมา\nรับเหมา งานระบบ\nผู้รับเหมางานระบบ\nบริษัท รับ เหมา ขุด ลอก คลอง\nรับ เหมา เท พื้น คอนกรีต\nผู้รับเหมาหางาน\nรับ เหมา ก่อสร้าง ภูเก็ต\nรับเหมา ต่อเติม นนทบุรี\nรับ งาน เหมา จาก โรงงาน\nงานรับเหมาระบบไฟฟ้า\nรับ สมัคร ผู้รับ เหมา ช่วง\nรับ เหมา ทํา ฝ้า เพดาน\nรับเหมา ภาษาอังกฤษ\nงานรับเหมามาทําที่บ้าน\nรับ เหมา ถม ดิน ราคา ถูก\nผู้รับเหมา คือ\nรับ เหมา ก่อสร้าง กรุงเทพฯ\nรับ เหมา ก่อสร้าง ราคา ถูก\nรับเหมา สร้างบ้าน เชียงใหม่\nสัญญา รับ เหมา ช่วง\nรับ เหมา ค่าแรง ก่อสร้าง\nรับเหมาทําความสะอาด\n10 อันดับ บริษัท รับ เหมา ก่อสร้าง\nรับ เหมา งาน ระบบ ไฟฟ้า\nรับเหมา ซ่อมแซมบ้าน\nรับ เหมา ซ่อมแซม บ้าน\nรับเหมา เชียงใหม่\nรับ เหมา เย็บ ผ้า โหล\nรับเหมา ต่อเติม ชลบุรี\nช่าง รับ เหมา ชลบุรี\nรับ เหมา โครง หลังคา\nรับ เหมา มุง หลังคา\nรับ เหมา ก่อ ฉาบ\nรับ เหมา ก่อสร้าง พัทยา\nรับ เหมา เท พื้น ปูน\nรับ เหมา จัด สวน\nรับ เหมา ก่อสร้าง บ้าน ราคา ถูก\nรับ เหมา ก่อสร้าง ศรีราชา\nภาษี รับ เหมา ก่อสร้าง\nรับ เหมา ค่าแรง เท พื้น คอนกรีต\nราคา รับ เหมา ก่อ ฉาบ\nงานรับเหมาก่อสร้างเชียงใหม่\nรับ เหมา รถ ตู้ ไป ต่าง จังหวัด\nรับ เหมา ซ่อม บ้าน\nธุรกิจ รับ เหมา ก่อสร้าง หมาย ถึง\nรับ เหมา ออกแบบ ตกแต่ง ภายใน\nรับ เหมา ตกแต่ง ภายใน ราคา ถูก\nรับ เหมา ก่อสร้าง ต่อ เติม\nรับ เหมา งาน ระบบ ประปา\nรับเหมา ตกแต่ง คอนโด\nรับ เหมา ถม ดิน เชียงใหม่\nรับ เหมา ก่อสร้าง บ้าน โคราช\nรับ เหมา ก่อสร้าง จันทบุรี\nงานรับเหมาต่อเติม\nราคา รับ เหมา มุง หลังคา\nรับเหมา สร้างหอพัก\nรับ เหมา ลอก ท่อ ระบาย น้ํา\nบริษัท รับ เหมา ก่อสร้าง ญี่ปุ่น\nรับ เหมา งาน เชื่อม เหล็ก\nรับ เหมา ขุด ลอก คลอง ราคา ถูก\nรับ เหมา เย็บ ผ้า\nรับ เหมา งาน โครงสร้าง เหล็ก\nรับ เหมา ก่อสร้าง ฉะเชิงเทรา\nช่าง รับ เหมา ซ่อมแซม บ้าน\nรับ เหมา ทํา รั้ว บ้าน\nรับเหมา ชลบุรี\nรับ เหมา ปู พื้น ไม้ เทียม\nรับ เหมา ค่าแรง ปู กระเบื้อง บ้าน\nรับ เหมา สร้าง บ้าน ราชบุรี\nรับ เหมา ไฟฟ้า ชลบุรี\nรับ เหมา เท พื้น\nงานรับเหมาเชียงใหม่\nรับ เหมา เท พื้น คอนกรีต ราคา พิเศษ\nรับ เหมา ฝ้า เพดาน\nรับ เหมา ก่อ ฉาบ ราคา ถูก\nรับ เหมา งาน เชื่อม โลหะ\nรับ เหมา ปู กระเบื้อง ราคา ถูก\nรับ เหมา ค่าแรง เดินสาย ไฟฟ้า\nรับเหมา ระยอง\nรับ เหมา ก่อสร้าง ออกแบบ บ้าน\nรับเหมา pantip\nราคา รับ เหมา ทํา ฝ้า เพดาน\nรับเหมา พัทยา\nรับ ผู้รับ เหมา ช่วง\nรับเหมา ต่อเติม ระยอง\nรับเหมา ทํารั้ว\nรับเหมาก่อสร้าง พระราม 2\nบริษัท รับ เหมา ถม ดิน\nรับ เหมา ก่อสร้าง อุบลราชธานี\nรับเหมา สระบุรี\nรับ เหมา สร้าง บ้าน ดิน\nรับเหมา ขอนแก่น\nรับเหมา นนทบุรี\nรับ เหมา ขุด บ่อ\nรับ เหมา ขุด ลอก คลอง โป๊ะ\nรับ เหมา งาน ปูน\nรับ เหมา ค่าแรง ก่อสร้าง ไฟฟ้า\nรับ เหมา วาง ท่อ ประปา\nรับ เหมา งาน ก่อ ฉาบ\nรับ เหมา ทํา ห้องน้ํา\nรับเหมา อยุธยา\nรับเหมา ภูเก็ต\nรับ เหมา ค่าแรง ปู กระเบื้อง 1\nธุรกิจ รับ เหมา ก่อสร้าง คือ อะไร\nรับ เหมา งาน ปู กระเบื้อง\nรับ เหมา ขน ดิน\nรับเหมา ครัวปูน\nรับเหมา รั้วบ้าน\nหา ช่าง รับ เหมา ฝีมือ ดี ราคา\nราคา รับ เหมา ตกแต่ง ภายใน บ้าน\nบริษัท รับ เหมา ก่อสร้าง ศรีราชา\nรับเหมา หาดใหญ่\nราคา รับ เหมา ทํา ฝ้า\nรับ เหมา ปู หญ้า เทียม\nรับ เหมา ปู กระเบื้อง นนทบุรี\nรับ เหมา ก่อสร้าง จังหวัด เชียงราย\nรับ เหมา ขัด พื้น คอนกรีต\nรับ เหมา ปู พื้น กระเบื้อง\nรับ เหมา ก่อสร้าง อ พาร์ ท เม้น\nนายหน้า รับเหมา\nรับ เหมา ราคา สี ทา บ้าน ภายใน\nช่าง รับ เหมา มา เอง\nรับ เหมา ทํา รั้ว ลวดหนาม\nร้าน รับ เหมา มุง หลังคา\nรับ เหมา ค่าแรง ปู กระเบื้อง ตกแต่ง\nรับ เหมา ค่า แรงงาน ระบบ ไฟฟ้า\nรับเหมา ต่อเติม ศรีราชา\nรับเหมา รีโนเวท\nงานรับเหมา ระยอง\nรับเหมา สมุทรปราการ\nรับเหมา กําแพง\nรับ เหมา ก่อสร้าง สระ ว่า ย น้ํา\nรับ เหมา ขุด คลอง\nรับ เหมา งาน ขุด\nข้อมูล รับ เหมา ก่อสร้าง\nรับเหมา คือ\nรับ เหมา งาน โครงสร้าง ฐานราก ใน\nรับ เหมา งาน ฝ้า เพดาน เพดาน\nงานรับเหมา ภาษาอังกฤษ\nรับ เหมา จัดหา แรงงาน\nรับ เหมา จัด งาน แต่งงาน\nรับ เหมา จัด งาน ครบ วงจร\nราคา รับ เหมา จัด สวน\nรับ เหมา ก่อสร้าง จังหวัด เชียงใหม่\nรับ เหมา ก่อสร้าง จังหวัด นนทบุรี\nรับเหมา ฉะเชิงเทรา\nรับ เหมา ก่อ ฉาบ มี สาขา\nรับ เหมา ก่อสร้าง ชลบุรี ฉะ\nขาย รับ เหมา ก่อ ฉาบ\nรับ เหมา ช่าง เชื่อม เหล็ก อาร์กอน\nรับ เหมา ช่างเหล็ก\nรับ เหมา ช่าง ไฟฟ้า\nรับ เหมา ช่าง เชื่อม เหล็ก\nราคา รับ เหมา ช่วง\nรับ เหมา ซุ้ม กาแฟ สวย ๆ\nราคา รับ เหมา ซ่อมแซม บ้าน\nรับ เหมา ก่อสร้าง ซ่อมแซม\nราคา รับ เหมา ซ่อมแซม บ้่า น\nรับ เหมา ก่อสร้าง ซ่อมแซม บ้าน\nรับ เหมา ก่อสร้าง ซ่อมแซม ฝ้า เพดาน\nรับ เหมา ต้องการ ซื้อ ดิน ถม ที่\nรับเหมา ญี่ปุ่น\nรับ เหมา ก่อสร้าง ธัญ ญ กรุ๊ป\nรับเหมา ฐานราก\nรับ เหมา ก่อสร้าง หัก ณ ที่ จ่าย\nรับ เหมา ดัดแปลง บ้าน เก่า\nรับ เหมา ถม ดิน สมุทรสาคร\nรับ เหมา ถม ดิน ราคา ถูก มาก\nรับ เหมา คอน วู ด\nรับ เหมา ตอก เสาเข็ม ด้วย แรง คน\nรับเหมา ตารางเมตรละ\nรับเหมา ตกแต่งร้านอาหาร\nสัญญา รับ เหมา ถม ดิน 1\nราคา รับ เหมา ถม ที่ เชียงใหม่\nงาน รับ เหมา ถนน\nรับเหมา ทําครัว\nรับเหมา ทํา บ่อปลาคราฟ\nรับ เหมา ทํา อาหาร เลี้ยง โรง ทาน\nรับ เหมา ทํา โครง\nรับ เหมา ทํา โครง หลัง เหล็ก โครง\nรับเหมา นครปฐม\nรับเหมา นครสวรรค์\nรับเหมา นครศรีธรรมราช\nรับเหมา นครราชสีมา\nรับเหมา นวมินทร์\nรับเหมา นราธิวาส\nรับเหมา นครนายก\nรับเหมา บันได\nรับเหมา บ่อวิน\nรับ เหมา สร้าง บ้าน ลําปาง\nผู้รับเหมา แปล\nรับเหมา ปูบล็อก\nรับ เหมา ปู พื้น ไม้\nรับ เหมา ปู กระเบื้อง หินอ่อน\nรับ เหมา ปู หญ้า ต\nรับ เหมา ทุบ ผนัง เล็ก\nรับ เหมา ทุบ ผนัง รับจ้าง\nรับ สมัคร ผู้รับ เหมา งาน\nรับ สมัคร ผู้รับ เหมา ระบบ ไฟฟ้า\nหา ผู้ รับ เหมา\nรับ เหมา ไม้ ฝา เฌอ ร่า\nรับ เหมา งาน ฝ้า ราคา ถูก\nราคา รับ เหมา งาน ฝ้า เพดาน\nรับ เหมา ทํา พื้น หิน ขัด\nรับ สมัคร ผู้รับ เหมา ฟรี\nฟรี รับ เหมา งาน เชื่อม\nอาชีพ รับ เหมา ไฟ ฟา\nฟรี รับ เหมา งาน ไฟฟ้า\nฟรี รับ เหมา ต่อ เติม\nฟรี รับ เหมา ถม ที่ดิน\nรับเหมา ภาษี\nรับเหมา ภายใน\nรับ เหมา ขัด มัน พื้น\nช่าง รับ เหมา มา เอง มือ สอง\nรับ เหมา แบบ เหล็ก มือ สอง\nราคา ร้าน รับ เหมา มุง หลังคา\nรับ เหมา หลังคา ยางมะตอย\nรับ เหมา งาน ย้าย เครื่องจักร\nรับ เหมา ทํา ถนน ลาด ยางมะตอย\nรับเหมา รีโนเวท เชียงใหม่\nรับเหมา ระบบน้ํา\nรับเหมา ร้อยเอ็ด\nรับ เหมา ระบบ ไฟฟ้า เชียงใหม่\nรับเหมา ลพบุรี\nรับ เหมา ล้อม รั้ว\nรับ เหมา หิน ล้าง ทราย ล้าง\nรับ เหมา ก่อสร้าง ใน ลําปาง เชียงใหม่\nรับ เหมา วิธี กั้น ผนัง เบา\nการ รับ เหมา วาง ท่อ ระบาย น้ํา\nรับ เหมา ก่อสร้าง วังน้อย อยุธยา\nรับ เหมา เดินสาย กล้อง วงจรปิด\nรับ เหมา ก่อสร้าง แพร่ วิศวกรรม\nรับ เหมา ติด กล้อง วงจร\nรับ เหมา ก่อสร้าง สุทัศน์ วิศวะ การ\nรับเหมา ศรีราชา\nรับเหมา สายไหม\nรับเหมา สุรินทร์\nรับเหมา สุราษฎร์ธานี\nรับเหมา สระว่ายน้ํา\nรับเหมา สุราษ\nบริษัท บ อริ ส รับ เหมา ก่อสร้าง\nรับเหมา หมายถึง\nรับเหมา ห้องน้ํา\nรับ เหมา สร้าง ห้องน้ํา\nรับเหมา อังกฤษ\nรับ เหมา ออกแบบ ติด ตั้ง ระบบ ไฟฟ้า\nรับ เหมา ออกแบบ ตกแต่ง ทํา ฝ้า เพดาน\nรับ เหมา ก่อสร้าง อ พาร์\nงาน รับ เหมา 10 อัตรา\nรับ เหมา ต่อ เติม ครัว 1\n1 งาน รับ เหมา ระบบ ไฟฟ้า\n1 ต้องการ ช่าง รับ เหมา\nรับ เหมา ก่อสร้าง 2553\nรับเหมาต่อเติมบ้าน พระราม 2\nรับเหมาถมดิน พระราม 2\nรับเหมาต่อเติม พระราม 2\nรับเหมาก่อสร้าง พระราม 3\nรับเหมา พระราม 3",
        "id": "1037621839635928",
        "name": "รับเหมาต่อเติม รับเหมาก่อสร้าง ตกแต่งภายใน ปูกระเบื้อง ผู้รับเหมาโดย ช่างนพ"
    },
    {
        "description": "รับเหมาต่อเติม ปูกระเบื้อง,ปูหินอ่อน โดย ช่างอนันท์ คำมัน และทัมงานที่ประสบการณ์ บริการด้วยใจ,สุจริต (พร้อมให้คำปริกษา) โทร. 089-447-7816 e-mail. ",
        "emails": [
            "anan3673@hotmail.com"
        ],
        "id": "342237379205978",
        "location": {
            "city": "Non Buri",
            "country": "Thailand",
            "latitude": 13.9665003,
            "longitude": 100.3394394,
            "street": "ม.เอเชียโฮมทาวน์ 2 จ.นนทบุรี",
            "zip": "3673"
        },
        "name": "รับเหมาก่อสร้าง ต่อเติม ปูกระเบื้อง ปูหิน ทั่วราชอาณาจักร",
        "phone": "0894477815"
    },
    {
        "about": "เหมาปูกระเบื้อง ทำซิ้ง รับเหมาทั่วไป ราคาคุยกันได้",
        "id": "883617525015112",
        "location": {
            "city": "Prachin Buri",
            "country": "Thailand",
            "latitude": 13.8673,
            "longitude": 101.43802,
            "street": "ประเทศไทย",
            "zip": "25190"
        },
        "name": "ช่างแอ๊ด รับเหมาปูกระเบื้อง ทำซิ้ง",
        "phone": "0612058619"
    },
    {
        "about": "รับทาสี+ปูกระเบี้อง",
        "id": "653295248036845",
        "location": {
            "city": "Samut Prakan",
            "country": "Thailand",
            "latitude": 13.61248,
            "longitude": 100.74425,
            "street": "19/4หมู่4 ต.บางพลีใหญ่  อ.บางพลี",
            "zip": "10540"
        },
        "name": "รับเหมาทาสี+ปูกระเบื้อง",
        "phone": "0990178867"
    },
    {
        "about": "รับจ้างทาสี , ปูกระเบื้อง , รับซ่อมเครื่องพ่นสีราคาถูก",
        "id": "653627801317524",
        "location": {
            "city": "Bangkok",
            "country": "Thailand",
            "latitude": 13.89633,
            "longitude": 100.63934,
            "street": "กรุงเทพ",
            "zip": "10220"
        },
        "name": "รับทาสีบ้าน ปูกระเบื้อง และรับซ่อมเครื่องพ่นสีราคาถูกๆ",
        "phone": "0819088659"
    },
    {
        "about": "เปิดบริการทุกวัน. ติดต่อสอบถามได้ที่ โทร 039-531614, 081-996445 ",
        "id": "574921169297301",
        "name": "ตลาดนัดกระเบื้องไดนาสตี้ไทล์ท้อป - สาขาตราด"
    },
    {
        "id": "1621715671400543",
        "location": {
            "city": "Bangkok",
            "country": "Thailand",
            "latitude": 13.81952,
            "longitude": 100.6966705,
            "street": "763 ถ. พระยาสุเรนทร์ แขวง คลองสามวา เขต มีนบุรี",
            "zip": "10510"
        },
        "name": "รับเหมาต่อเติม ต่อมุกหน้าบ้าน ปูกระเบื้อง ปูทางเท้า ซ่อมหลังคา",
        "phone": "0896974586"
    },
    {
        "about": "รับสร้างบ้าน ตอเติมบ้าน ปูกระเบื้อง งานสี งานปูน งานฝ้าเพดาน งานไฟฟ้า งานประปา\n",
        "id": "961000630577023",
        "location": {
            "city": "Chon Buri",
            "country": "Thailand",
            "street": "นาป่า",
            "zip": "20000"
        },
        "name": "รับสร้างบ้าน_ต่อเติมบ้าน_ปูกระเบื้อง_งานปูน_ไฟฟ้า_ประปา_ฝ้าเพดาน",
        "phone": "0894576091"
    },
    {
        "about": "รับติดตั้งพื้นไม้..ลามิเนต..พื้นกระเบื้องยางไวนิล.และรับปรับพื้นงานก่อนปูพื้นไม้ทุกชนิด..",
        "id": "1600614286860858",
        "location": {
            "city": "Samut Prakan",
            "country": "Thailand",
            "latitude": 13.6,
            "longitude": 100.6,
            "street": "กรุงเทพฯและจังหวัดอื่นๆ"
        },
        "name": "ช่างตุ้ย..รับปูพื้นไม้ลามิเนต กระเบื้องยาง",
        "phone": "0620099045"
    },
    {
        "id": "1528538484054041",
        "location": {
            "city": "Bangkok",
            "country": "Thailand",
            "latitude": 13.81913,
            "longitude": 100.67546,
            "street": "สุคนธสวัสดิ์ 14",
            "zip": "10230"
        },
        "name": "รับเหมาปูพื้นกระเบื้องยาง",
        "phone": "0843838172"
    },
    {
        "id": "293085757497444",
        "name": "รับเหมางานประปา.โครงหลังคาเหล็ก.ปูกระเบื้อง,0814588659",
        "phone": "0814588659"
    },
    {
        "about": "สนใจติดต่อ 0930743219 ",
        "id": "1475432552674531",
        "name": "รับเหมาติดกระเบื้องปูพื้น-บุผนัง งานตกแต่งภายใน\u0026ติดตั้งระบบในอาคาร"
    },
    {
        "about": "Dynasty Ceramic Public Co., Ltd.",
        "id": "277129413885",
        "name": "ตลาดนัดกระเบื้อง \"ไดนาสตี้ ไทล์ท้อป\""
    },
    {
        "about": "รับสร้างบ้าน ต่อเติมบ้าน ปูกระเบื้อง",
        "id": "1526803407572975",
        "location": {
            "city": "Suphan Buri",
            "country": "Thailand",
            "latitude": 14.48069,
            "longitude": 100.13099,
            "street": "สุพรรณบุรี",
            "zip": "72000"
        },
        "name": "รับสร้างบ้าน ต่อเติม ปูกระเบื้อง จังหวัดสุพรรณบุรี",
        "phone": "0811492114"
    },
    {
        "about": "รับเหมาทั่วไป ต่อเติมบ้าน งานฝ้าเพดาน ไฟฟ้า ทาสี ประปา ปูกระเบื้อง ปูหญ้า และต่อเติมทั่วไป",
        "id": "946914805385483",
        "name": "รับเหมาครบวงจร งานฝ้าเพดาน ไฟฟ้า ประปา ทาสี ปูกระเบื้อง และต่อเติมทั่วไป"
    },
    {
        "id": "441304796035904",
        "location": {
            "city": "Samut Prakan",
            "country": "Thailand",
            "street": "ต.บางพึ่ง อ.พระสมุทรเจดี",
            "zip": "10300"
        },
        "name": "รับทำงานต่อเติมทุกชนิด เช่น ทาสี เทปูน ปูกระเบื้อง และอื่นๆอีกมากมาย",
        "phone": "0945902100"
    },
    {
        "id": "333053060229299",
        "location": {
            "city": "Amphoe Ko Kha",
            "country": "Thailand",
            "latitude": 18.13729,
            "longitude": 99.33006,
            "street": "บ้านผึ้งนาเกลือ",
            "zip": "52130"
        },
        "name": "รับต่อเติมบ้าน ทำโรงรถ ปูกระเบื้อง",
        "phone": "0857121065"
    },
    {
        "about": "รับเหมา ต่อเติมครัว หน้าบ้าน โครงหลังคาเหล็ก ปูกระเบื้อง ทาสี ครบวงจร 081 666 2131",
        "id": "813638278711665",
        "name": "ต่อเติมครัว หลังคาโครงเหล็ก ปูกระเบื้อง ทาสี ครบวงจร"
    },
    {
        "id": "1680638735513449",
        "name": "ก่อ/ฉาบ/ปูกระเบื้อง"
    },
    {
        "id": "639125046231817",
        "name": "รับเหมาปูกระเบื้องและต่อเติม 0957242119"
    },
    {
        "about": "รับปูกะเบื้องยาง ทั่ว ประเทศไทย คับ. #จาก CPK จำกัด. สนใจ to 0955203308 ขอบคุณครับ",
        "id": "625970214172287",
        "name": "รับปูกระเบื้องยาง"
    },
    {
        "id": "100509333622258",
        "location": {
            "city": "Amphoe Kabin Buri",
            "country": "Thailand"
        },
        "name": "รับทำบ้าน ต่อเติม ตีฝ้า ปูกระเบื้อง 087-1368393 กบินทร์บุรี",
        "phone": "0871368393"
    }
]