[
    {
        "about": "โอ๋ความสัมพันธ์ช่างยนต์เหมือนดั่งน้องพี่ ผูกไมตรีรักอยู่เสมอ",
        "description": "วิทยาลัยเทคนิคกรุงเทพฯ เป็นวิทยาลัยเทคนิคแห่งแรกในประเทศไทย ก่อตั้งขึ้นเมื่อปี พ.ศ. 2495 โดยความร่วมมือจากรัฐบาลสหรัฐอเมริกาและรัฐบาลไทย (THAI-AMERICAN) โดย พณฯ จอมพล ป. พิบูลสงคราม สังกัดกองวิทยาลัยเทคนิค กรมอาชีวศึกษา กระทรวงศึกษาธิการ\nแผนกวิชาช่างยนต์ วิทยาลัยเทคนิคกรุงเทพฯ เริ่มเปิดทำการสอนเมื่อปีการศึกษา 2496 ซึ่งเป็นปีที่2ที่วิทยาลัยได้เริ่มก่อตั้งขึ้นมา มีจำนวนนักศึกษารุ่นแรกที่รับจากผู้สำเร็จประโยคอาชีวศึกษาชั้นสูง หรือเทียบเท่า 35 คน ซึ่งนับเป็นปีที่4 และรับจากผู้สำเร็จเตรียมเทคนิคโดยเฉพาะอีก17คน นับเป็นชั้นปีที่2 ปีที่เริ่มเปิดสอนนั้น ตึกเรียนทฤษฏี และโรงงานกำลังทำการก่อสร้างอยู่ ฉะนั้นนักศึกษารุ่นแรกเฉพาะชั้นปีที่4 จึงต้องอาศัยเรียนและฝึกงานที่ตึกสมาคมภูโตแห่งประเทศไทย ในบริเวณโรงเรียนช่างกลปทุมวันส่วนนักศึกษาชั้นปีที่ 2 ได้ไปอาศัยเรียนที่โรงงานคณะวิศวกรรมศาสตร์จุฬาลงกรณมหาวิทยาลัย พร้อมทั้งอาศัยฝึกงานที่นั้นชั่วคราวด้วย\nในปีแรกที่เปิดสอนนั้น กรมอาชีวศึกษาได้โอนย้ายครูอาจารย์จากโรงเรียนช่างกลปทุมวันมาประจำแผนก2ท่าน คือ อาจารย์ ร.ท.วิชิต นาคสวัสดิ์ วศ.บ. เป็นหัวหน้าแผนก และผู้รวบรวมอีก 1คน อาจารย์วิชิต  นาคสวัสดิ์  เป็นประจำแผนก ในขณะนั้นมีศาสตาจารย์พิเศษปัตตพงษ์ เป็นหัวหน้าฝ่ายช่างกล ต่อมาในปีการศึกษา 2497อาคารเรียนและโรงงานสร้างเสร้จเรียบร้อย จึงได้ทำการย้ายแผนกมาประจำและทำการสอนในวิทยาลัยเทคนิคจนถึงปัจจุบัน การฝึกงานเริ่ิมสะดวกและดีขึ้นตามลำดับเพราะเครื่องจักรเครื่องมือที่ส่งมาจากสหรัฐอเมริกา ได้มาถึงแล้ว และมีผู้เชี่ยวชาญมาช่วยเหลือจากอเมริกาด้วย เฉพาะแผนกช่างยนต์ 1ท่าน ตั้งแต่ปี 2497จนถึงปี2502 มีผู้เชี่ยวชาญจากอเมริกามาช่วยทั้งหมด4ท่าน ด้วยกันสลับเปลี่ยนกันมาตามที่ทางการกำหนด และกลับคืนสู่ประเทศหมดเมื่อปี 2502\nปัจจุบัน แผนกช่างยนต์(ปวส.รุ่น1-49) ตอนนี้ได้ยุบ แล้วแตกออกเป็น 3สาขาวิชาในระดับปริญาตรี(ป.ตรีรุ่น50 จนถึงปัจจุบัน)\n1.ครุศาสตร์ วิศวกรรมเครื่องกล (คอ.บ) \nหลักสูตร 4ปี ปกติ\n\n2.เทคโนโลยีเครื่องกล (อส.บ) \nหลักสูตร 4ปี ปกติ\n\n3.วิศวกรรมเครื่องกล (วศ.บ) \nหลักสูตร 4ปี ปกติ\nหลักสูตรต่อเนื่อง 3-4ปี\n- ปกติ\n- สมทบ\n",
        "id": "237586226277546",
        "name": "วิทยาเขตช่างยนต์แผนกเทคนิคกรุงเทพ"
    },
    {
        "id": "421253278019011",
        "name": "ชางยนต์"
    },
    {
        "about": "คิดถึงงานบริการ คิดถึง ช่างโอ๋",
        "description": "โดยช่างผู้ชำนาญ ประสบการณ์ตรงจากสามค่ายชั้นนำ (โตโยต้ามหานคร ฮอนด้าคาร์ พระราม3 นิสสันพระนคร) วิเคราะห์ปัญหางานได้ตรงจุด แบบรอบเดียวจบ วิเคราะห์ปัญหาเชิงเทคนิคด้วย \"เครื่องวิเคราะห์ปัญหาแบบเชิงลึก scan code\" ตรวจสอบก่อนส่งมอบและรับประกันหลังงานซ่อม พร้อมให้คำปรึกษาและบริการ ในและนอกสถานที่ 24 ชั่วโมง",
        "emails": [
            "santivut@hotmail.co.th"
        ],
        "id": "555811411106630",
        "location": {
            "city": "Bangkok",
            "country": "Thailand",
            "latitude": 13.62888240819,
            "longitude": 100.50085002459,
            "street": "เลขที่ 146/28 m.4 Pracha Uthit 72",
            "zip": "10140"
        },
        "name": "ศูนย์อนุรักษ์พันธุ์ยานยนต์ ช่างโอ๋ประชาอุทิศ 72",
        "phone": "0890563833 0951500790"
    },
    {
        "about": "ความรู้การศึกษา",
        "id": "955959311112581",
        "location": {
            "city": "Don Sak",
            "country": "Thailand",
            "latitude": 9.3,
            "longitude": 99.6833,
            "street": "ณ.ดอนสัก",
            "zip": "8422"
        },
        "name": "ช่างยนต์."
    },
    {
        "about": "ยินดีต้อนรับ ช่างยนต์ วิทยาลัยโปลิเทคนิคลานนาเชียงใหม่ ทุกๆรุ่น",
        "description": "เพื่อน พี่ๆน้องๆช่างยนต์ ปทล.หลังจากจบไปกันแล้วเรียนต่อหรือทำงาน จะได้รู้จัก หรือร่วมสายงาน และต่างจังหวัดมาแชร์ความรู้ ประสบการณ์ และทริฟในแต่ละกรุ๊ปกัน ",
        "id": "439887749400424",
        "location": {
            "city": "Chengmai",
            "country": "China"
        },
        "name": "ช่างยนต์ ปวช.ปวส. โปลิ"
    },
    {
        "id": "270878666451911",
        "name": "ช่่างยนตร์"
    },
    {
        "id": "402807589876892",
        "name": "ช่างเอ็ม เจริญยนต์"
    },
    {
        "about": "รับซ่อมรถยนต์ทุกยี่ห้อ / รับทำประกันภัยรถยนต์ ต่อพ.ร.บ",
        "description": "รับซ่อมรถยนต์ทั้งทีมีประกันภัยและไม่มีประกันภัย ทางอูมีเครื่องมือที่ทำนมสัย ทั้งเครื่องดึงตัวถัง ห้องพ่นสี มีระบบการผสมสีของอู่โดยสีที่ใช้เป็นสี 2K ระบบ",
        "emails": [
            "ubaehenglee@hotmail.com"
        ],
        "id": "1538937616364575",
        "location": {
            "city": "Phetchaburi",
            "country": "Thailand",
            "latitude": 12.965281947692,
            "longitude": 99.899754424615,
            "street": "157/9  หมู่5  ต.ท่ายาง  อ.ท่ายาง",
            "zip": "76130"
        },
        "name": "อู่เบ๊เฮงหลีการช่าง. รับซ่อมรถยนต์ทุกชนิด ซ่อมรถยนต์จ.เพชรบุรี",
        "phone": "032-437696"
    },
    {
        "id": "344348125717423",
        "name": "ช่างยนต์3"
    },
    {
        "id": "157162870994243",
        "name": "ช่างซ่อมยานยนต์ล้อ"
    },
    {
        "id": "1614140138798763",
        "location": {
            "city": "สมุทรสาคร",
            "street": "วิทยาลัยเทคนิคสมุทรสาคร",
            "zip": "74000"
        },
        "name": "ช่างยนต์ ทวิ รุ่น 42",
        "phone": "0920951285"
    },
    {
        "about": "วิทยาลัยเทคนิคสระบุรี ช่างยนต์ สระบุรี",
        "id": "341131475971689",
        "location": {
            "city": "Saraburi",
            "country": "Thailand",
            "street": "ช่างยนต์เทคนิคสระบุรี"
        },
        "name": "ช่างยนต์เทคนิคสระบุรี"
    },
    {
        "about": "แผนกช่างยนต์ วิทยาลัยเทคนิคจันทบุรี เปิดสอนหลักสูตร ปวช. และปวส. สาขาวิชาเครื่องกล",
        "id": "410290529051206",
        "name": "แผนกช่างยนต์ วิทยาลัยเทคนิคจันทบุรี"
    },
    {
        "about": "เราคือ ช่างยนต์ วิทยาลัยเทคนิคปทุมธานี  จะอยู่ที่ไหน ก็คือช่างยนต์ปทุมธานี",
        "description": "เพสนี้ไม่ได้สร้างมาเพื่อใครคนใดคนหนึ่งแต่สร้างมาเพื่อพวกเราทุกคน\n\n........## ช่างยนต์ เทคนิคปทุมฯ",
        "id": "463888077029444",
        "location": {
            "street": "79 หมู่5 ต.บ้านกลาง อ.เมือง จ.ปทุมธานี",
            "zip": "12000"
        },
        "name": "วิทยาลัยเทคนิคปทุมธานี แผนก ช่างยนต์"
    },
    {
        "id": "205333816257630",
        "name": "ปวช.ช่างยนต์"
    },
    {
        "id": "137574952974898",
        "name": "ช่างยนต์อุสาหกรรม"
    },
    {
        "about": "เพจนี้สร้างขึ้นเพื่อแจ้งข่าวสารของแผนกวิชาช่างยนต์ และพูดคุยแลกเปลี่ยนความรู้ข่าวสาร",
        "id": "1473370896266326",
        "name": "แผนกวิชาช่างยนต์ เทคโนโลยีกรุงธน"
    },
    {
        "id": "147750668617400",
        "name": "สาขางานช่างยนต์"
    },
    {
        "id": "1419401064939984",
        "location": {
            "city": "Phetchabun",
            "country": "Thailand",
            "latitude": 16.43490119275,
            "longitude": 101.15306422526,
            "zip": "67000"
        },
        "name": "แผนกวิชาเครื่องกล - ช่างยนต์ วิทยาลัยเทคนิคเพชรบูรณ์"
    },
    {
        "id": "777223802344498",
        "location": {
            "latitude": 15.160598502857,
            "longitude": 101.69927774086,
            "street": "บ้านตะเคียน"
        },
        "name": "อู่ช่างต้อม ต.ยานยนต"
    },
    {
        "description": "หิวข้าว จุงเบย",
        "id": "170455856486850",
        "location": {
            "city": "Chiang Rai",
            "country": "Thailand",
            "latitude": 19.902496733103,
            "longitude": 99.826741776624,
            "zip": "57000"
        },
        "name": "ตึกช่างยนต์ วิทยาลัยเทคนิคเชียงราย"
    },
    {
        "id": "893687130651456",
        "location": {
            "city": "Pak Chong",
            "country": "Thailand",
            "latitude": 14.704026310534,
            "longitude": 101.40496730804,
            "street": "ตามแผนที่"
        },
        "name": "ร้านช่างยันต์การันตี 100%"
    },
    {
        "id": "1471706256404429",
        "location": {
            "city": "Bangsabhan",
            "country": "Thailand",
            "latitude": 11.237189866667,
            "longitude": 99.434614987333
        },
        "name": "แผนกช่างยนต์ วิทยาลัยการอาชีพบางสะพาน"
    },
    {
        "id": "214154485380869",
        "location": {
            "city": "Khonkean",
            "country": "Thailand",
            "latitude": 16.429571419201,
            "longitude": 102.86279924999,
            "zip": "40000"
        },
        "name": "ตึก 8 Rmuti ค.อ.บ.เครื่องกล/ช่างยนต์"
    },
    {
        "id": "827855227261120",
        "location": {
            "city": "Bangkok",
            "country": "Thailand",
            "latitude": 13.646733035385,
            "longitude": 100.37837818192
        },
        "name": "วิทยาลัยเทคนิคราชสิทธาราม แผนกช่างยนต์"
    }
]