[
    {
        "about": "สินค้าดี มีคุณภาพ ราคาถูก",
        "id": "650130938374961",
        "name": "เครื่องมือช่าง น็อต สกรู กิ๊ปรถยนต์"
    },
    {
        "about": "นักเรียนนักศึกษาแผนกช่างยนต์ วิทยาลัยเทคนิคหาดใหญ่",
        "id": "148418968686463",
        "location": {
            "city": "หาดใหญ่",
            "zip": "90110"
        },
        "name": "ชมรมวิชาชีพช่างยนต์ วิทยาลัยเทคนิคหาดใหญ่",
        "phone": "\u003c\u003cnot-applicable\u003e\u003e"
    },
    {
        "about": "ศิษย์เก่าลงทะเบียนประวัติได้ที่ เว็ปไซด์แผนกช่างยนต์ :  http://auto.sstc.ac.th",
        "id": "104552829642518",
        "location": {
            "street": "89 หมู่ 12 ถ.เอกชัย ต.ลาดใหญ่ อ.เมือง ฯ",
            "zip": "75000"
        },
        "name": "แผนกช่างยนต์ วิทยาลัยเทคนิคสมุทรสงคราม"
    },
    {
        "id": "184621608243831",
        "name": "ช่างยนตร์"
    },
    {
        "id": "106667116157400",
        "name": "เฮง เจริญยนต์ หวานฉำ ่ 2011 ช่างหนึ่งสุพรรณ กุ้ง65. Thesangza"
    },
    {
        "about": "ซ.30  ถนนเพชรเกษม  ต.ควนลัง  อ.หาดใหญ่  จ.สงขลา   เปิดเวลา 10:00-ปิดเวลา 20:30 xโทร 081-9906761 ",
        "id": "318004148392327",
        "name": "ร้านตัดผม ช่างยันต์"
    },
    {
        "id": "162955180422811",
        "name": "ช่างยนต์"
    },
    {
        "id": "202663066411352",
        "name": "ช่างกล-ยานยนต์"
    },
    {
        "id": "260947334108516",
        "name": "°°°°ช่างยนต์°°°°"
    },
    {
        "id": "195540173809350",
        "name": "ช่างยนต์ DVT"
    },
    {
        "about": "จำหน่ายอะไหล่ classic big bike Ngo พร้อมบริการ ตกแต่ง ซ่อม รถทุกชนิด สนใจติดต่อ ช่างเม่นสุพรรณ 0882284257",
        "id": "1010025832359253",
        "name": "ร้าน ศานิต เจริญยนต์ - ช่างเม่น สุพรรณ"
    },
    {
        "id": "179399282105532",
        "name": "ช่างเทคนิคยานยนต์"
    },
    {
        "id": "148756268517966",
        "name": "ช่างยนต์ทวิภาคี"
    },
    {
        "id": "128407287231611",
        "name": "ช่างยนต์ ทวิ"
    },
    {
        "id": "142624539424661",
        "name": "ช่างยนต์เอกโท"
    },
    {
        "id": "166725996709286",
        "name": "ช่างยนต์อุตสาหกรรม"
    },
    {
        "id": "157075397683818",
        "name": "ช่างยนต์ปวช."
    },
    {
        "id": "197696340249842",
        "name": "ช่างยนต์ เครื่องกล"
    },
    {
        "about": "อู่ช่างก๋ำทำได้!!! บริหารงานโดย ช่างแป๊ะเว้ยเห้ย!",
        "description": "บริการซ่อมเครื่องดีเซล เบนซินทุกชนิด ซ่อมช่วงล่าง ทำเบรค วางเครื่องและรับติดแก๊สรถยนต์ทุกชนิด ยี่ห้อแก๊สทุกรุ่น \nสนใจสามารถคิดต่อได้ที่\n02-5172187 ( อู่ช่างยนต์ )\n081-3491995 ( ช่างก๋ำ )\n083-4365554 ( ช่างแป๊ะเว้ยเห้ย ) ",
        "id": "619630234743838",
        "location": {
            "city": "Bangkok",
            "country": "Thailand",
            "latitude": 13.82222949,
            "longitude": 100.7209555,
            "street": "72/18-20 หมู่13 ซอยสีหบุรานุกิจ ถนนสีหบุรานุกิจ เขตมีนบุรี แขวงมีนบุรี",
            "zip": "10510"
        },
        "name": "อู่ช่างก๋ำ-โกมลรวมช่างยนต์",
        "phone": "02-5172187"
    },
    {
        "about": "กิจกรรม Open House ช่างยนต์ วิทยาลัยเทคโนโลยีโปลิเทคนิคลานนา เชียงใหม่ ปีการศึกษา 2557",
        "description": "กิจกรรม Open House หรือ กิจกรรมวันวิชาการ วิชาชีพ และ นวัตกรรม ของ ช่างยนต์ วิทยาลัยเทคโนโลยี โปลิเทคนิคลานนา เชียงใหม่ ปีการศึกษา 2557 วันที่ 6 ก.พ. 2558",
        "id": "1556739301233555",
        "name": "Open House ช่างยนต์ โปลิ"
    },
    {
        "id": "344588748953432",
        "name": "ปวส.ช่างยนต์"
    },
    {
        "id": "142127862492822",
        "name": "ช่างยานยนต์ล้อ"
    },
    {
        "id": "236503096556853",
        "location": {
            "city": "Bangkok",
            "country": "Thailand",
            "latitude": 13.55952,
            "longitude": 100.51878,
            "street": "สมุทรปารการ",
            "zip": "10290"
        },
        "name": "รวมช่างเครื่องเสียง ร้านมุกดาประดับยนต์",
        "phone": "0990524219"
    },
    {
        "id": "194670243889952",
        "name": "วิชาช่างยนต์"
    },
    {
        "id": "487223654632488",
        "name": "สมาคมช่างยนต์ 18+"
    }
]