[
    {
        "about": "งานฝ้าเพดานทุกประเภท",
        "id": "805668502823400",
        "location": {
            "city": "Bankok",
            "country": "Thailand",
            "latitude": 14.0688,
            "longitude": 101.38777,
            "street": "14/2 หมู่2 ตำบลดงขี้เหล็ก อำเภอเมือง",
            "zip": "25000"
        },
        "name": "รับออกแบบ ติดตั้ง ซ่อมฝ้าเพดานทุกชนิด",
        "phone": "0890220886"
    },
    {
        "id": "495441790595275",
        "name": "บังอาลีการช่าง รับเหมาซ้อมหลังคา และงาน ฝ้าเพดาน ทั่วไป 0807036654"
    }
]