[
    {
        "about": "วิทยาลัยเทคนิคแพร่",
        "id": "780412382035464",
        "name": "ช่างไฟฟ้าในตำนาน"
    },
    {
        "about": "คัยต้องการให้(addmin)ลงรูปในเพจ ให้ติดต่อทางแชทน่ะคับ",
        "description": "โทดที เรียนมาน้อยเลยสะกด\"คำว่าถอย\"ไม่เป็น",
        "general_info": "ช่วยกันมากดติดตามเพจ วิจารณ์ในสิ่งดี และกดถูกใจเพจของเราเยอะๆ...เพื่อเป็นกำลังใจให้(แอดมิน)ด้วยน่ะครับ-Addmin.",
        "id": "498191970337096",
        "location": {
            "city": "Amphoe Kranuan",
            "country": "Thailand",
            "latitude": 16.6333,
            "longitude": 103.017,
            "zip": "40170"
        },
        "name": "เราช่างไฟฟ้า กำลัง ปวส.วิทยาลัยการอาชีพกระนวน",
        "phone": "0930276669"
    },
    {
        "id": "142972915896300",
        "name": "ช่างไฟฟ้า ช่างแอร์"
    },
    {
        "id": "1489932278000086",
        "location": {
            "city": "Phetchabun",
            "country": "Thailand"
        },
        "name": "ช่างไฟฟ้ากำลังเทคนิคเพชรบูรณ์"
    },
    {
        "id": "1482345382092293",
        "name": "ช่างไฟฟ้าเอเลักโตรนิก"
    },
    {
        "id": "1153785417982767",
        "name": "ช่างไฟฟ้าและเด็กรถ"
    },
    {
        "id": "1651028405166890",
        "name": "ช่างไฟฟ้ากำลังรุ่นที่17"
    },
    {
        "id": "1644721405810303",
        "name": "(ช่างไฟฟ้า) ฝ่ายวิศวกรรมไฟฟ้า"
    },
    {
        "id": "1653411261594737",
        "name": "ช่างไฟฟ้า และซ่อมบำรุง"
    },
    {
        "id": "1657765077802611",
        "name": "ช่างไฟฟ้า ระดับ 3 อ."
    },
    {
        "id": "1702069833339883",
        "name": "ช่างไฟฟ้า โรงงาน และ ASSO"
    },
    {
        "id": "1077831112228393",
        "name": "ช่างไฟฟ้ากำลังดันสูง"
    },
    {
        "id": "954029091307211",
        "name": "ช่างไฟฟ้าระบบและอาคาร"
    },
    {
        "id": "742241479254660",
        "name": "ช่างไฟฟ้า,ผช.แผนกเอาอบ"
    },
    {
        "id": "720968101366738",
        "name": "ช่างไฟฟ้า (Electrician)\u0026 MC.Diver"
    },
    {
        "id": "588065294665585",
        "name": "ช่างไฟฟ้ารถยนต์,แอร์รถยนต์"
    },
    {
        "id": "548202101994343",
        "name": "ช่างไฟฟ้า  ท่าเรือสัตหีบชลบุรี"
    },
    {
        "id": "1080670898618518",
        "name": "ช่างไฟฟ้า/รับเดินไฟฟ้า"
    },
    {
        "id": "221606861242205",
        "location": {
            "street": "เลขที่ 1 ถ.เทวาภิบาล ต.ในเมือง อ.เมือง จ.ร้อยเอ็ด"
        },
        "name": "แผนกวิชาช่างไฟฟ้ากำลัง วิทยาลัยเทคนิคร้อยเอ็ด",
        "phone": "043-511289-127"
    },
    {
        "id": "147282308675061",
        "name": "ช่างไฟฟ้า อ.เมือง จ.สงขลา"
    },
    {
        "about": "ลั้นลา ลั้นลา",
        "id": "790830337603800",
        "name": "ช่างไฟฟ้ากำลัง EP EP"
    },
    {
        "id": "885974138087979",
        "name": "ช่างไฟฟ้าในตำนาน"
    },
    {
        "about": "อยากโชว์ความน่าตาดีอ่ะ",
        "id": "402068636604810",
        "name": "ช่างไฟฟ้า สุดหล่อ"
    },
    {
        "about": "แผนกไฟฟ้ากำลัง แม่สอด กับช่างทุกคนครับ",
        "id": "558020277579272",
        "name": "ช่างไฟฟ้ากำลัง แม่สอด"
    },
    {
        "about": "*กลุ่มของเราจะเน้นโพสต์ในเรื่องที่เกี่ยวกับ\nชาวช่างไฟฟ้ากำลัง วทก.ปง น๊ครับ",
        "id": "274406282712694",
        "name": "ช่างไฟฟ้า'กำลัง วทก. ปง"
    }
]