[
    {
        "about": "เว็บไซด์ศูนย์รวมช่าง และ งานบริการ",
        "id": "259390540777203",
        "name": "ศูนย์ช่าง ช่างไฟฟ้า ช่างประปา"
    },
    {
        "id": "1443029385978307",
        "name": "แผนกวิชาช่างไฟฟ้า - วิทยาลัยเทคนิคสระบุรี"
    },
    {
        "about": "ฝึกอบรมรมช่างไฟฟ้า เครื่องปับอากาศ ทฎษฎิคำนวณเข่มข้น",
        "id": "313066905546064",
        "name": "อบรมช่างไฟฟ้าเครื่องปับอากาศ"
    },
    {
        "id": "150438271681855",
        "name": "ครู ช่างไฟฟ้า"
    },
    {
        "id": "145953659083839",
        "name": "ช่างไฟฟ้า ปวช ปี 44"
    },
    {
        "id": "919462441465839",
        "name": "ช่างไฟฟ้ากำลัง  /พ.ศ.46"
    },
    {
        "about": "สามารถโพสต์บอกงานเกี่ยวกับห้องเราได้นะครับ ใครมีอะไรจะประชาสัมพันธ์ก็ได้นะ ",
        "id": "1390883904457026",
        "name": "ช่างไฟฟ้า/56 เทคนิคอุบล"
    },
    {
        "about": "ซ่อม เปลี่ยน ติดตั้งอุปกรณ์ไฟฟ้า เดินไฟฟ้าบ้าน ใน จ. อยุธยา 0861226684",
        "description": "บริการเปลี่ยนอุปกรณ์ไฟฟ้า ติดตั้งอุปกรณ์ไฟฟ้าภายในบ้าน เปลี่ยนโคมไฟฟ้า สวิทช์ไฟฟ้า ปลั๊กไฟ พัดลมเพดาน เครื่องทำน้ำอุ่น เพิ่มเติมอุปกรณ์เครื่องใช้ไฟฟ้าซ่อมบำรุงอุปกรณ์ไฟฟ้าและเดินสายไฟฟ้าในบ้าน อาคารโทร จ.อยุธยา 0861226684",
        "id": "177567445769820",
        "location": {
            "city": "Ayuthaya",
            "country": "Thailand",
            "latitude": 14.23928,
            "longitude": 100.71865,
            "street": "27",
            "zip": "13170"
        },
        "name": "ช่างไฟฟ้า จ.อยุธยา บริการติดตั้งอุปกรณ์ไฟฟ้า เดินสายไฟฟ้าบ้าน  0861226684",
        "phone": "0861226684"
    },
    {
        "id": "135596866463529",
        "name": "นายช่างไฟฟ้า"
    },
    {
        "about": "ช่าง",
        "id": "248415795317054",
        "name": "ช่างไฟฟ้ากำลัง วิทยาลัยการอาชีพสว่างแดนดิน"
    },
    {
        "id": "1076374499061727",
        "name": "ช่างไฟฟ้าระดับช.4"
    },
    {
        "id": "1634793896810170",
        "name": "ช่างไฟฟ้าโครงการหนึ่งในพระประแดง"
    },
    {
        "id": "1029280097091497",
        "name": "ช่างไฟฟ้า-อิเลคทรอนิกส์อุตสาหกรรม"
    },
    {
        "id": "1658809537695582",
        "location": {
            "city": "Surat Thani",
            "country": "Thailand"
        },
        "name": "ช่างไฟฟ้า วิทยาลัยการอาชีพเวียงสระ"
    },
    {
        "id": "1701941133371120",
        "name": "ช่างไฟฟ้ากะ กะไปกะมา"
    },
    {
        "id": "1705574072987387",
        "name": "ช่างไฟฟ้ากำลัง วิทยาลัยการอาชีพโคกสำโรง"
    },
    {
        "id": "941538115910620",
        "location": {
            "city": "Lop Buri",
            "country": "Thailand"
        },
        "name": "ช่างไฟฟ้ากำลัง วิทยาลัยการอาชีพโคกสำโรง"
    },
    {
        "id": "933378063403058",
        "name": "ช่างไฟฟ้ากำลัง ผู้ยิ่งใหญ่"
    },
    {
        "id": "895299693898053",
        "location": {
            "city": "Pathum Thani",
            "country": "Thailand"
        },
        "name": "ช่างไฟฟ้ากำลัง วิทยาลัยเทคนิคธัญบุรี"
    },
    {
        "id": "418795681645247",
        "name": "ช่างไฟฟ้ากำลัง วิทยาลัยการอาชีวปทุมธานี"
    },
    {
        "id": "1056940424319272",
        "name": "ช่างไฟฟ้าระบบ,ช่างอิเลคโทนิค"
    },
    {
        "about": "เพื่อใช้ในการพบปะพูดคุย แจ้งข่าวสารภายในสถาบัน ",
        "description": "วิทยาลัยเทคโนโลยีปัญญาภิวัฒน์ เป็นสถานศึกษาประเภทอาชีวศึกษาเอกชน สังกัด สำนักงานเขตพื้นที่การศึกษาประถมศึกษานนทบุรี เขต 1 สำนักงานคณะกรรมการส่งเสริมการศึกษาเอกชน กระทรวงศึกษาธิการ ก่อตั้งโดย บริษัท ซีพี ออลล์ จำกัด (มหาชน) โดยซื้อกิจการมาจากโรงเรียนกรุงเทพเทคนิคนนท์ และตั้งในนาม บริษัท ศึกษาภิวัฒน์ จำกัด เมื่อวันที่ 5 ตุลาคม 2547 และได้เปลี่ยนชื่อจากโรงเรียนกรุงเทพเทคนิคนนท์ เป็น โรงเรียนปัญญาภิวัฒน์ เทคโนธุรกิจ เมื่อวันที่ 5 พฤศจิกายน 2547 ต่อมา วันที่ 11 มกราคม 2551 ได้มีการประกาศใช้พระราชบัญญัติโรงเรียนเอกชน พ.ศ. 2550 ให้โรงเรียนฯ มีฐานะเป็นนิติบุคคลและมีคณะกรรมการบริหาร และเมื่อวันที่ 4 มกราคม 2555 ได้ขอเปลี่ยนแปลงรายการในตราสารจัดตั้งโรงเรียน หมวด 1 ชื่อประเภทระดับการศึกษา เปลี่ยนชื่อจากโรงเรียนปัญญาภิวัฒน์ เทคโนธุรกิจ เป็น วิทยาลัยเทคโนโลยีปัญญาภิวัฒน์ วิทยาลัย ได้ดำเนินการเปิดรับนักเรียนนักศึกษาใหม่ตั้งแต่ ภาคเรียนที่ 1 ปีการศึกษา 2548 เป็นต้นมา โดยจัดการเรียนการสอนในรูปแบบทวิภาคี ซึ่งเป็นการเรียน การสอนโดยความร่วมมือระหว่างสถานศึกษากับสถานประกอบการ เรียนทฤษฎีควบคู่กับการปฏิบัติงานจริงในสถานประกอบการตลอดเวลาของหลักสูตร",
        "id": "1441672466096400",
        "name": "โรงเรียนปัญญาภิวัฒน์ เทคโนฯ ช่างไฟฟ้ากำลัง"
    },
    {
        "id": "1634027516851297",
        "name": "ช่างไฟฟ้าและเครื่องวัดช่วยเดินอากาศยาน"
    },
    {
        "id": "746477875456573",
        "name": "ช่างไฟฟ้า มว.สนับสนุนไฟฟ้า แผนกปฏิบัติการไฟฟ้า"
    },
    {
        "id": "870927639689612",
        "location": {
            "city": "Bangkok",
            "country": "Thailand"
        },
        "name": "ช่างไฟฟ้ากำลัง ๒๗ ปี วิทยาลัยเทคนิคดอนเมือง"
    }
]