[
    {
        "id": "125325870849160",
        "name": "ช่างซ่อมโทรศัพท์"
    },
    {
        "about": "เพจสำหรับช่างโทรศัพท์กองทัพเรือ",
        "id": "554022834700636",
        "name": "ช่างโทรศัพท์ กองทัพเรือ",
        "phone": "024754001"
    },
    {
        "id": "159599534058993",
        "name": "ช่างโทรศัพท์"
    },
    {
        "about": "รับเดินสายแลน(lan) รับเดินสายไฟฟ้า สายโทรศัพท์ สายเคเบิ้ลTV, ติดตั้งระบบ CCTV\n086-7821286",
        "description": "รับเดินสายไฟฟ้า รับเดินสายแลน(lan) สายโทรศัพท์ สายเคเบิ้ลTV, ติดตั้งระบบ CCTV , \nเพิ่มจุด และ แก้ไข ปลั๊กไฟ, ปลั๊กแลน(lan)และปลั๊กโทรศัพท์ , \n wifi ,lan สำหรับบริษัท โรงงาน นิคมอุตสาหกรรม สำนักงาน ห้างร้าน ร้านอินเตอร์เน็ท-เกมส์ หมู่บ้าน และ ตามบ้าน\nใน กทม และ ตจว.\n\nรับเดินสาย lan , รับเดินสายแลน ,ติดตั้งระบบ lan , เดินสาย lan ,บริการเดินสายแลน , เดินสายแลน , บริการรับเดินสาย lan , ติดตั้งสาย lan ,  รับเดินแลน\n\nทีมช่างเดินสายแลน,ช่างเดินสายโทรศัพท์,ช่างไฟฟ้า\nรับเดินสายโทรศัพท์,รับเดินสายไฟ,รับเดินสายแลน,รับเดินสายCCTV\n\nติดต่อ 0867821286\nดิเรก",
        "emails": [
            "bkkexpertlink@gmail.com"
        ],
        "id": "616970985075439",
        "location": {
            "city": "Bangkok",
            "country": "Thailand",
            "latitude": 13.89633,
            "longitude": 100.63934,
            "street": "สายไหม กทมฺ10220",
            "zip": "10220"
        },
        "name": "ช่างไฟฟ้า ช่างโทรศัพท์ รับเดินสายแลน ไฟฟ้าเร่งด่วน",
        "phone": "0867821286"
    },
    {
        "id": "546849672132832",
        "location": {
            "city": "Chon Buri",
            "country": "Thailand",
            "latitude": 13.0050497,
            "longitude": 100.9888916,
            "street": "บางละมุง",
            "zip": "20150"
        },
        "name": "ช่างโทรศัพท์ พัทยา รับเดินสายโทรศัพท์ สายแลน พัทยาแหลมฉบัง  099-3308555",
        "phone": "099-3308555"
    },
    {
        "about": "ช่างเดินสายโทรศัพท์ รับเดินสายโทรศัพท์ภายในภายนอก",
        "description": "ช่างโทรศัพท์ นี่คือสุดยอดช่างซ่อม ช่างเดินสายโทรศัพท์ รับเดินสายโทรศัพท์ภายในบ้านอาคาร เบอร์1 เราขอท้าทั้งประเทศว่าเราคือสุดยอดช่างเดินสายโทรศัพท์เบอร์1\n\n",
        "emails": [
            "changphonedd@gmail.com"
        ],
        "id": "202150493204171",
        "name": "ช่างเดินสายโทรศัพท์ รับเดินสายโทรศัพท์ภายใน",
        "phone": "083-992-8083"
    },
    {
        "about": "084-5239026 ซ่อม ตู้สาขาโทรศัพท์ ติดตั้ง  ย้าย โดยช่างมืออาชีพ\nถูก เร็ว ดี มีประกัน ",
        "description": "ซ่อมตู้สาขาโทรศัพท์ ติดตั้งตู้สาขาโทรศัพท์ ย้ายตู้สาขาโทรศัพท์ โดยช่างมืออาชีพ\nราคายุติธรรม มีประกัน กรุงเทพฯและปริมณฑล เขตลาดพร้าว,บางกะปิ,สุขุมวิท,วังทองหลาง,อโศก,รัชดา\n- รับเดินสายโทรศัพท์ \n- รับเดินสายแลน\n- รับเดินสายไฟ\n- รับติดตั้งตู้สาขาโทรศัพท์\nบริการซ่อมตู้สาขาโทรศัพท์ ตู้มีปัญหาปรึกษาเรา\nบริการซ่อม-ตรวจเช็ค-แก้ไข-สายโทรศัพท์ชำรุด-เพิ่มจุด\nบริการซ่อม-ตรวจเช็ค-แก้ไข-สายแลนชำรุด-เพิ่มจุด-เช็คสัญญาณอินเทอร์เน็ต\nโดยทีมช่างทีมีความสามารถ และราคาเป็นกันเอง \n**สอบถามโทร. 084-5239026  ช่างหนึ่ง\n",
        "emails": [
            "phaitoonone1@hotmail.com"
        ],
        "id": "747637118688563",
        "location": {
            "city": "Bangkok",
            "country": "Thailand",
            "latitude": 13.7522,
            "longitude": 100.494,
            "zip": "10230"
        },
        "name": "ช่างซ่อมตู้สาขาโทรศัพท์ จำหน่าย ติดตั้ง ย้าย เซ็ตโปรแกรม ราคาถูก",
        "phone": "0845239026"
    },
    {
        "about": "ช่างเดินสายโทรศัพท์ รับเดินสายโทรศัพท์ เดินสายโทรศัพท์บ้าน",
        "description": "เราคือทีมช่างโทรศัพท์ ช่างเดินสายโทรศัพท์ เดินสายโทรศัพท์ รับเดินสายโทรศัพท์ เดินสายโทรศัพท์บ้าน เดินสายโทรศัพท์ภายใน\tรับเดินสายโทรศัพท์ภายใน เบอร์ 1 ของประเทศไทย\n\n",
        "emails": [
            "changphone2@gmail.com"
        ],
        "id": "348112435205785",
        "name": "ช่างเดินสายโทรศัพท์ รับเดินสายโทรศัพท์ เดินสายโทรศัพท์บ้าน",
        "phone": "080-818-6085"
    },
    {
        "about": "นายณัฐวุฒิ ภุมมะโสภณ\n125 ม.10 ต.ทุ่งควายกิน อ.แกลง จ.ระยอง 21110",
        "description": "ช่างหลุยส์ ไอที โฟน\nรับซ่อม คอมพิวเตอร์ โน๊ตบุ๊ค โทรศัพท์มือถือ แท็บเล็ต\nลงApps ลงเกมส์   ล้างเครื่อง   ปลดล็อค\nโทร.089-2480257, 082-2189087",
        "id": "187301501480318",
        "name": "ช่างหลุยส์ ไอที โฟน รับซ่อม คอมพิวเตอร์ โน๊ตบุ๊ค โทรศัพท์มือถือ แท็บเล็ต"
    },
    {
        "id": "636876516438874",
        "location": {
            "city": "Nakhon Sawan",
            "country": "Thailand",
            "latitude": 15.69823,
            "longitude": 100.17683,
            "street": "55/4ม.9ถ.โกสีย์ ซ.สวรรค์วิถี36(ทนายวอ) ต.ปากน้ำโพ อ.เมือง จ.นครสวรรค์",
            "zip": "60000"
        },
        "name": "ร้านช่างอาร์ เทเลคอม ศูนย์ซ่อมโทรศัพท์มือถือทุกรุ่น ทุกยี่ห้อ",
        "phone": "0882724882"
    },
    {
        "about": "เจ ช็อป ศูนย์ฝึกอบรมช่างซ่อมโทรศัพท์มือถือ www.jshopmobile.com ติดต่อได้ที่ 084-5045048,089-6366367",
        "description": "เจ ช็อป ศูนย์ฝึกอบรมช่างซ่อมโทรศัพท์มือถือ และ\nชมรมช่างซ่อมโทรศัพท์มือถือภาคเหนือเราเป็นแหล่งรวมสินค้า\nและอุปกรณ์โทรศัพท์มือถือมากมาย ซึ่งใช้กันอย่างแพร่หลายใน\nร้านโทรศัพท์มือถือร้านซ่อมมือถือทางร้านได้เปิดดำเนิน\nกิจการเกี่ยวกับ อุปกรณ์สื่อสารเปิดให้บริการแก่ชาวเชียงใหม่ และจังหวัดใกล้เคียง ไม่ว่าจะเป็นบริการด้าน\nซื้อ ขาย แลกเปลี่ยน โทรศัพท์มือถือ มือหนึ่งและมือสอง จำหน่ายอุปกรณ์ สำหรับลูกค้า และ ช่างซ่อมโทรศัพท์มือถือ รับซ่อมมือถือ รับซ่อมโทรศัพท์มือถือ พร้อมทั้งรับสอนซ่อมมือถือ รับสอนซ่อมโทรศัพท์มือถือ โดยช่างซ่อมมือถือมืออาชีพ เรียนง่ายเข้าใจง่าย เป็นเร็ว\nรับประกันการสอน ",
        "emails": [
            "j_s_h_o_p@hotmail.com"
        ],
        "id": "193624144031738",
        "location": {
            "city": "Chiang Mai",
            "country": "Thailand",
            "latitude": 18.7608929,
            "longitude": 98.9925537,
            "street": "261/15 บ้านพรสวรรค์ ม.3 ต.สันนาเม็ง อ.สันทราย เชียงใหม่",
            "zip": "50210"
        },
        "name": "เจ-ช็อป ศูนย์ฝึกอบรมช่างซ่อมโทรศัพท์มือถือ",
        "phone": "087-6598889,084-5045048,089-6366367"
    },
    {
        "id": "116748248373136",
        "name": "ช่างซ่อมและติดตั้งโทรศัพท์"
    },
    {
        "id": "1483892808579235",
        "name": "ช่างซ่อมโทรศัพท์มือถือ ร้าน chom chom"
    },
    {
        "id": "149586658399012",
        "name": "ช่างซ่อมโทรศัพท์มือถือ"
    },
    {
        "id": "1497187083938658",
        "name": "ช่างติดตั้งสัญญาณโทรศัพท์ ( WiFi )"
    },
    {
        "id": "100707713618040",
        "name": "ช่างติดตั้งสัญญาณโทรศัพท์ (true ais dtac )"
    },
    {
        "id": "492861194152641",
        "location": {
            "city": "Bangkok",
            "country": "Thailand",
            "latitude": 13.75395,
            "longitude": 100.50224,
            "street": "MBK  center  , มาบุญคลอง"
        },
        "name": "รับซ่อมโทรศัพท์มือ ช่างเจน   0843332319  ID: levisjan",
        "phone": "0843332319"
    },
    {
        "about": "อาหารอร่อย สด สะอาด รสชาติดี ราคาย่อยเยา",
        "description": "อาหารไทยจีน สูตรดั่งเดิมคงความอร่อยและคุณภาพกว่า 40 ปี ในราคาย่อมเยา พร้อมรับจัดเลี้ยงทั้งใน - นอกสถานที่ ด้วยการบริการเปี่ยมมิตร",
        "id": "118899921525598",
        "location": {
            "city": "Chiang Mai",
            "country": "Thailand",
            "latitude": 18.80645625448,
            "longitude": 98.965727845438,
            "street": "ถ.โทรคมนาคม (ซอยองค์การโทรศัพท์) ต.ช้างเผือก อ.เมือง",
            "zip": "50300"
        },
        "name": "ร้านเอกทิพย์โชคดี",
        "phone": "053-401112  fax 053-226044"
    },
    {
        "id": "1456243228013882",
        "location": {
            "city": "Amphoe Muang Nonthaburi",
            "country": "Thailand",
            "latitude": 13.856826124568,
            "longitude": 100.53701768188
        },
        "name": "ร้านซ่อมโทรศัพท์ที่มีช่างเก่งและหล่อมาก แต่พูดไทยไม่รู้เรื่อง"
    },
    {
        "id": "1384945968473912",
        "location": {
            "latitude": 15.650681056229,
            "longitude": 100.13147190213
        },
        "name": "ห้องฝึกอบรมช่างซ่อมโทรศัพท์มือถือ สภพ.8นว.",
        "phone": "056802702"
    },
    {
        "id": "893502407328734",
        "location": {
            "city": "Uthai Thani",
            "country": "Thailand",
            "latitude": 15.3670724,
            "longitude": 100.0449055
        },
        "name": "ข้างโรงอาหารหน้าช่างยนต์เก่าหลังตู้โทรศัพท์"
    },
    {
        "id": "883855161659302",
        "location": {
            "city": "Ban Muang Detudom",
            "country": "Thailand",
            "latitude": 14.7355218,
            "longitude": 104.9157349
        },
        "name": "ร้านโทรศัพท์ช่างเบียร์"
    },
    {
        "id": "840601985977700",
        "location": {
            "city": "Bangkok",
            "country": "Thailand",
            "latitude": 13.7522,
            "longitude": 100.494
        },
        "name": "ฝูงบิน 602 รักษาพระองค์ ที่มีช่างหน้าตาดี มีรถขับ โทรศัพท์ถ่ายรูปได้"
    },
    {
        "id": "750007501756249",
        "location": {
            "city": "Ban Satahip",
            "country": "Thailand",
            "latitude": 12.656223459356,
            "longitude": 100.88906110659
        },
        "name": "แผนกช่างโทรศัพท์ กองทัพเรือ"
    },
    {
        "description": "จำหน่ายรถมือสอง",
        "id": "669991339712811",
        "location": {
            "city": "Kamphaeng Phet",
            "country": "Thailand",
            "latitude": 16.481089222654,
            "longitude": 99.520855682741,
            "street": "ร้านขายโทรศัพท์มือถือซิมอุปกรณ์",
            "zip": "62000"
        },
        "name": "หจก.ช่างปล้อง"
    }
]