[
    {
        "about": "รับซ่อมเครื่องชั่ง ร้านรับซื้อของเก่า",
        "id": "262730587258933",
        "location": {
            "city": "Samut Prakan",
            "country": "Thailand",
            "latitude": 13.54812,
            "longitude": 100.68051,
            "street": "199/1488 ม.3 ถ.บางพลี-ตำหรุ อ.เมือง",
            "zip": "10280"
        },
        "name": "รับซ่อม เครื่องชั่งร้านรับซื้อของเก่า",
        "phone": "0863388168"
    },
    {
        "id": "931269870298263",
        "location": {
            "city": "Nakhon Ratchasima",
            "country": "Thailand"
        },
        "name": "บริษัท อมร ซ่อมเครื่องใช้ไฟฟ้าทุกชนิด โคราช"
    },
    {
        "about": "เครื่องพ่นยุง เครื่องพ่นแมลง\nโทร. 081-8889076 คุณสุริยา",
        "description": "ศูนย์เรียนรู้เครื่องพ่นยุง สุวินภัณฑ์\nเว็บไซต์ : http://www.suwinphan.com/\nอีเมล์ : suwinphan@gmail.com\nเฟสบุ๊ค : http://www.facebook.com/suwinphan.official\n            https://www.facebook.com/messages/suwinphan.official\nโทร : 081-8889076    แฟ็กซ์ : 056-872318\nไลน์ : 0818889076 , suriya_homechemical\n\n\n--------------------------------------------------------------------------------------------------------------\n\nศูนย์เรียนรู้ เครื่องพ่นหมอกควัน เครื่องพ่นละอองฝอย FOG ULV บริการซ่อม จำหน่ายอะไหล่ ทุกรุ่น  รับซ่อมเครื่องพ่นหมอกควัน\n\nเป็นแหล่งรวบรวมความรู้ เครื่องพ่นหมอกควัน เครื่องพ่นละอองฝอยละเอียด อาทิ การใช้งาน ดูแลเครื่องเบื้องต้น วิธีการตรวจเช็คเครื่องก่อนใช้ วิธีการ ซ่อมเครื่องพ่นหมอกควัน เครื่องพ่นยุง เบื้องต้น\n\nทางศูนย์ยังมีบริการซ่อมเครื่อง ตรวจเช็คสภาพเครื่องก่อนใช้งาน   จำหน่าย น้ำยากำจัดยุง ทรายอะเบท เครื่องพ่นหมอกควัน  เครืองพ่นละอองฝอย  อะไหล่เครื่องพ่นหมอกควัน ทุกยี่ห้อ   และอุปกรณทางด้านสาธารณสุข เทศบาล  อื่น ๆ\n\nติดต่อสอบถาม  056-872318         \n                      081-8889076\n\n\"พาสอะไหล่ทุกชิ้น พร้อมราคาทุกตัว\"\n\n\"ราคาช่าง เรากล้ารับประกัน\" \n\n\"ศูนย์รวมช่างซ่อมเครื่องพ่นยุง\"\n\nคีย์เวิร์ด :  เครื่องพ่นหมอกควัน, ซ่อมเครื่องพ่นหมอกควัน, อะไหล่, อะไหล่เครื่องพ่นหมอกควัน, เครื่องพ่นยุง, เครื่องพ่นแมลง, เครื่องพ่นละอองฝอย, เครื่องพ่น ULV, Swing Fog, Igeba, Fontan, Best Fogger, Plus Fog, JLO, สุวินภัณฑ์, ปลวก, บริษัทกำจัดปลวก, กำจัดปลวก, กำจัดปลวกนครสวรรค์",
        "emails": [
            "suwinphan@gmail.com"
        ],
        "id": "166706410187332",
        "location": {
            "city": "Nakhon Sawan",
            "country": "Thailand",
            "latitude": 15.69823,
            "longitude": 100.17683,
            "street": "135/33 ม.10 ต.วัดไทร",
            "zip": "60000"
        },
        "name": "ศูนย์เรียนรู้เครื่องพ่นยุง สุวินภัณฑ์ จำหน่าย อะไหล่ ซ่อมเครื่องพ่นหมอกควัน",
        "phone": "0818889076"
    },
    {
        "description": "+ จัดจำหน่าย และติดตั้งเครื่องจักร\n     \u003c CNC LASER  MACHINE\n     \u003c LASER MARKING MACHINE\n     \u003c CNC ROUTER MACHINE  \n     \u003c 5 AXIS CNC ROUTER MACHINE\n     \u003c CNC FLAME CUTTING MACHINE\n     \u003c CNC PLASMA \n     \u003c CNC DIE CUT\n     \u003c CNC CENTER \u0026 CNC LATHE\n     \u003c CNC AUTO TOOL  CHANGE \u0026 5 AXIS\n+ แผ่นโรมาร์ค แผ่นพลาสติก 2 สี\n+  อุปกรณ์ทำตารางทุกชนิด\n+ บริการซ่อม ตรวจเช็ค และบำรุงรักษาเครื่องจักร โดยช่างผู้ชำนาญงาน \nสนใจ ติดต่อ. 088-166-6942, 099-929-6926\n",
        "emails": [
            "m.a.infinity9@gmail.com"
        ],
        "id": "922813657742104",
        "location": {
            "city": "Bangkok",
            "country": "Thailand",
            "latitude": 13.8603697,
            "longitude": 100.6598892,
            "street": "หจก.เอ็ม.เอ.อินฟินิตี้ 134/241 ซอยคู้บอน 27 แยก 14 แขวงท่าแร้ง เขตบางเขน",
            "zip": "10220"
        },
        "name": "ขาย + ซ่อม เครื่อง CNC Laser \u0026 CNC Router",
        "phone": "0881666942"
    },
    {
        "about": "ราคาเป็นกันเอง",
        "emails": [
            "nakato009@hotmail.com"
        ],
        "id": "297608470414753",
        "location": {
            "city": "Phrae",
            "country": "Thailand",
            "street": "187/2 หมู่ 8 ต.ร่องกาศ อ.สูงเม่น จ.แพร่",
            "zip": "54130"
        },
        "name": "รับซ่อมเครื่องใช้ไฟฟ้าคอมพิวเตอร์และติดตั้งจานดาวเทียม",
        "phone": "09-0674-8662"
    },
    {
        "about": "Wholesaler bar code scanner,printer,computer,rfid,sticker,ribbon,pos,cash drawer,receipt printer,keyboard,software,solution,service,installation rental",
        "description": "จำหน่ายปลีก-ส่ง เครื่องอ่านบาร์โค้ด Barcode Scanners และ อุปกรณ์ ,Barcode Scanners , Data Collection Terminals เครื่องอ่าน บาร์โค้ด และ เก็บข้อมูล , Fixed Mount Barcode Scanners \u0026 Counter , Barcode Verifiers , Barcode Decoders , Software เช็คสต๊อคสินค้า , เครื่องพิมพ์บาร์โค้ด Barcode Printer , Wireless Switches \u0026 Base Station , Barcode Accessories\n\nเครื่องพิมพ์บาร์โค้ด Barcode Printers และ อุปกรณ์ , Barcode Printers , Portable Barcode Printers , เครื่องพิม์บาร์โค้ด พิมพ์ตั๋ว , Thermal Printheads , Barcode Label Rewinders , ซอฟท์แวร์ พิมพ์ บาร์โค้ด , บาร์โค้ด สติกเกอร์ Barcode Stickers , Ribbons Thermal Transfer , Barcode Printers Accessories\n\nเครื่องอ่าน Barcode Mobile Computer Hand Helds ,Mobile Computer HandHeld Barcode , Access Points , Accessories , Mobile Software , Wireless Switches\nอุปรกรณ์ระบบ POS (Point Of Sales) POS Solutions\n\nเครื่องพิมพ์ใบเสร็จอย่างย่อ , เครื่อง พีโอเอส Point of Sale Terminals , ลิ้นชักเก็บเงิน Cash Drawers , ทัชสกรีน มอนิเตอร์ LCD Touch Screen , มอนิเตอร์ Point of Sale Monitors , POS -Kiosk Series , จอภาพสำหรับลูกค้า Customer Displays , เครื่องบันทึกเงินสด Cash Registers , Point of Sale Programmable Keyboard , เครื่องรูดบัตร Barcode,Smart Cards,Magnetic , โปรแกรมระบบขายปลีก , ผ้าหมึกเครื่องพิมพ์ใบเสร็จอย่างย่อ Ribbon , เครื่องชั่ง Digital weigh scales , กระดาษม้วนเครื่องพิมพ์ใบเสร็จอย่างย่อ Paper Roll , Options \u0026 Accessories , POS SET\n\nRFID Hardware, Supplies \u0026 Equipment,RFID Printers เครื่องพิมพ์ บาร์โค้ด RFID , RFID Handheld Readers เครื่องอ่าน บาร์โค้ด RFID , Fixed RFID Reader Antennas , Antennas RFID , Fixed RFID Readers , RFID TagsTags, Inserts and Smart Labels , RFID Encoder • RFID Tags / Cards • Mifare Reader\n\n\nเครื่องพิมพ์บัตร ID Card Printers และ อุปกรณ์, ID Card Printers , ID Systems , Ribbons \u0026 Supplies , ID Software , ID Cards , ID Cameras , Printer Accessories , Badge Accessories , Badge Lanyards , Badge Clips , Badge Holders , Badge Reels , Slot Punches , Data Capture , Visitor / Lobby ID , Parts-Accessories , Lamination Products , Cleaning Kit\n\n\tเครื่องพิมพ์บัตร #High Security Retransfer Card Printers\n\tUsed For:High \u0026 Mid-Volume Applications,High Security ID \u0026 Access Control Cards,Government ID,Secure \u0026 Batch Issuance\n\n\tเครื่องพิมพ์บัตร #High Performance Card Printers\n\tUsed For:High \u0026 Mid-Volume Applications,Secure ID \u0026 Access Control Cards,Retail \u0026 Hospitality Cards,Education,Secure \u0026 Batch Issuance\n\n\tเครื่องพิมพ์บัตร #Professional Card Printers\n\tUsed For:,Mid-Volume Applications,Branch Office Card Printing,Personal ID \u0026 Access Control Cards,Retail \u0026 Membership Cards,Instant Issuance\n\tเครื่องพิมพ์บัตร #Standard Card Printers\n\tUsed For:,Low-Volume Applications,Small Business \u0026 Retail Membership Cards,ID Cards,Event Cards\n\n\tเครื่องพิมพ์บัตร #Solutions Bundles\n\tUsed For:Getting Started Right Away,Standard \u0026 Professional Bundles Available,Software, Camera, \u0026 Supplies Included\n\n\n\nเครื่องอ่านลายนิ้วมือ Security System Hardware and Accessories เครื่องสแกนลายนิ้วมือ Fingerprint , เครื่องรูดบัตรพนักงาน , Auto-ID \u0026 Security Products , Door Accessories , READER \u0026 NETWORKING DEVICES\n\nSoftware ซอฟท์แวร์ Inventory Online System , ซอฟท์แวร์ระบบ จุดขาย (POS) , Asset Management , ระบบบัญ Inventory Online System , ซอฟท์แวร์ระบบ จุดขาย (POS) , Asset Management , ระบบบัญชี ( Accounting ) , Restaurant Management System. ระบบบริหารจัดการร้านอาหาร\nวัสดุสิ้นเปลือง Supplies สติกเกอร์บาร์โค้ด , Ribbons , Receipt Paper กระดาษเครื่องพิมพ์ใบเสร็จ\nBarcode Labels สติกเกอร์บาร์โค้ด , Thermal Transfer Ribbons , Receipt Paper กระดาษเครื่องพิมพ์ใบเสร็จ , ID Card Printer Ribbons , Plastic ID Cards บัตรพลาสติก , RFID Tags\n\nบริการให้เช่าอุปกรณ์ ID Card Printer Mobile Barcode , Barcode Scanner, ให้บริการเช่า เครื่องอ่านบาร์โค้ด Barcode Scanner , ให้บริการเช่า เครื่องอ่านบาร์โค้ด Mobile Computer , ให้บริการเช่า เครื่องพิมพ์บาร์โค้ด Barcode printer , ให้บริการเช่า อุปรกรณ์ระบบ Point Of Sales , ให้บริการเช่า เครื่องพิมพ์บัตร ID Card printer , ให้บริการเช่า เครื่องสแกนลายนิ้วมือ FingerPrint , MA Mobile Computer \u0026 Barcode Scanner\nBARCODE SERVICE Center ,Service Barcode Printers , Service Barcode Printers ,ติดตั่งอุปกรณ์บาร์โค้ด ,ซ่อมเครื่องอ่านบาร์โค้ด ,เครื่องพิมพ์บาร์โค้ด ,เครื่องพิมพ์บัตร ,เครื่องพิมพ์ใบเสร็จ ,เครื่องพิมพ์ Epson ทุกๆรุ่น\n\nจำหน่าย , เครื่องอ่านบาร์โค้ด Barcode Scanners, เครื่องพิมพ์บาร์โค้ด Barcode Printers , เครื่องอ่าน Barcode Mobile Computer Hand Helds , เครื่องพิมพ์ใบเสร็จอย่างย่อ , เครื่อง พีโอเอส Point of Sale Terminals , ลิ้นชักเก็บเงิน Cash Drawers , RFID Hardware, Supplies \u0026 Equipment, เครื่องพิมพ์บัตร ID Card Printers และ อุปกรณ์, Software ซอฟท์แวร์ Inventory Online System , ซอฟท์แวร์ระบบ จุดขาย (POS) , Asset Management , ระบบบัญ Inventory Online System , #Motorola Symbol # HONEYWELL # Epson # Cipherlab # Datalogic # TSC # Zebra #Intermec #Posiflex# Fingertech # IDTECHT # Zebex # BIXOLON # DIGITAL-ID Card # Datamax #HP #IBM #OMNIKEY #PROMAG #Tysso #  Seagull Barcode #Netronix, Inc.# Zebracard, #TYSSO   \n\n#สอบถามข้อมูลเพิ่มเติมได้ที่ -025392650\n#http://www.barcoderetail.co.th/home/index.php  \n#mail : poscsretail@gmail.co.th  \n#Line # ID : barcodepos  \nhttp://www.facebook.com/barcoderetailstores",
        "emails": [
            "pocsretail@gmail.com"
        ],
        "id": "1439835509605411",
        "location": {
            "city": "แขวงพลับพลา เขตวังทองหลาง กรุงเทพมหานคร",
            "street": "55/64 ซอยหมู่บ้านกลางเมืองพระรามเก้า-ลาดพร้าว ถนนประดิฐมนูธรรม",
            "zip": "10310"
        },
        "name": "Barcode บาร์โค้ด เครื่องอ่าน เครื่องพิมพ์ ซอฟท์แวร์ ให้เช่า บริการซ่อม",
        "phone": "+662-5392650"
    },
    {
        "about": "บริการรับซ่อมเครื่องถ่ายเอกสารราคากันเอง มีบริการให้เช่าเครื่องถ่ายเอกสาร ราคาถูก",
        "id": "478360085664126",
        "location": {
            "city": "Bangkok",
            "country": "Thailand",
            "zip": "10240"
        },
        "name": "บริการซ่อม เช่า ซื้อ ขาย เครื่องถ่ายเอกสารทุกรุ่น ทุกยี่ห้อ",
        "phone": "0993250499"
    },
    {
        "about": "บริการซ้อมเครื่องปริ้นเตอร์ทุกอาการ",
        "description": "ติดต่อได้ที่ ช่างเจี๊ยบ  088-1530289",
        "id": "151202175044803",
        "name": "รับซ้อมและจำหน่ายเครื่องปริ้นเตอร์ทุกรุ่น"
    },
    {
        "about": "จำหน่ายเครื่องใช้ไฟฟ้าที่มีคุณภาพทุกชนิด\nบริการซ่อมเครื่องใช้ไฟฟ้าราคาย่อมเยาว์\n",
        "description": "ร้านตี่มอเตอร์เปิดให้บริการมาเป็นเวลามากกว่า 20 ปี\nได้รับการไว้วางใจจากชาวบ้านโดยทั่ว",
        "id": "286001144943307",
        "location": {
            "city": "Thai Chang",
            "country": "Thailand",
            "latitude": 8.45358,
            "longitude": 98.53896,
            "street": "91-94 หมู่ 5 ตำบล หนองมะค่าโมง อำเภอ ด่านช้าง จังหวัด สุพรรณบุรี",
            "zip": "ึ72180"
        },
        "name": "ตี๋มอเตอร์ จำหน่ายเครื่องใช้ไฟฟ้าและบริการซ่อมเครื่องใช้ไฟฟ้าทุกชนิด",
        "phone": "081-7059644, 035-509291"
    },
    {
        "about": "ขายอะไหล่อุปกรณ์ฟิตเนส/ซ่อมเครื่องออกกำลังกาย ",
        "description": "อะไหล่อุปกรณ์ฟิตเนส/ซ่อมเครื่องออกกำลังกาย (แก้ไข ดัดแปลง หาอะไหล่ ทุกชนิด) \n- รับเปลี่ยนสายพานลู่วิ่งไฟฟ้า(Running Belt) สายพานมอเตอร์(V-Belt) ทุกรุ่น\n - ซ่อมแผงอิเล็กทรอนิก(M.C.B.) ซ่อมแผงปุ่มคำสั่ง (Key Pad) \n- รับเปลี่ยนเส้นลวดสายสลิงชุดบริหารกล้ามเนื้อ(Strength for Cable) ทุกรุ่น\n - ซ่อมอาการเสียงดังต่างๆ ! มอเตอร์ ตลับลูกปืน อื่นๆ \nรับประกันงาน 3 เดือน ,6 เดือน - 1ปี ลู่วิ่งไฟฟ้า \n\n(Treadmill)\n อาการเบื้องต้น\n 1.ไฟที่แผงควบคุมการทำงานหน้าจอไม่ติด หรือ ติดๆ ดับๆ \n2.เปิดเคื่องแล้วสายพานลู่วิ่งไม่หมุนในขณะที่ทุกอย่างแสดงอาการปรกติ \n3.กดปุ่มระดับความชันแล้วเครื่องไม่ยกขึ้น \n4.ความเร็วผิดปรกติ \n5.หน้าจอปรากฎข้อความ (E1, E2, E3 ,E4 ,E5 ,E6 ,E7 ) \n6.เสียงดังผิดปรกติ \n7.โปรแกรมการวัดชีพจรไม่ทำงาน \n8.วิ่งแล้วสายพานเกิดการสะดุดหรือกระตุก\n 9.สายพานลู่วิ่งขาดรอยต่อ หรือ ชำรุด จักรยานนั่งปั่น (Upright Bike ) \n\nจักรยานนั่งปั่นมีพนักพิง (Recumbent Bike) เครื่องปืนไต่(Stepper)\n เครื่องเดินอากาศ(Eillpical, Cosstrainer) อาการเบื้องต้น\n 1.ไฟที่แผงควบคุมการทำงานหน้าจอไม่ติด หรือ ติดๆ ดับๆ \n2.ไฟที่แผงควบคุมการทำงานหน้าจอติด แต่กดปุ่มคำสั่งไม่ทำงาน\n 3.ไม่มีแรงต้านแต่ปรับ เพิ่ม-ลด ใช้งานได้\n 4.มีอาการเสียงดังผิดปรกติ\n 5.ปั่นเท้าขณะใช้งาน มีอาการฟรี (ไม่มีแรงต้านเป็นบางครั้ง )\n 6.โปรแกรมการวัดชีพจรไม่ทำงาน \n7.หน้าจอปรากฎข้อความ (Low Battery) \n\nเครื่องบริหารกล้ามเนื้อ(Strenth)\n อาการเบื้องต้น \n1.สายเส้นลวดสลิง(Cabel) ขาด /เปลือกหุ้มสายแตก\n 2.เบาะนั่งหรือเบาะส่วนอื่น มีรอยฉีก ขาด \n3.รอกสลิงแตก \nคำแนะนำ : เมื่อเครื่องมีปัญหาให้สังเกตว่าผิดปรกติอย่างไร มีรหัสผิดผลาดหรือหน้าจอปรากฎข้อความอะไร ให้จดไว้แล้วดูคู่มือ เพื่อแก้ไขด้วยตนเองหรือเป็นข้อมูลเพื่องแจ้งฝ่ายบริการ kimservice.com ติดต่อตรวจเช็คและประเมินราคา....ได้ที่ \nคุณ คิม ผ่านการอบรมจากบริษัทชั้นนำ/ประสบการร์ในการซ่อมบำรุง (Sport Fitness) ฟิตเนสในโรงแรม สโมสร โครงการหมู่บ้าน\n Tel: 081-401-1432 E-mail : kimservice1@hotmail.com \nhttp://kimservice1.weloveshopping.com \nApp Whatapp:0814011432 App line: ID kim27 \nอัตราค่าบริการ - ตรวจเช็คเครื่องออกกำลังกาย/ประเมินราคา ฟรี * เสนอราคาก่อนซ่อม * กรณีเครื่องชำรุดและแก้ไข/ซ่อมบำรุง/ทำความสะอาด/ คิดค่าบริการเริ่มต้น 600 บาท + ตามระยะทาง - อยู่ที่ต่างจังหวัด ส่งอะไหล่มาให้ ทางพัสดุไปรษณีย์ หรือ รูปภาพทาง E-mail บริการจัดหาอะไหล่เครื่องออกกำลังกายทุกชนิด ",
        "id": "460102614039987",
        "location": {
            "street": "อ่อนนุช สุขมวิท"
        },
        "name": "รับซ่อมเครื่องฟิตเนส",
        "phone": "0814011432"
    },
    {
        "about": "รับซ่อมตู้เย็น เครื่องซักผ้า จำหน่ายอะหลั่ย และคอมตู้แช่\n ในจังหวัดนครนายก โทร.0896001646",
        "description": "ร้านช่างแดง  รับซ่อมเครื่องซักผ้า ตู้เย็น  โดยช่างผู้ชำนาญงานมากกว่า 20 ปี  จำหน่ายอะหลั่ยและจำหน่าย ตู้เย็นและเครื่องซักผ้ามือสอง ราคาถูก ร้านอยู่ ซอยชลประสิทธิ์ 3  ถ.ชลประสิทธิ์ ตรงข้ามร้านเบาะ โทร.0896001646",
        "emails": [
            "ratitammanon@hotmail.com"
        ],
        "id": "285782151625229",
        "location": {
            "city": "Nakhon Nayok",
            "country": "Thailand",
            "street": "ซ.ชลประสิทธิ์3",
            "zip": "26000"
        },
        "name": "รับซ่อม ตู้เย็น เครื่องซักผ้า",
        "phone": "0896001646"
    },
    {
        "description": "จำหน่ายเครื่องชั่ง ย้าย และติดตั้งเครื่องชั่งน้ำหนักทุกชนิด และบริการซ่อมโดยช่างผู้ชำนาญงาน",
        "emails": [
            "ravenna_nui@hotmail.com"
        ],
        "id": "655869347769962",
        "location": {
            "city": "Chiang Rai",
            "country": "Thailand",
            "latitude": 19.55933,
            "longitude": 99.74563,
            "street": "937 ม.17 ต.เมืองพาน อ.พาน จ.เชียงราย",
            "zip": "57120"
        },
        "name": "จำหน่าย ย้าย ซ่อม เครื่องชั่งน้ำหนัก โดย ช่างเล็กบริษัทเมืองพานเครื่องชั่ง"
    },
    {
        "id": "118867921530114",
        "location": {
            "street": "ค่ายพหลโยธิน ต.เขาพระงาม อ.เมือง",
            "zip": "๑๕๑๖๐"
        },
        "name": "กองพันทหารขนส่งซ่อมบำรุงเครื่องบินทหารบก",
        "phone": "036486704"
    },
    {
        "about": "รับซ่อมเครื่องดนตรี ขายเครื่องดนตรี",
        "description": "Muramatsu Flute - Pearl - Jupiter - Majestic Percussion - Mapex Drumset - Various Chinese brand...",
        "emails": [
            "sukitking@yahoo.com"
        ],
        "id": "359919674026798",
        "location": {
            "city": "Bangkok",
            "country": "Thailand",
            "street": "729/15 ถ.รัชดา-พระราม 3 แขวงบางโพงพาง เขตยานนาวา",
            "zip": "10120"
        },
        "name": "รับซ่อมเครื่องดนตรี ขายเครื่องดนตรี -  My Music Production",
        "phone": "+66 2683 5598"
    },
    {
        "emails": [
            "0da_toom@msn.com"
        ],
        "id": "169672629771240",
        "name": "จำหน่าย ลิฟท์ยกรถ (ห้อย) เครื่องมือช่างซ่อมรถทุกชนิด",
        "phone": "085-180-8293"
    },
    {
        "about": "เครื่องมือช่าง เครื่องมือ อุปกรณ์ช่าง ประแจ ซ่อมรถยนต์ ปั๊มลม อุปกรณ์ลม แม่แรง ",
        "id": "1633350886910671",
        "name": "เครื่องมือช่าง อุปกรณ์ช่าง เครื่องมือ ประแจ ซ่อมรถยนต์ อะไหล่"
    },
    {
        "about": "ศูนย์รับซ่อมเครื่องออกกำลังกาย",
        "emails": [
            "piyachokservice@hotmail.com"
        ],
        "id": "546948285350471",
        "location": {
            "city": "Samut Prakan",
            "country": "Thailand",
            "latitude": 13.6,
            "longitude": 100.6,
            "street": "201/29 ม.5 ต.ศรีษะจรเข้ใหญ่ อ.บางเสาธง",
            "zip": "10540"
        },
        "name": "หจก.ปิยโชคเซอร์วิส บริการซ่อมและจำหน่ายเครื่องออกกำลังกาย",
        "phone": "0888641683"
    },
    {
        "about": "รับซ่อมมือถือ ทุกรุ่นทุกอาการ โดยช่างผู้ชำนาญงาน \nราคาเป็นกันเอง",
        "id": "742461865825263",
        "location": {
            "city": "Bangkok",
            "country": "Thailand",
            "latitude": 13.74641,
            "longitude": 100.50865,
            "street": "K-mobile ล็อคD9 เสือป่าพลาซ่า ถนนเสือป่า",
            "zip": "10100"
        },
        "name": "Kmobile รับซ่อมมือถือ เครื่องไทย-นอก-จีน ทุกรุ่นทุกอาการ ราคาเป็นกันเอง",
        "phone": "0879644411"
    },
    {
        "about": "DD Air Sale and Service",
        "description": "จำหน่าย เครื่องปรับอากาศ แอร์บ้าน-สำนักงาน ม่านอากาศ พัดลมระบายอากาศ พัดลมไอน้ำ แอร์เคลื่อนที่\nติดตั้ง ซ่อม ล้างทำความสะอาด เติมน้ำยา\nซ่อมเครื่องใช้ไฟฟ้า เครื่องทำความเย็น ตู้แช่ ",
        "emails": [
            "ddair.saleandservice.phuket@gmail.com"
        ],
        "general_info": "เปิดบริการทุกวัน Hot Line : 083-645 1395",
        "id": "280334225397060",
        "location": {
            "city": "Amphoe Muang Phuket",
            "country": "Thailand",
            "latitude": 7.916656131578,
            "longitude": 98.394367269887,
            "street": "15/16 ม.2 ถ.เทพกระษัตรี ต.รัษฏา อ.เมือง ภูเก็ต",
            "zip": "83000"
        },
        "name": "ดีดีแอร์ จำหน่ายเครื่องปรับอากาศในภูเก็ต ซ่อมแอร์ ล้างแอร์",
        "phone": "0836451395"
    },
    {
        "about": "จำหน่ายอุปกรณ์เครื่องออกกำลังกาย",
        "description": "จำหน่ายอุปกรณ์เครื่องออกกำลังกาย รับซื้อขายแลกเปลี่ยนอุปกรณ์ เครื่องมือหนึ่ง มือสอง ดูแลซ่อมบำรุง และจัดจำหน่ายอุปกรณ์อะไหล่เครื่องกำลังกาย พร้อมจัดส่งทั่วประเทศ",
        "emails": [
            "1sports.serviec@gmail.com"
        ],
        "id": "497997310300535",
        "location": {
            "city": "กรุงเทพมาหานคร",
            "street": "355 ถ.พุทธมณฑล สาย 1 แขวงบางด้วน เขตภาษีเจริญ"
        },
        "name": "วัน สปอร์ต  ขาย ซ่อม เครื่องออกกำลังกายทั่วประเทศ",
        "phone": "089-133 9229 "
    },
    {
        "about": "สร้างใหม่#ต่อเติม#ซ่อมแซมที่อยู่อาศัย\nwww.facebook.com/bHouseControl",
        "description": "เกี่ยวกับเรา\nคลิก\u003e\u003e\nhttps://www.facebook.com/media/set/?set=a.265367656944246.1073741825.265348153612863\u0026type=3\n------------------------------\nสินค้าและบริการ\nคลิก\u003e\u003e\nhttps://www.facebook.com/media/set/?set=a.265368156944196.1073741826.265348153612863\u0026type=3\n------------------------------\nขั้นตอนการให้บริการ\nคลิก\u003e\u003e\nhttps://www.facebook.com/media/set/?set=a.265368643610814.1073741827.265348153612863\u0026type=3\n----------------------------------\nคำถามที่ถามบ่อย\nคลิก\u003e\u003e\nhttps://www.facebook.com/media/set/?set=a.265368733610805.1073741828.265348153612863\u0026type=3\n----------------------------------\nติดต่อเรา\nคลิก\u003e\u003e\nhttps://www.facebook.com/media/set/?set=a.265369056944106.1073741829.265348153612863\u0026type=3\n----------------------------------",
        "emails": [
            "info@bhc-th.com"
        ],
        "id": "265348153612863",
        "location": {
            "city": "กรุงเทพ",
            "street": "488/4 ถนนประชาพัฒนา แขวงทับยาว เขตลาดกระบัง",
            "zip": "10520"
        },
        "name": "ครบเครื่องเรื่องซ่อมบ้าน by B House Control"
    },
    {
        "id": "1010080422376004",
        "location": {
            "city": "Maha Sarakham",
            "country": "Thailand",
            "street": "กันทรวิชัย  บรบือ",
            "zip": "44150"
        },
        "name": "อนงค์นาถเซอร์วิสแอร์ ขาย ติดตั้ง ซ่อม เครื่องใช้ไฟฟ้าทุกชนิด"
    },
    {
        "about": "รับซ่อมรถคลาสสิกทุกชนิด ทำสี ซ่มอเครื่อง พร้อมอุปกรณ์ตกแต่งทุกชนิด",
        "id": "347024558753578",
        "location": {
            "city": "Bangkok",
            "country": "Thailand",
            "latitude": 16.44472,
            "longitude": 99.86894,
            "street": "120 ม.8 ต.มหาชัย อ.ไทรงาม จ.กำแพงเพชร",
            "zip": "62150"
        },
        "name": "รับซ่อมรถโบราณ ทำสี ทำเครื่อง",
        "phone": "0874817353"
    },
    {
        "about": "รับซ่อมเครื่องมือทดสอบ เครื่องมือพิเศษ รับผลิตงานชั้น รถเข็นสแตนเลส งานโปรเจตต่างๆ",
        "id": "342804992405123",
        "name": "บริการซ่อม modify เครื่องมือทดสอบ",
        "phone": "0914354491"
    },
    {
        "about": "ตัวแทนจำหน่ายสายพานลู่วิ่ง",
        "id": "909855982381366",
        "location": {
            "city": "Samut Prakan",
            "country": "Thailand",
            "latitude": 13.61248,
            "longitude": 100.74425,
            "street": "747/145 ม7 ต.บางพลีใหญ่",
            "zip": "10540"
        },
        "name": "ตัวแทนจำหน่ายสายพานลู่วิ่งไฟฟ้า รับซ่อมเครื่องออกกำลังกาย",
        "phone": "081-3453504,085-5193504"
    }
]