[
    {
        "about": "เด็กรุ่นที่20รักครูน่ะค่ะ",
        "id": "156265841223767",
        "name": "ศิษย์เก่าโรงเรียนตะเคียนช่างเหล็กรุ่นที่20"
    },
    {
        "about": "ห้องสมุดน่าอยู่",
        "description": "ห้องสมุดโรงเรียนวัดช่างเหล็ก (พิบูลเกียรติ) ได้งบจาก อบจ.อยุธยา (ปี 2549)  เมื่อเดือนกุมภาพันธ์ 2555 ได้งบซื้อหนังสือ และจัดห้องสมุดให้จากมูลนิธิฮอร์นด้าประเทศไทย จำกัด ",
        "emails": [
            "phusa-ad@hotmail.com"
        ],
        "id": "249444705081910",
        "location": {
            "street": "หมู่ 1  ตำบลช่างเหล็ก  อ.บางไทร  จ.พระนครศรีอยุธยา",
            "zip": "13190"
        },
        "name": "ห้องสมุดโรงเรียนวัดช่างเหล็ก (พิบูลเกียรติ)",
        "phone": "081-3656399"
    },
    {
        "emails": [
            "abut2555@gmail.com"
        ],
        "id": "1565188493739749",
        "location": {
            "city": "กรุงเทพ",
            "street": "430/1",
            "zip": "10170"
        },
        "name": "รอบรั้ว ชายคา โรงเรียนวัดช่างเหล็ก",
        "phone": "0900929195"
    },
    {
        "id": "911573322263679",
        "name": "ช่างไฟ\"ช่างเหล็ก"
    },
    {
        "id": "1474411196220948",
        "location": {
            "city": "Thap Put",
            "country": "Thailand",
            "latitude": 8.5307645797729,
            "longitude": 98.64134979248
        },
        "name": "ช.ช่างเหล็ก ทับปุด"
    },
    {
        "id": "417093208481873",
        "name": "กรรมกร ช่างเหล็ก ช่างเชื่อม"
    },
    {
        "about": "อยากให้ลงรูปใครมั้งส่งมาเลยนะ",
        "id": "1429975243962853",
        "name": "คนหล่อคนสวยโรงเรียนวัดช่างเหล็ก"
    },
    {
        "about": "นักเรียนแล้วคุณครูน่ารักที่สุด",
        "id": "568895593154387",
        "name": "โรงเรียนบ้านตะเคียน ช่างเหล็ก"
    },
    {
        "id": "1487089581592863",
        "location": {
            "city": "Phuket",
            "country": "Thailand",
            "latitude": 7.8890249475205,
            "longitude": 98.393477995586
        },
        "name": "ร้านเก่งช่างเหล็ก"
    },
    {
        "id": "883589865036890",
        "name": "บุญเลี้ยง  ช่างเหล็ก"
    },
    {
        "id": "765438940233129",
        "location": {
            "city": "Bangkok",
            "country": "Thailand",
            "latitude": 13.7522,
            "longitude": 100.494
        },
        "name": "โรงเรียนวัดช่างเหล็ก เขตตลิ่งชัน"
    },
    {
        "id": "923873467634735",
        "name": "ณัฐพงศ์ช่างเหล็ก"
    },
    {
        "id": "435189933285941",
        "name": "T.K.   คลาสสิค  Mcบ้านตะเคียนช่างเหล็ก"
    },
    {
        "id": "466784510168203",
        "location": {
            "city": "Amphoe Chakkarat",
            "country": "Thailand",
            "latitude": 15,
            "longitude": 102.267,
            "street": "ต.หนองพลวง อ.จักราช จ.นครราชสีมา",
            "zip": "30230"
        },
        "name": "ร้านโอ้ทีมช่างเหล็ก"
    },
    {
        "id": "1077287655617751",
        "location": {
            "city": "Bangkok",
            "country": "Thailand",
            "latitude": 13.7739002,
            "longitude": 100.4539715
        },
        "name": "ห้องคอมพิวเตอร์ โรงเรียนวัดช่างเหล็ก"
    },
    {
        "id": "395421013960799",
        "name": "โรงเรียนวัดช่างเหล็ก โรงเรียนที่มีเด็กนักเรียนน่าตาดีที่สุดใน บางไทร"
    },
    {
        "id": "226855790845009",
        "location": {
            "latitude": 14.2925,
            "longitude": 100.46547
        },
        "name": "กศน. ตำบลช่างเหล็ก"
    },
    {
        "id": "247582578759112",
        "location": {
            "latitude": 14.288982,
            "longitude": 100.461634
        },
        "name": "บ้านบัวทอง ช่างเหล็ก"
    },
    {
        "id": "240117876133201",
        "location": {
            "latitude": 14.9308236,
            "longitude": 104.2687921
        },
        "name": "ร้านช่างสมคิด ทีมงานช่างเหล็ก"
    },
    {
        "id": "238814206295141",
        "location": {
            "latitude": 14.278506278992,
            "longitude": 100.43441009521
        },
        "name": "My Home at ช่างเหล็ก อยุธยา"
    },
    {
        "id": "238171466387665",
        "location": {
            "city": "Mea Haung Saun",
            "country": "Thailand",
            "latitude": 19.16401,
            "longitude": 97.89433
        },
        "name": "โรงเรียนบ้านห้วยช่างคำ สาขาห้วยช่างเหล็ก"
    },
    {
        "id": "233478073527469",
        "location": {
            "latitude": 14.26205871,
            "longitude": 100.4472569,
            "street": "บ้านช่างเหล็ก ซอย 1"
        },
        "name": "วัดศิริสุขาราม"
    },
    {
        "id": "231276633733213",
        "location": {
            "latitude": 14.77445,
            "longitude": 104.23869
        },
        "name": "โรงเรียนบ้านตะเคียนช่างเหล็ก"
    },
    {
        "id": "227580294108199",
        "location": {
            "latitude": 14.26611,
            "longitude": 100.44979,
            "street": "บ้านช่างเหล็ก ซอย 1"
        },
        "name": "โรงเรียนวัดศิริสุขาราม"
    },
    {
        "id": "227517414114231",
        "location": {
            "latitude": 14.27567,
            "longitude": 100.47729
        },
        "name": "วัดช่างเหล็กบางบาล"
    }
]