[
    {
        "id": "288259674594719",
        "location": {
            "latitude": 14.286660966477,
            "longitude": 100.46352711516
        },
        "name": "53/2 ตำบลช่างเหล็ก บางไทร อยุธยา"
    },
    {
        "id": "281609882006338",
        "location": {
            "city": "Bangkok",
            "country": "Thailand",
            "latitude": 13.585594368095,
            "longitude": 100.51893402319
        },
        "name": "ร้านช่างเหล็กดัดพี่พจน์"
    },
    {
        "id": "312027432227138",
        "location": {
            "latitude": 14.329646480474,
            "longitude": 102.44570519489
        },
        "name": "บ้าน ผู้ใหญ่ จรัส ช่างเหล็ก ต.บ้านราษฏร์ อ.เสิงสาง จ.นครราชสีมา"
    },
    {
        "id": "349142798444641",
        "location": {
            "latitude": 14.790244,
            "longitude": 103.545262
        },
        "name": "บ้านช่างเหล็ก"
    },
    {
        "id": "392219327583859",
        "location": {
            "latitude": 14.770469639133,
            "longitude": 104.2444631901
        },
        "name": "วัดตะเคียงช่างเหล็ก อ. ขุขันธ์ จ.ศรีสะเกษ"
    },
    {
        "id": "391865827621098",
        "location": {
            "latitude": 15.02164,
            "longitude": 103.54267
        },
        "name": "ทวีศักดิ์ช่างเหล็ก"
    },
    {
        "id": "390077214515552",
        "location": {
            "city": "Amphoe Bang Sai",
            "country": "Thailand",
            "latitude": 14.265874,
            "longitude": 100.45009,
            "zip": "13190"
        },
        "name": "วัดศิริสุขาราม - โรงหลวง ตำบลช่างเหล็ก อำเภอบางไทร จังหวัดพระนครศรีอยุธยา"
    },
    {
        "id": "385230554948677",
        "location": {
            "city": "Kaeng Sopha",
            "latitude": 16.8740669,
            "longitude": 100.6650376,
            "street": "198 ม. 2 ต. แก่งโสภา อ. วังทอง จ. พิษณุโลก"
        },
        "name": "บ้านของธัญลักษณ์ ช่างเหล็ก",
        "phone": "0913899854"
    },
    {
        "id": "382320595171796",
        "location": {
            "latitude": 14.267491247229,
            "longitude": 100.48205835357
        },
        "name": "โรงเรียนวัดช่างเหล็ก(พิบูลเกียรติ)"
    },
    {
        "id": "379605372183944",
        "location": {
            "city": "Rawai",
            "country": "Thailand",
            "latitude": 7.7950086,
            "longitude": 98.3251447,
            "street": "ซ.ช่างเหล็ก",
            "zip": "83130"
        },
        "name": "สามัคคี3"
    },
    {
        "id": "369275703164934",
        "location": {
            "city": "Nong Khae",
            "country": "Thailand",
            "latitude": 14.33096,
            "longitude": 100.87332,
            "zip": "18140"
        },
        "name": "วัดสหกรณ์ บ้านหนองช่างเหล็ก"
    },
    {
        "id": "361206537306449",
        "location": {
            "latitude": 14.32385,
            "longitude": 100.4746
        },
        "name": "วัดช่างเหล็ก"
    },
    {
        "id": "357141757670842",
        "location": {
            "city": "Bangkok",
            "country": "Thailand",
            "latitude": 13.774490606061,
            "longitude": 100.44939
        },
        "name": "@Home Donglaor วัดช่างเหล็ก"
    },
    {
        "id": "356038777746010",
        "location": {
            "latitude": 14.29735718,
            "longitude": 100.45751343
        },
        "name": "วันช่างเหล็ก"
    },
    {
        "id": "351631564940609",
        "location": {
            "city": "Phuket",
            "country": "Thailand",
            "latitude": 7.9060143325551,
            "longitude": 98.380943443718
        },
        "name": "สามกอง ช่างเหล็ก"
    },
    {
        "id": "402430603269319",
        "location": {
            "latitude": 14.294153029407,
            "longitude": 100.46929210424
        },
        "name": "หอประชุมวัดช่างเหล็ก"
    },
    {
        "id": "346604398809125",
        "location": {
            "city": "Bangkok",
            "country": "Thailand",
            "latitude": 13.7824126,
            "longitude": 100.4459514
        },
        "name": "ตลาดเช้าวัดช่างเหล็ก"
    },
    {
        "id": "345360928875774",
        "location": {
            "latitude": 14.2923255999,
            "longitude": 100.47753206
        },
        "name": "วัดช่างเหล็ก"
    },
    {
        "id": "344102645667365",
        "location": {
            "city": "Bangkok",
            "country": "Thailand",
            "latitude": 13.763514,
            "longitude": 100.473501
        },
        "name": "รถ 2 แถว (วัดช่างเหล็ก)"
    },
    {
        "id": "336622023093397",
        "location": {
            "city": "Bangkok",
            "country": "Thailand",
            "latitude": 13.773386282859,
            "longitude": 100.45334025295,
            "zip": "10170"
        },
        "name": "ร้านตาอ้วน วัดช่างเหล็ก"
    },
    {
        "id": "331117150393510",
        "location": {
            "city": "Bangkok",
            "country": "Thailand",
            "latitude": 13.75395,
            "longitude": 100.50224,
            "street": "แขวงคลองชักพระ"
        },
        "name": "ศรช.วัดช่างเหล็ก"
    },
    {
        "id": "328709643946795",
        "location": {
            "city": "Surin",
            "country": "Thailand",
            "latitude": 14.866554,
            "longitude": 103.4876173
        },
        "name": "ห้องนอนช่างเหล็ก"
    },
    {
        "id": "325576270837212",
        "location": {
            "city": "Bangkok",
            "country": "Thailand",
            "latitude": 13.70093613,
            "longitude": 100.39727756
        },
        "name": "วัดช่างเหล็ก"
    },
    {
        "id": "324258587732462",
        "location": {
            "latitude": 13.4447712,
            "longitude": 101.0575394
        },
        "name": "บ้านน้าแสนช่างเหล็กใจตำนาน"
    },
    {
        "id": "316186945142434",
        "location": {
            "latitude": 12.7631051,
            "longitude": 101.5252219
        },
        "name": "งานศพปู่สมพงษ์  ช่างเหล็ก"
    }
]