[
    {
        "id": "193299220693274",
        "location": {
            "city": "Bangkok",
            "country": "Thailand",
            "latitude": 13.77333744739,
            "longitude": 100.45344018299,
            "street": "บ้านประจวบ",
            "zip": "10170"
        },
        "name": "วัดช่างเหล็ก",
        "phone": "085-0188294"
    },
    {
        "id": "1458761211090335",
        "name": "ช่างเหล็ก"
    },
    {
        "about": "สถานศึกษา สังกัดสำนักการศึกษากรุงเทพมหานคร",
        "description": "โรงเรียนวัดช่างเหล็ก   สำนักงานเขตตลิ่งชัน   กรุงเทพมหานคร   ก่อตั้งขึ้นเมื่อวันที่ 15\nเดือน พฤษภาคม พ.ศ. 2476   โดยรองอำมาตย์โท ขุนสิทธิ์บัญชีการ  นายอำเภอตลิ่งชัน เป็นผู้ตั้งขึ้นแทนโรงเรียนฝึกหัดครูประถมของกระทรวงธรรมการที่ยุบไป  โรงเรียนดำรงอยู่ได้ด้วยเงินประถมศึกษาเป็นเงินค่าจ้างครูและภารโรงตลอดจนเบ็ดเตล็ดอื่นๆ โรงเรียนเปิดสอนตั้งแต่ชั้นประถมศึกษาปีที่ 1- 4 เป็นต้นมา\nต่อมามีชื่อเรียกเป็นทางการว่า “โรงเรียนประชาบาล ตำบลบางระมาด (วัดช่างเหล็ก)” ต่อมา  พ.ศ. 2482 โอนมาเป็นโรงเรียนเทศบาล เรียกว่า “โรงเรียนเทศบาล  46” (วัดช่างเหล็ก)  และต่อมา  พ.ศ. 2486 ก็ได้โอนมาเป็นโรงเรียนประชาบาลอีกครั้ง จนถึงปี พ.ศ. 2497 ได้โอนกลับเป็น โรงเรียนเทศบาลอีกแต่สายงานขึ้นตรงอยู่กับอำเภอ  ครั้นมาถึงวันที่  1  ตุลาคม  2504  ได้โอนข้าราชการครูที่ทำการสอนอยู่โรงเรียนเป็นพนักงานเทศบาลและในวันที่ 17  พฤษภาคม  พ.ศ.2509  ได้ย้ายสถานที่เรียนจากศาลาการเปรียญมาเรียน\nที่อาคารเรียนชื่อเป็นเอกเทศ แบบ 004  ซึ่งทางเทศบาลสร้างให้ใหม่เป็นที่เรียนจนถึงปัจจุบันนี้\n\n\t\tหลังจากคำสั่งคณะปฏิวัติ ฉบับที่ 24 และ 25 ลงวันที่ 21 ธันวาคม 2541 ให้โรงเรียนนี้เป็นโรงเรียนเทศบาลนครหลวง กรุงเทพธนบุรี  ขึ้นอยู่ในสังกัดกรุงเทพมหานครตามคำสั่งคณะปฏิวัติฉบับที่ 335 \nลงวันที่ 13 ธันวาคม พ.ศ. 2515 ประวัติโดยย่อที่สำคัญมีดังนี้\n\n\t\tพ.ศ.  2476\tตั้งขึ้นเป็นครั้งแรก โดย รองอำมาตย์โท ขุนสิทธิ์บัญชีการ\n\t\tพ.ศ.  2482\tโอนมาเป็นโรงเรียนเทศบาล  46  (วัดช่างเหล็ก)\n\t\tพ.ศ.  2486\tโอนมาเป็นโรงเรียนประชาบาล\n\t\tพ.ศ.  2497\tโอนมาเป็นโรงเรียนเทศบาล\n\t\tพ.ศ.  2509\tสร้างอาคารไม้แบบ  004  จำนวน  1  หลัง\n\t\tพ.ศ.  2515\tโอนมาอยู่ในสังกัดกรุงเทพมหานคร\n\t\tพ.ศ.  2523\tสร้างอาคารตึก  3  ชั้น  แบบ  800  จำนวน  1  หลัง\n\t\tพ.ศ.  2538\tรื้ออาคารไม้ 2 ชั้น  แบบ 004  แล้วสร้างอาคารตึก 4 ชั้น  แบบ สนศ. 364            มีห้องเรียนขนาด  7.0 X 8.0 เมตร จำนวน 9 ห้องเรียน  พร้อมห้องประชุมและห้องอาหาร แล้วเสร็จพร้อม               เปิดใช้เรียนเมื่อวันที่ 14  สิงหาคม  พ.ศ.2538\n",
        "id": "515114375206279",
        "location": {
            "city": "Bangkok",
            "country": "Thailand",
            "latitude": 13.7785196,
            "longitude": 100.4451523,
            "street": "430/1 ซ.วัดช่างเหล็ก ถนนฉิมพลี แขวงคลองชักพระ เขตตลิ่งชัน",
            "zip": "10170"
        },
        "name": "โรงเรียนวัดช่างเหล็ก กทม.",
        "phone": "0 2424 7045"
    },
    {
        "id": "776483535710330",
        "name": "ช่างเหล็ก"
    },
    {
        "id": "554269974615347",
        "name": "ช่างเหล็ก"
    },
    {
        "id": "473987219447623",
        "name": "ช่างเหล็ก"
    },
    {
        "id": "1636050459955408",
        "name": "ช่างเหล็ก"
    },
    {
        "about": "รับเหมางานเหล็กทุกชนิดในอำเภอเมืองหาดใหญ่",
        "description": "รับทำงานเหล็กทุกชนิด อาทิ โครงหลังคาเมทัลชีส รั้วระแนงต่าง ๆ เหล็กดัด ,งานเหล็กตกแต่งทุกชนิด,ราวบันได ประตูรั้วบ้าน ในเขตอำเภอหาดใหญ่",
        "emails": [
            "sudaratw99@gmail.com"
        ],
        "id": "817002011712574",
        "location": {
            "city": "Hat Yai",
            "country": "Thailand",
            "latitude": 7.01667,
            "longitude": 100.467,
            "street": "คลองแห",
            "zip": "90110"
        },
        "name": "บ้านช่างเหล็ก หาดใหญ่",
        "phone": "074-220783;080-540-9303"
    },
    {
        "about": "เพจสำรอง \nจำหน่ายปืนหักลำช่างเหล็ก แสงไทย \nบช405xxx8922 เท่านั้น \nบช405xxx8922 เท่านั้น",
        "id": "341928566003875",
        "name": "ช่างเหล็ก แสงไทย"
    },
    {
        "about": "ให้บริการ เชื่อมโครงหลังคาเหล็ก งานทำแบบเครน และแบบอื่นๆ",
        "emails": [
            "svksteelconstruction@hotmail.co.th"
        ],
        "id": "203937986401161",
        "name": "ส ช่างเหล็ก",
        "phone": "080-1430448"
    },
    {
        "about": "รับออกแบบและต่อเติมบ้าน  ราคากันเองครับ",
        "description": "ส.ช่างเหล็ก รับออกแบบต่อเติม บ้าน เหล็กดัด มุ้งลวด ประตูม้วน โครงหลังคาเมนทอลชีส ซ่อมประตูม้วน  ปูกระเบื้อง ทำลานจอดรถ ราคากันเอง",
        "emails": [
            "kittipan.234@hotmail.com"
        ],
        "id": "234600073399083",
        "location": {
            "city": "เพชรบุรี",
            "street": "บ้านลาด",
            "zip": "76150"
        },
        "name": "ส.ช่างเหล็ก",
        "phone": "0832474477"
    },
    {
        "about": "รับทำเหลํกดัด,มุ้งลวด,ประตูเหล็ก,ประตูแสตนเลส,",
        "id": "162983343906526",
        "name": "บ้านช่างเหล็กดัด มุ้งลวด"
    },
    {
        "about": "สัตว์เลี้ยง",
        "id": "419992768182001",
        "name": "ซ.ช่างเหล็ก 350"
    },
    {
        "about": "รับทำงานเหล็กทุกชนิด โครงหลังคา โครงเมทัสชิด โครงโพรีคาบอเนด เหล็กดัด ประตูม้วน",
        "emails": [
            "santi_p17@hotmail.com"
        ],
        "id": "203280803183292",
        "name": "ช่างเหล็ก สันติ มีอาษา",
        "phone": "0970495607"
    },
    {
        "id": "1693930070839505",
        "name": "ช่างเหล็ก อิสระ"
    },
    {
        "id": "1628767327390512",
        "name": "ช่างเหล็ก ช่างเชื่อม"
    },
    {
        "id": "1584771828474548",
        "location": {
            "city": "Nakhon Si Thammarat",
            "country": "Thailand",
            "latitude": 8.4364,
            "longitude": 99.9631,
            "street": "หัวถนน",
            "zip": "80000"
        },
        "name": "บ่าวช่างเหล็ก สแตนเลส",
        "phone": "0805323160"
    },
    {
        "id": "865965570184411",
        "name": "ช่างเหล็กวาริน"
    },
    {
        "id": "398626887014671",
        "name": "ช่างเหล็ก   ช่างไฟฟ้า"
    },
    {
        "id": "1649105578691015",
        "location": {
            "city": "Tha Sen",
            "country": "Thailand",
            "latitude": 13.0383155,
            "longitude": 99.9324681
        },
        "name": "ส.ช่างเหล็ก รับเหมาก่อสร้าง รับงานเหล็กทุกชนิด ที่มีลูกน้องหล่อๆอ้ะ"
    },
    {
        "id": "455115598009603",
        "location": {
            "city": "Amnat Charoen",
            "country": "Thailand"
        },
        "name": "ช่างเหล็ก อะลูมิเนียม กระจก มุ้งลวดฯ"
    },
    {
        "id": "162891110468029",
        "name": "วัดช่างเหล็ก"
    },
    {
        "about": "เหยี่ยวจ้าวเวหา",
        "id": "713733621993181",
        "location": {
            "city": "ศรีสะเกษ",
            "zip": "33140"
        },
        "name": "ชมรมบ้านตะเคียนช่างเหล็ก",
        "phone": "0825555555"
    },
    {
        "id": "503822569785293",
        "name": "ช่างเหล็ก."
    },
    {
        "about": "นิยมคนน่ารักประจำโรงเรียนวัดช่างเหล็ก สชก(ขออณุญาติลงรูปหน่อยน้าาาา) :*",
        "id": "1440259742868507",
        "name": "นิยมคนน่ารักโรงเรียนวัดช่างเหล็ก สชก"
    }
]