[
    {
        "about": "ช่างกุญแจมืออาชีพ24ช.ม.ช่างกุญแจ 24 ช.ม.",
        "description": "ศูนย์ช่างกุญแจ 24 ช.ม. 089-988-8356 / 085-222-6598\nwww.keyyellow.com \u003e\u003e  www.youtube.com/keyyellow1\nการันตีงาน ไม่ช้ำ ไม่เสีย ไม่เป็นรอย ช่างกุญแจมืออาชีพ\nบริหารงานโดยคุณ สุรพล บรรพตา หรือที่เรียกกันว่า ช่างเหลืองกุญแจ\nลืมกุญแจ กุญแจหาย กุญแจชำรุด เปิดบ้าน รถยนต์ รถจักรยานยนต์\nตู้เอกสาร โต๊ะสำนักงาน ตู้เซฟฯ และแม่กุญแจทุกชนิด\nรับทำกุญแจรถยนต์ รถจักรยานยนต์ ระบบฝังชิพ IMOBILIZER \u0026 SMART KEY ทุกยี่ห้อทุกรุ่น\nลูกกุญแจหายสามารถทำขึ้นใหม่ได้ (key loss)\nหรือมีปัญหาเกี่ยวกับกุญแจก็มาปรึกษากับเราได้\n\n\nบริการนอกสถานที่ กุญแจครบวงจร 24 ชม.\n ลืมกุญแจ กุญแจหาย กุญแจเสีย กุญแจมีชิพ รีโมทชิพ \nเปิดบ้าน รถ ตู้เอกสาร โต๊ะสำนักงาน ตู้เซฟฯ แม่กุญแจทุกชนิด\n ลูกกุญแจหายสามารถทำขึ้นมาให้ได้ รับประกัน ไม่ช้ำ ไม่เสีย โดยช่างผู้ชำนาญงาน\n\n ลืมกุญแจไว้ในรถ\n -รับเปิดกุญแจรถยนต์ รถ Supercar รถยุโรป BMW BENZ Volkswagen Lambogini Ferrari Audi Porsche\n รถญี่ปุ่น Honda Toyota Nissan Mazda\n -รับทำกุญแจรถยนต์ รถมอไซด์ทุกชนิด\n\n รับทำกุญแจรถยนต์ระบบฝังชิพ (IMMOBILIZER) \nรับทำกุญแจรถยนต์ทุกชนิด ทั่วประเทศ\n \nPush start\n Smart key\n \nBENZ BMW VOLVO TOYOTA HONDA ISUZU\n NISSAN AUDI CHEVROLET LEXUS\n FORD OPEL HYUNDAI ROVER PEUGEOT MITSUBISHI\n MAZDA MINI COOPER SUBARU SUZUKI VOLKSWAGEN\n Altis Vios Fortuner Jazz Accord Civic \nFocus Fiesta Escape V-cross MU-7 \nCruze March Camry Triton Pajero \nLancer EX Cedia Cefiro Teana Navara Tida Neo \nD-Max Wish Avanza Commuter\n \nยินดีให้บริการฉุกเฉินตลอด 24 ชม.\nทุกพื้นที่  ในเขตพื้นที่  กรุงเทพมหานคร และ ปริมณฑล\n ช่างกุญแจ เขตพระนคร ช่างกุญแจ เขตดุสิต ช่างกุญแจ เขตหนองจอก\n ช่างกุญแจ เขตบางรัก ช่างกุญแจ เขตบางเขน ช่างกุญแจ เขตบางกะปิ ช่างกุญแจ เขตปทุมวัน\n ช่างกุญแจ เขตป้อมปราบศัตรูพ่าย ช่างกุญแจ เขตพระโขนง ช่างกุญแจ เขตมีนบุรี\n ช่างกุญแจ เขตลาดกระบัง ช่างกุญแจ เขตยานนาวา ช่างกุญแจ เขตสัมพันธวงศ์\n ช่างกุญแจ เขตพญาไท ช่างกุญแจ เขตธนบุรี ช่างกุญแจ เขตบางกอกใหญ่\n ช่างกุญแจ เขตห้วยขวาง ช่างกุญแจ เขตคลองสาน ช่างกุญแจ เขตตลิ่งชัน\n ช่างกุญแจ เขตบางกอกน้อย ช่างกุญแจ เขตบางขุนเทียน ช่างกุญแจ เขตภาษีเจริญ\n ช่างกุญแจ เขตหนองแขม ช่างกุญแจ เขตราษฎร์บูรณะ ช่างกุญแจ เขตบางพลัด\n ช่างกุญแจ เขตดินแดง ช่างกุญแจ เขตบึงกุ่ม ช่างกุญแจ เขตสาทร\n ช่างกุญแจ เขตบางซื่อ ช่างกุญแจ เขตจตุจักร ช่างกุญแจ เขตบางคอแหลม\n ช่างกุญแจ เขตประเวศ ช่างกุญแจ เขตคลองเตย ช่างกุญแจ เขตสวนหลวง\n ช่างกุญแจ เขตจอมทอง ช่างกุญแจ เขตดอนเมือง ช่างกุญแจ เขตราชเทวี\n ช่างกุญแจ เขตลาดพร้าว ช่างกุญแจ เขตวัฒนา ช่างกุญแจ เขตบางแค\n ช่างกุญแจ เขตหลักสี่ ช่างกุญแจ เขตสายไหม ช่างกุญแจ เขตคันนายาว\n ช่างกุญแจ เขตสะพานสูง ช่างกุญแจ เขตวังทองหลาง ช่างกุญแจ เขตคลองสามวา\n ช่างกุญแจ เขตบางนา ช่างกุญแจ เขตทวีวัฒนา ช่างกุญแจ เขตทุ่งครุ\n ช่างกุญแจ เขตบางบอนและอีกหลาย ๆ พื้นที่ช่างกุญแจ ห้วยขวาง ช่างกุญแจ รามอินทรา \nช่างกุญแจ สุขาภิบาล ช่างกุญแจ รัชดาภิเษก ช่างกุญแจ รังสิต ช่างกุญแจ หนองจอก \nช่างกุญแจ อุดมสุข ช่างกุญแจ ปากเกร็ด ช่างกุญแจ เตาปูน ช่างกุญแจ สะพานควาย\n\n ช่างกุญแจ ดอนเมือง ช่างกุญแจ รังสิต \nช่างกุญแจ แจ้งวัฒนะ ช่างกุญแจ ปทุมธานี ช่างกุญแจ บางปู \nช่างกุญแจ นนทบุรี ช่างกุญแจ ลาดพร้าว ช่างกุญแจ ลำลูกกา ช่างกุญแจ คลองหลวง\n ช่างกุญแจ ธัญบุรี ช่างกุญแจ คลองเตย ช่างกุญแจ สุทธิสาร ช่างกุญแจ อ่อนนุช \nช่างกุญแจ บางพลี ช่างกุญแจ จตุจักร ช่างกุญแจ สุขุมวิท ช่างกุญแจ ดินแดง \nช่างกุญแจ พระราม 2 ช่างกุญแจ ดอนเมือง ช่างกุญแจ ดินแดง ช่างกุญแจ ดุสิต \nช่างกุญแจ ตลิ่งชัน ช่างกุญแจ กิ่งแก้ว ช่างกุญแจ ทุ่งครุ ช่างกุญแจ ธนบุรี \nช่างกุญแจ ท่าพระ ช่างกุญแจ บางบัวทอง ช่างกุญแจ บางกะปิ ช่างกุญแจ พระราม 3 \nช่างกุญแจ บางบอน ช่างกุญแจ ดาวตะนอง ช่างกุญแจ บางเขน ช่างกุญแจ บางแค \nช่างกุญแจ บางซื่อ ช่างกุญแจ บางนา ช่างกุญแจ บางพลัด ช่างกุญแจ บางรัก \nช่างกุญแจ พหลโยธิน ช่างกุญแจ ปทุมวัน ช่างกุญแจ ประเวศ ช่างกุญแจ ลาดกระบัง \nช่างกุญแจ พญาไท ช่างกุญแจ พระโขนง ช่างกุญแจ งามวงศ์วาน \nช่างกุญแจ มีนบุรี ช่างกุญแจ พระราม 9 ช่างกุญแจ พระราม 6 \nช่างกุญแจ สุขุมวิท ช่างกุญแจ ราชเทวี ช่างกุญแจ ราษฎร์บูรณะ ช่างกุญแจ ลาดกระบัง \nช่างกุญแจ ลาดพร้าว ช่างกุญแจ วังทองหลาง \nช่างกุญแจ สวนหลวง ช่างกุญแจ สะพานสูง ช่างกุญแจ ธนบุรี ช่างกุญแจ พัฒนาการ \nช่างกุญแจ สาทร ช่างกุญแจ สายไหม ช่างกุญแจ วิภาวดี ช่างกุญแจ หลักสี่ \nโปรดติดต่อ 089-988-8356 / 085-222-6598\n\nKeyyellow ช่างเหลือง กุญแจ24ช.ม. และทีมงาน Keyyellow\n\n\nรายละเอียด\n\nรับทำกุญแจรถยนต์ทุกชนิด ทั่วประเทศ\n \nPush start\n Smart key\n \nBMW BENZ PORSCHE VOLVO MINI COOPER VOLKSWAGEN AUDI FERRARI LAMBOGINI\n TOYOTA HONDA NISSAN ISUZU CHEVROLET\n \nเอาเป็นว่ารถทุกรุ่นเลยละกัน....\n \nรับซ่อมกุญแจรถ ซ่อมระบบเดินสายไฟ\n เพราะเราคือทีมงานระดับมืออาชีพ\n สตาร์ทไม่ติด เราไม่เก็บตังค์\n \nวางใจใช้บริการ Keyyellow ช่างเหลืองกุญแจ\n ",
        "emails": [
            "key@keyyellow.com / aki_olo@hotmail.com"
        ],
        "id": "201837246524153",
        "location": {
            "city": "Bangkok",
            "country": "Thailand",
            "street": "ปากซอยลาดพร้าว  55  หน้าร้านแว่นท๊อปเจริญ  โชคชัย 4  (ติดถนนใหญ่)",
            "zip": "10310"
        },
        "name": "ช่างกุญแจ เหลืองกุญแจ 0899888356 ทั่วไทย",
        "phone": "0899888356"
    },
    {
        "id": "1004516509576467",
        "location": {
            "city": "Amphoe Chiang Saen",
            "country": "Thailand",
            "latitude": 14.77606,
            "longitude": 100.64712,
            "street": "เชียงใหม่",
            "zip": "15000"
        },
        "name": "ช่างกุญแจimmobilizer. เชียงใหม0818525235",
        "phone": "0818525235"
    },
    {
        "about": "ช่างกุญแจ เสรีไทย ช่างกุญแจรามคำแหง ช่างกุญแจมีนบุรี",
        "id": "1500001653546256",
        "location": {
            "city": "Bangkok",
            "country": "Thailand",
            "latitude": 13.774,
            "longitude": 100.65728,
            "street": "รามคำแหง",
            "zip": "10240"
        },
        "name": "ช่างกุญแจ 0854949369",
        "phone": "0854949369"
    },
    {
        "about": "ช่างกุญแจภูเก็ตร้านรับทำรีโมทเปิดรถชิพบ้านตู้เซฟสะเดาะกุญแจ",
        "description": "ลืมกุญแจในรถ/ลืมกุญแจใว้ในบ้าน/copy ทำกุญแจรีโมทชิป/ทำกุญแจใหม่/กุญแจหาย/กุญแจบิดไม่ไป/เปิดบ้าน่ลูกบิด/เปิดรถ/เปิดตู้เซฟ/กรอบรีโมท ภูเก็ต นอกสถานที่\n\nกุญแจรถ\n-รับเปิดกุญแจรถยนต์ ไม่รื้อ ไม่งัด ไม่ถอดขอบยาง ไม่ใช้เหล็กแทง เราเขี่ยที่รูกุญแจเท่านั้น เป็นที่เชื่อถือของ ศูนย์บริการรถยนต์ ISUZU MITSU NISSAN TOYOTA MAZDA FORD CHEROLET BMW BENZ \n-รับทำกุญแจรถ เปิดรถ vigo vios altis camry Yaris ฟอร์จูนเนอร์ forjuner AlPhard Harrier Granvia Estima Wish Innova Avanza dmax mu7 triton Lancer GT Evo Cedia Grandis spacewagon pajero mirage march Sylphy 350z Cefiro Cube X-trail Terrano Tida Neo teena navara bigm almera mazda 2 3 bt-50 Tribute 323 festa focus escape ranger Modeo Everest aveo optra captiva colorado Crv Jazz City Accord Brio Amaze Civic Freed มังกรทอง Cruze Swift Vitara Suzuki Audi Proton Bmw 318 325 525 520 Mini Volkswagen Volvo Jeep Kia Landrover Lexus isuzu mitsubishi nissan toyota mazda ford chevrolet bmw benz\n\nกุญแจตู้เซฟ\n- รับเปิดตู้เซฟ ทั้งกรณี กุญแจหาย กุญแจหมุนไม่ได้(ซ่อม หรือ เปลื่ยนตัวใหม่)\n\nกุญแจบ้าน\n-รับเปิดกุญแจบ้าน กุญแจฝังไม้ กุญแจเขาควาย พร้อมทั้งทำดอกใหม่ หรือ เปลื่ยนกุญแจใหม่ \n-กุญแจรับระบบ 2 ล็อค กุญแจนิรภัย\n\nกุญแจตู้ ลิ้นชัก สำนักงาน\n- เขี่ยเปิดกุญแจ ทำกุญแจใหม่ เปลื่ยนกุญแจใหม่\n\nระบบ MASTER KEY\n- รับทำกุญแจระบบมาสเตอร์คีย์ กุญแจลูกบิด กุญแจเขาควาย กุญแจระบบ 2 ล็อค **รับประกันผลงานใช้งานได้ยาวนานกว่าที่อื่นด้วยผลงานคุณภาพ**\n\nรับทำกุญแจที่ไม่มีแบบจากโรงงาน เช่น กุญแจเรือโบ๊ท กุญแจของนอก กุญแจตู้เซฟแบบยาว เราสามารถทำแบบขี้นมาเองได้\n\nกุญแจระบบ Immobilizer\n-ทำเพิ่ม ทั้งแบบกุญแจรีโมท และ ไม่มีรีโมท\n-กุญแจหายหมด เราสามารถรีเซตใหม่ ไม่ต้องเปลื่ยนยกชุดทั้งกล่อง immo ",
        "id": "306887069418183",
        "location": {
            "city": "Amphoe Muang Phuket",
            "country": "Thailand",
            "latitude": 7.9124740179227,
            "longitude": 98.393273853968,
            "street": "10 moo.2 thepkasattri road",
            "zip": "83000"
        },
        "name": "ช่างกุญแจภูเก็ต 0867351086 ทำกุญแจ รับเปิดรถ บ้าน ตู้เซฟ รีโมทชิพImmo",
        "phone": "0867351086"
    },
    {
        "about": "ช่างกุญแจลพบุรี โทร.0863334941 กุญแจฝังชิพ เปิดรถ เปิดตูเซฟ",
        "description": "ช่างกุญแจลพบุรี โทร.0863334941\nช่างกุญแจลพบุรี Unlockkey Thailand 24 ชั่วโมง ทั่วไทย 0863334941\nปลดล็อคกุญแจทุกชนิด กุญแจบ้าน กุญแจรถ กุญแจตู้เซฟ ติดตั้งกุญแจทุกชนิด\nกุญแจฝังชิพ กุญแจรีโมท \nกุญแจระบบimmobilizer \nกุญแจระบบputstart\nรับสอนวิชาชีพช่างกุญแจ จำหน่ายอุปกรณ์สำหรับช่างกุญแจ\nช่างกุญแจลพบุรี โทร.0863334941\n",
        "emails": [
            "fk_114-2@hotmail.co.th"
        ],
        "id": "512234355520060",
        "location": {
            "city": "Amphoe Muang Lop Buri",
            "country": "Thailand",
            "zip": "18120"
        },
        "name": "ช่างกุญแจลพบุรี โทร.0863334941",
        "phone": "0863334941"
    },
    {
        "id": "1492722197676602",
        "name": "ช่างทำกุญแจ The Project"
    },
    {
        "id": "817906318306785",
        "location": {
            "city": "Chiang Mai",
            "country": "Thailand",
            "latitude": 18.7903,
            "longitude": 98.9817,
            "street": "หน้าหมู่บ้านเอื้ออาทรสันผีเสื้อ",
            "zip": "50300"
        },
        "name": "ช่างกุญแจเชียงใหม่24ชั่วโมง 0815684376",
        "phone": "081-5684376"
    },
    {
        "about": "เปิดกุญแจ บ้าน รถ เปิดเซฟ 0854949369",
        "description": "ช่างกุญแจ 24 ชั่วโมง",
        "emails": [
            "nitid81@gmail.com"
        ],
        "id": "1410997339142516",
        "location": {
            "street": "มีนบุรี"
        },
        "name": "ช่างกุญแจมีนบุรี 0854949369",
        "phone": "0854949369"
    },
    {
        "about": "ช่างกุญแจพิษณุโลก",
        "description": "ช่างกุญแจพิษณุโลก, ร้านกุญแจพิษณุโลก, ลืมกุญแจไว้ในบ้าน, ลืมกุญแจไว้ในรถ ทำกุญแจรถยนต์ ฝังชิพ Immobilizer Key  ซ่อมกุญแจรถยนต์,ซ่อมกุญแจมอเตอร์ไซค์ บริการเปิดรถ ด้วยฝีมือขั้นสูงสุดโดยไม่เกิดความเสียหายใดๆทั้งสิ้น บริการปลดล็อคระบบล็อคทุกชนิดเช่นล็อคเกียร์ ล็อคเบรคครัช ล็อคพวงมาลัย ฯลฯ กุญแจเซพหาย ลืมรหัส บริการเปิดเซพ ทำกุญแจ เปิดรหัสเซพ ลืมกุญแจใว้ในบ้าน บริการเปิดกุญแจล็อคประตูทุกชนิด เช่น กุญแจลูกบิด กุญแจที่ครอบลูกบิด กุญแจล็อคสายยู กุญแจกระจก กุญแจบานสวิง กุญแจบานเลื่อน ฯลฯ",
        "emails": [
            "kunjaepaisan@outlook.com"
        ],
        "id": "419303181493946",
        "location": {
            "city": "Phitsanulok",
            "country": "Thailand",
            "latitude": 16.8281708,
            "longitude": 100.2536163,
            "street": "3/63 ถนนจ่านกร้อง ตำบลในเมือง อำเภอเมือง",
            "zip": "65000"
        },
        "name": "ช่างกุญแจพิษณุโลก 086 011 8208 ชูชีพ",
        "phone": "086 011 8208"
    },
    {
        "about": "ช่างกุญแจปราจีนบุรี24ช.ม083-8864391",
        "description": "ช่างกุญแจปราจีนบุรี24ช.ม083-8864391",
        "id": "682257835118308",
        "location": {
            "city": "Prachin",
            "country": "Thailand",
            "latitude": 13.98243694013,
            "longitude": 101.61773341916,
            "zip": "25230"
        },
        "name": "ช่างกุญแจปราจีนบุรี24ช.ม083-8864391",
        "phone": "0928721178"
    },
    {
        "id": "278552318973678",
        "location": {
            "city": "Bangkok",
            "country": "Thailand",
            "latitude": 13.75395,
            "longitude": 100.50224,
            "street": "สนามหลวง",
            "zip": "10000"
        },
        "name": "ช่างกุญแจสนามหลวง 087 488 4333",
        "phone": "087 488 4333"
    },
    {
        "about": "บริการทำกุญแจ ในและนอกสถานที่ 24 ชั่วโมง\nทำกุญแจรีโมทรถยนต์ กุญแจฝังชิพ IMMOBILIZER \n",
        "emails": [
            "winza46@gmail.com"
        ],
        "id": "703662289777963",
        "location": {
            "city": "Bangkok",
            "country": "Thailand",
            "latitude": 13.6721401,
            "longitude": 100.5918198,
            "street": "160/11 ถ.ริมทางรถไฟเก่า ซอยจ่าโสด",
            "zip": "10260"
        },
        "name": "ช่างกุญแจ บางนา Dr.key  0815885853",
        "phone": "081-588-5853  085-387-1900"
    },
    {
        "about": "บริการซ่อมนาฬิกา ปั้มกุญแจ ช่างกุญแจ",
        "description": "บริการระดับพรีเมียม ทำกุญแจระบบฝังชิพ กุญแจรีโมท กุญแจอิมโมบิไลเซอร์ Immobilizer Push Start Smart Key ทุกยี่ห้อ ทำดอกสำรองเพิ่ม หรือดอกกุญแจหายหมด รีโมทหายหมด รีเซตลงรหัสใหม่ ไม่ให้ดอกเก่านำมาสตาร์ทได้ เปลี่ยนกรอบรีโมท แก้ไข ซ่อมแซม สวิตช์ ปลดล๊อคต่าง ๆ เปลี่ยนรหัสเซฟ กุญแจบ้านสำนักงานบริการตัดกุญแจโดยเครื่องมือที่ทันสมัย CNC ไม่รื้อถอดให้รถเกิดความเสียหายใดๆ บริการเปิดรถโดยไม่ต้องรื้อ งัด ทำลาย ด้วยอุปกรณ์ระดับโลก ( LISHI) ภายใต้การดูแลของทีมงานที่มีประสบการณ์ ด้วยฝีมือมาตราฐาน ตลอด 24 ชั่วโมง มีการบริการหลังการขาย สินค้าทุกชิ้นมีใบรับประกัน เพื่อความพึ่งพอใจของลูกค้า",
        "emails": [
            "marketing@buddykeywatch.com"
        ],
        "general_info": "บริการระดับพรีเมียม ทำกุญแจระบบฝังชิพ กุญแจรีโมท กุญแจอิมโมบิไลเซอร์ Immobilizer Push Start Smart Key ทุกยี่ห้อ ทำดอกสำรองเพิ่ม หรือดอกกุญแจหายหมด รีโมทหายหมด รีเซตลงรหัสใหม่ ไม่ให้ดอกเก่านำมาสตาร์ทได้ เปลี่ยนกรอบรีโมท แก้ไข ซ่อมแซม สวิตช์ ปลดล๊อคต่าง ๆ เปลี่ยนรหัสเซฟ กุญแจบ้านสำนักงาน",
        "id": "304534363079224",
        "location": {
            "city": "Muang Chiang Mai",
            "country": "Thailand",
            "latitude": 18.777859963225,
            "longitude": 98.999090194702,
            "street": "Chang Khlan",
            "zip": "50100"
        },
        "name": "ช่างกุญแจเชียงใหม่ 24 ชม. 053-270254",
        "phone": "053 270 254   ,  053 270264    ,093 181 2873"
    },
    {
        "about": "ช่างกุญแจกาญจนบุรี ท่าล้อ ท่าม่วง ท่าเรือ ท่ามะกา ไทรโยค ทองผาภูมิ บ่อพลอย ด่านมะขามเตี้ย",
        "description": "บริการ เปิดรถ เปิดบ้าน เปิดตู้เซฟ ก๊อปปี้รีโมท ทำกุญแจระบบอิโมบิไลเซอร์(กุญแจฝังชิป)ทั้งในและนอกสถานที่ ฉุกเฉินบริการ24ชม.โทร090-9935433 มีปัญหาเรื่องกุญแจโทรมาปรึกษาฟรี24ชม.",
        "emails": [
            "sommaisirinak@hotmail.com"
        ],
        "id": "466270126828102",
        "location": {
            "city": "Changwat Kanchanaburi",
            "country": "Thailand",
            "latitude": 14.032986236207,
            "longitude": 99.524958729744,
            "street": "284/66 ถ.แสงชูโต ต.บ้านเหนือ อ.เมือง",
            "zip": "71000"
        },
        "name": "ช่างกุญแจกาญจนบุรี 090-9935433",
        "phone": "0909935433"
    },
    {
        "id": "1552380321687330",
        "location": {
            "city": "Chiang Rai",
            "country": "Thailand",
            "latitude": 19.83658,
            "longitude": 99.73888,
            "street": "ตั้งอยู่ในบิ๊กซีเชียงราย",
            "zip": "57000"
        },
        "name": "ช่างกุญแจเชียงราย 093 5936061",
        "phone": "093 5936061"
    },
    {
        "about": "ช่างกุญแจภูเก็ต เปิดและซ่อมตู้เซฟ รีโมทรถยนต์ รีโมทบ้าน กุญแจฝังชิป immobilizer ภูเก็ต",
        "id": "188838751249321",
        "location": {
            "city": "Phuket",
            "country": "Thailand",
            "latitude": 7.88333,
            "longitude": 98.4,
            "street": "161 ถ.ปฎัก ต.กะรน",
            "zip": "83100"
        },
        "name": "ช่างกุญแจภูเก็ต 089-6481818 รับทำกุญแจทุกชนิด เปิดรถ บ้าน ตู้เซฟ",
        "phone": "0896481818"
    },
    {
        "about": "รับทำกุญแจเปิดรถ-ตู้เซฟ จูนรีโมทฝังชิพ แปลงกรอบพับทุกรุ่น ช่างเหน่งT.043-970330",
        "description": "รับทำกุญแจ ทุกชนิด ลืมกุญแจรถไว้ในบ้าน ลืมกุญแจบ้าน ไว้ในรถ กุญแจหายหมด ดอกอิมโมบิไรเซอร์-ดอกฝังชิพ-รีโมท ทำเพิ่ม หรือหายหมด สร้างขี้นใหม่ ทั้งใน-นอกสถานที่ Tel/Line 0616264747",
        "emails": [
            "smartkey.neng@gmail.com"
        ],
        "id": "581392255205316",
        "location": {
            "city": "Maha Sarakham",
            "country": "Thailand",
            "latitude": 16.246264904845,
            "longitude": 103.24602456689,
            "street": "ร้านทำกุญแจ สมาร์ทคีย์ฯ โทร.043-970330",
            "zip": "44150"
        },
        "name": "ช่างกุญแจ มหาสารคาม 24 ชม. เหน่ง สมาร์ทคีย์ฯ โทร.081-0510333",
        "phone": "043-970330"
    },
    {
        "about": "ช่างกุญแจวังน้อย เปิดรถ เปิดบ้าน เปิดตู้เซฟ บริการ24 ชั่วโมง\nกุญแจรีโมท และกุญแจฝังชิพ ",
        "description": "ช่างกุญแจ Unlockkey Thailand วังน้อย 24 ชั่วโมง ทั่วไทย 0863334941\nปลดล็อคกุญแจทุกชนิด กุญแจบ้าน กุญแจรถ กุญแจตู้เซฟ ติดตั้งกุญแจทุกชนิด\nกุญแจฝังชิพ กุญแจรีโมท \nกุญแจระบบimmobilizer \nกุญแจระบบputstart\n",
        "id": "580609251987127",
        "location": {
            "city": "Bangkok",
            "country": "Thailand",
            "latitude": 14.70477,
            "longitude": 100.81761,
            "street": "114/2หมู่9",
            "zip": "18120"
        },
        "name": "ช่างกุญแจวังน้อย โทร.0863334941",
        "phone": "0863334941"
    },
    {
        "about": "บริการเปิดล๊อคกุญแจบ้าน รถยนต์ ตู้เซฟทุกชนิด รับทำกุญแจรีโมทย์ ฝังชิพ immobilizer",
        "description": "รับทำกุญแจครบวงจร บริการทำกุญแจนอกสถานที่ ลืมกุญแจ กุญแจหาย กุญแจเสีย กุญแจมีชิพ รีโมทชิพ \nเปิด บ้าน รถ ตู้เอกสาร โต๊ะสำนักงาน ตู้เซฟฯ แม่กุญแจทุกชนิด รับทำกุญแจรถยนต์ระบบฝังชิพ (IMMOBILIZER) \nลูกกุญแจหายสามารถทำขึ้นมาให้ได้ รับประกัน ไม่ช้ำ ไม่เสีย ไม่เป็นรอย โดยช่างผู้ชำนาญงาน\nโทร 084-907-7908 ช่างโย\n\nลืมกุญแจตู้เซฟ\n- ลืมกุญแจตู้เซฟ ดอกกุญแจหาย\n- ลืมรหัสตู้เซฟ มีรหัสเปิดไม่ออก\n- ดอกกุญแจหักคา(รับเปิดตู้เซฟทั่วราชอณาจักรไทย)\n\nลืมกุญแจบ้าน\nรับเปิดกุญแจบ้าน ทุกชนิด\n- ลืมกุญแจบ้านลูกบิด กุญแจคล้องสายยู\n- กุญแจฝังไม้ประตูกระจกประตูเหล็ก\n\nลืมกุญแจรถ\nรับเปิดกุญแจรถยนต์ ทุกชนิด\n- กุญแจ รถยุโรป รถญี่ปุ่น\n\nรับทำดอกกุญแจรถยนต์ทุกชนิด\n- ดอกหัก หรือ ดัดแปลงแก้ไขระบบ\n- ฟันกุญแจ ที่สึก ซื่งเกิดจากการใช้งาน\n- กุญแจรถหายทำได้โดยไม่ต้องรื้อ หรืองัด เจาะใดๆทั้งสิ้น\n\n \n\nรับทำดอกกุญแจบ้านทุกชนิด\n- ดอกหัก หรือ ดัดแปลงแก้ไขระบบ\n- ฟันกุญแจ ที่สึก ซื่งเกิดจากการใช้งาน\n\nรับปลดล็อกอุปกรณ์เสริมนิรภัยรถ-บ้าน\n- ล็อกเท็ค\n-ล็อกเกียรรถ\n-ล็อกพวงมาลัย\n-พร้อมทำดอกกุญแจ\n-รับซ่อมกุญแจประตูบ้านที่ใช้รีโมทย์\n\nบริการถึงที่รวดเร็วด้วยเครื่องมือทันสมัย ( บริการปรึกษาฟรี )\n\n-รับก๊อบปี้รีโมทย์บ้าน รีโมทย์รถยนต์มีทั้งแบบแยก แบบพับ เปล่ียนถ่านรีโมทย์-รับเปล่ียนกรอบรีโมทย์รถยนต์ที่แตกหักชำรุด \nงานบริการด้านนาฬิกาครบวงจร \n-รับซ่อม ตัดสายนาฬิกา เปลี่ยนสายนาฬิกา เปลี่ยนถ่านนาฬิกา เปลี่ยนถ่านเครื่องคิดเลข เปล่ียนถ่านรีโมทย์ทุกชนิด \nที่ตั้งสำนักงาน -ปากซอย.ประชาอุทิศ 16  ถ.ประชาอุทิศ แขวง.ห้วยขวาง เขต.ห้วยขวาง กรุงเทพ. ติดต่อ.ช่างโย   โทร.084-907-7908. บริการ24 ชม.\ne-mail. yokey_81@yahoo.co.th\n",
        "emails": [
            "yokey_81@yahoo.co.th"
        ],
        "id": "467365453318792",
        "location": {
            "city": "Bangkok",
            "country": "Thailand",
            "latitude": 13.6290226,
            "longitude": 100.504631,
            "street": "524 ถนน.ประชาอุทิศ แขวง.ห้วยขวาง เขต.ห้วยขวาง",
            "zip": "10310"
        },
        "name": "ช่างกุญแจห้วยขวาง โทร.084-907-7908 บริการเปิดบ้าน-รถยนต์-ตู้เซฟ",
        "phone": "0849077908"
    },
    {
        "about": "ช่างกุญแจ พิษณุโลก พิจิตร สุโขทัย อุตรดิตถ์ เพรชบูรณ์ นครสวรรค์ กำแพงเพชร 081-3862889",
        "id": "633547706661955",
        "name": "ช่างกุญแจ พิษณุโลก 081-3862889"
    },
    {
        "id": "512928782102423",
        "location": {
            "city": "Chiang Mai",
            "country": "Thailand",
            "latitude": 18.74005,
            "longitude": 98.95965,
            "street": "Chiang Mai, Thailand",
            "zip": "50100"
        },
        "name": "ช่างกุญแจเชียงใหม่ 087 488 4333",
        "phone": "0874884333"
    },
    {
        "about": "รับทำกุญแจอิมโมบิไลเซอร์และกุญแจฝังชิพ",
        "id": "752194154804609",
        "location": {
            "city": "Pak Chong",
            "country": "Thailand",
            "latitude": 14.71254,
            "longitude": 101.42182,
            "street": "69"
        },
        "name": "ช่างกุญแจปากช่องนครราชสีมา089-9953363",
        "phone": "0899953363"
    },
    {
        "about": "บริการ ทำกุญแจ ทั้งในและนอกสถานที่ 24ชม. 089-988-8356 / 085-222-6598",
        "id": "929996123762508",
        "location": {
            "city": "Bangkok",
            "country": "Thailand",
            "latitude": 13.7925596,
            "longitude": 100.6542435,
            "street": "นวมินทร์ 30",
            "zip": "10240"
        },
        "name": "ช่างกุญแจ นวมินทร์ บางกะปิ เสรีไทย มีนบุรี",
        "phone": "0899888356"
    },
    {
        "id": "508889442492833",
        "location": {
            "city": "Nakhon Ratchasima",
            "country": "Thailand",
            "latitude": 14.9430504,
            "longitude": 102.0160599,
            "street": "โคราช นครราชสีมา",
            "zip": "10000"
        },
        "name": "ช่างกุญแจโคราช 087 488 4333",
        "phone": "0874884333"
    },
    {
        "about": "รับทำกุญแจฝังชิพ กุญแจหาย กุญแจรีโมท กรอบรีโมท",
        "emails": [
            "aof1234900@hotmail.com"
        ],
        "id": "1482163205438004",
        "location": {
            "city": "Rangsit",
            "country": "Thailand",
            "latitude": 13.9894583478,
            "longitude": 100.6385153532,
            "street": "รังสิต-นครนายก 27",
            "zip": "12130"
        },
        "name": "ช่างกุญแจรังสิต-ปทุมธานี สะพานแดงคลอง1 คลอง2 ช่างกล้า0814808087",
        "phone": "0814808087"
    }
]