[
    {
        "about": "จำหน่ายวอเปเปอร์และผ้าม่าน พร้อมช่างติดตั้ง ในราคาย่อมเยาว์ สนใจโทร 080-0829252 หรือไลน์ไอดี somokosom ",
        "description": "ให้บริการจำหน่าย วอเปเปอร์ และผ้าม่าน พร้อมช่างติดตั้ง รวมถึงทำความสะอาดผ้าม่าน  เราให้บริการที่เป็นกันเองดุจญาติมิตรคะ สามารถคุยไดันได้ ทำให้ลูกค้าตกแต่งบ้านในราคาที่ไม่เกินงบประมาณ สอบถามโทร.080-0829252 ไลน์ไอดี somokosom",
        "emails": [
            "kor.wallpaper@hotmail.com"
        ],
        "id": "1948412385383394",
        "location": {
            "city": "Bangkok",
            "country": "Thailand",
            "latitude": 13.848125083477,
            "longitude": 100.64894479705,
            "zip": "10220"
        },
        "name": "ครอบครัว กอ. วอเปเปอร์และผ้าม่าน พร้อมติดตั้ง",
        "phone": "0800829252"
    },
    {
        "about": "ร้านเหล็กดัดวิมลการช่าง รับทำ-ติดตั้ง เหล็กดัด มุ้งลวด  ผ้าม่าน งานเหล็กทุกชนิด Tel.027050360\n",
        "description": "ร้านเหล็กดัดวิมลการช่าง \n\nรับทำ-ติดตั้ง \n\n- เหล็กดัด \n\n- มุ้งลวด\n\n- วงกบ \n\n- อลูมีเนียม\n\n- ผ้าม่าน\n\n- ประตูม้วน\n\n- กันสาด\n\n- โครงหลังคาโพลีคาร์บอเนต\n\n งานเหล็กทุกชนิด งานดี มีคุณภาพ ราคาถูก \n\n\n202/43 ถนนเทพารักษ์ ตำบลบางเสาธง อำเภอบางเสาธง จังหวัดสมุทรปราการ 10540\n\nโทรศัพท์\t0-2705-0360 , 0863327229 , 0816135595\n\nโทรสาร 02-7052558\n\nเปิดทำการ ทุกวัน เวลา 08:00-19:00",
        "id": "931296216931479",
        "name": "ร้านเหล็กดัดวิมลการช่าง รับทำ-ติดตั้ง เหล็กดัด มุ้งลวด อลูมีเนียม ผ้าม่าน"
    },
    {
        "about": "รับประเมินราคาและให้คำปรึกษา ฟรี\nบริการทุกจังหวัด",
        "id": "1473607949633009",
        "name": "ออกแบบติดตั้งผ้าม่าน..วอลล์เปเปอร์",
        "phone": "0856238025"
    },
    {
        "about": "รับออกแบบติดตั้งกระจก อลูมิเนียม บานเฟี้ยม ฉากกั้นห้อง ผ้าม่าน ทุกชนิด\n",
        "emails": [
            "iq.designn@gmail.com"
        ],
        "id": "1454079101563853",
        "location": {
            "city": "Nonthaburi",
            "country": "Thailand",
            "latitude": 13.940747104716,
            "longitude": 100.54157495499,
            "street": "72/87 หมู่ 3 ตำบล บ้านใหม่ ถนน ติวานนท์ อำเภอ ปากเกร็ด",
            "zip": "11120"
        },
        "name": "iQDesign รับติดตั้งกระจกอลูมิเนียม กระจกห้องน้ำ ฉาก ผ้าม่าน",
        "phone": "0894131879 คิว Line - iQ1991"
    },
    {
        "about": "รับติดเย็บผ้าม่าน\nออกแบบ-ติดตั้งผ้าม่าน",
        "id": "1515160908771163",
        "location": {
            "city": "Bangkok",
            "country": "Thailand",
            "latitude": 13.70283,
            "longitude": 100.67317,
            "street": "100 ซ.มิตรวิถี 2-3 พระรามเก้า-ศรีนครินทร์แขวง/เขตสวนหลวง กรุงเทพมหานคร",
            "zip": "10250"
        },
        "name": "รับตัดเย็บผ้าม่านและติดตั้งผ้าม่านราคาถูก",
        "phone": "0939470689"
    },
    {
        "about": "ติดผ้าม่านนครศรีธรรมราช, ร้านผ้าม่านนครศรีธรรมราช, มู่ลี่นครศรีธรรมราช, ผ้าม่านบ้าน",
        "id": "693143087486457",
        "name": "ผ้าม่านนครศรีธรรมราชบริการจำหน่าย ติดตั้งผ้าม่าน อุปกรณ์ผ้าม่าน"
    },
    {
        "about": "ดูดี-ดีไซน์,ศูนย์รวมกระจกอลูมิเนียมและผ้าม่านทุกชนิด",
        "description": "ออกแบบติดตั้ง กระจกอลูมิเนียม กั้นห้องกระจก บานเลื่อน บานเลื่อนซ้อน \nบานเลื่อนแขวน  บานเฟี้ยม บานสวิง กระจกบานเปลือย กระจกห้องน้ำ\nบานกระทุ้ง บานเปิด มุ้งจีบ มุ้งม้วนเก็บ\nออกแบบติดตั้ง ผ้าม่าน ม่านปรับแสง ม่านม้วน มู่ลี่ ฉากกั้นห้อง\nวอล์ลเปเปอร์ พรม ดูราฟอร์ปูพื้น พื้นไม้ลามิเนต\n โทร. 081-9270874 ช่างหนึ่ง , 081-9426762 คุณไก่ \nแฟกซ์. 02-9209227   (สะดวกมือถือครับ)",
        "emails": [
            "doodee-design@hotmail.com"
        ],
        "id": "154537118064588",
        "location": {
            "city": "Amphoe Bang Bua Thong",
            "country": "Thailand",
            "street": "213/54 ถ.บางกรวย-ไทรน้อย  ต.บางรักพัฒนา อ.บางบัวทอง จ.นนทบุรี",
            "zip": "11110"
        },
        "name": "ดูดี-ดีไซน์,ออกแบบติดตั้ง งานกระจกอลูมิเนียมและผ้าม่านทุกชนิด",
        "phone": "081-9270874,081-9426762,02-9209227"
    },
    {
        "about": "สนใจผ้าม่านและมู่ลี่สวยๆถูกๆพร้อมติดตั้งฟรี โทร 088-8811304 อิ๋ม ค่ะ",
        "id": "492246420806588",
        "name": "ผ้าม่านสวยถูกมากติดตั้งฟรี"
    },
    {
        "id": "411573595627586",
        "location": {
            "city": "Khonkean",
            "country": "Thailand",
            "latitude": 16.47889,
            "longitude": 102.82676,
            "street": "421/5 หมู่ 8 ต.เมืองเก่า อ.เมือง จ.ขอนแก่น",
            "zip": "40000"
        },
        "name": "รับติดตั้ง วอลเปเปอร์,ผ้าม่าน,กระเบื้องยาง และภายใน  095-646-2999",
        "phone": "0821237374"
    },
    {
        "about": "Aris Home จำหน่ายและบริการติดตั้ง  ผ้าม่าน วอลเปเปอร์ กระจก เฟอนิเจอร์ งานอลูมิเนียม ราคาโรงงาน",
        "description": "อริศ โฮม เป็นผู้เชี่ยวชาญด้านการออกแบบเฟอร์นิเจอร์ไม้ อาทิเช่น  โต๊ะ ตู้ เตียง เก้าอี้ ชิงช้า เราตอบสนองความต้องการของลูกค้าเพื่อตกแต่งที่อยู่อาศัย รวมถึงร้านค้า โรงแรม รีสอร์ท ที่ต้องการเฟอร์นิเจอร์ที่เป็นเอกลักษณ์เฉพาะ สนใจชมสินค้าได้ที่โครงการ  แสงอารีย์การ์เด้น ซอย 2 ถนนกาญจนาภิเษก  บางใหญ่  นนท์บุรี \nหรือ สอบถามข้อมูลเพิ่มเติมได้ที่เบอร์ :  089-764-3663\nAris Home, is a  professional to made subjects from Wood and made by order from customers for Total Value, Unique with the Quality.\nContact number please call : 089-764-3663\nThank you for your interesting : )   \n\n",
        "id": "505849746092565",
        "name": "Aris Home  จำหน่ายวอลเปเปอร์ ผ้าม่าน เฟอร์นิเจอร์ ติดตั้งกระจกและอลูมิเนียม"
    },
    {
        "about": "รับติดตั้งผ้าม่าน มู่ลี่ ฟิล์มกระจก มุ้งลวด ติดตัั้งแอร์ ซักรีดผ้าม่าน สนใจติดต่อได้ครับ",
        "id": "518402674925965",
        "name": "ปานตา ผ้าม่านและแอร์บ้าน จำหน่าย ออกแบบ ติดตั้ง"
    },
    {
        "about": "จำหน่ายและติดตั้งวอลเปเปอร์และผ้าม่าน",
        "id": "959824537372770",
        "name": "จำหน่ายและติดตั้งวอลเปเปอร์และผ้าม่าน  By oodtuinui"
    },
    {
        "about": "ขาย/ติดตั้งผ้าม่านรถตู้",
        "description": "รับติดตั้งผ้าม่านรถตู้มีทั้งรางเดี่ยวรางคู่ผ้ายูวีผ้ายืดอย่างดีติดตั้งทั้งในและนอกสถานที่ 081-927-1299 083-234-7772",
        "general_info": "รับติดตั้งผ้าม่านรถตู้มีทั้งรางเดี่ยวรางคู่ผ้ายูวีผ้ายืดอย่างดีติดตั้งทั้งในและนอกสถานที่ 081-927-1299 083-234-7772",
        "id": "377761985579002",
        "location": {
            "city": "Non Buri",
            "country": "Thailand",
            "latitude": 13.8691397,
            "longitude": 100.4879303,
            "street": "ถนนรัตนาธิเบศน์",
            "zip": "11000"
        },
        "name": "ขาย/บริการติดตั้งผ้าม่านรถตู้",
        "phone": "0819271299"
    },
    {
        "about": "ติดผ้าม่านร้อยเอ็ด , ร้านผ้าม่านร้อยเอ็ด , มู่ลี่ร้อยเอ็ด , ผ้าม่านบ้านร้อยเอ็ด",
        "id": "841964085910422",
        "name": "ผ้าม่านจังหวัดร้อยเอ็ด บริการจำหน่าย ติดตั้งผ้าม่าน อุปกรณ์ผ้าม่าน"
    },
    {
        "about": "จำหน่าย ตัดเย็บ และติดตั้งผ้าม่านทุกชนิด",
        "description": "\"ภาณิณี ดีไซน์\"..บริการจำหน่าย ตัดเย็บ และติดตั้ง ผ้าม่านทุกแบบทุกชนิด มู่ลี่ วอลเปเปอร์ ฉากกั้นห้อง ฯลฯ  สำหรับที่อยู่อาศัย บ้าน คอนโด อพาร์เม้นท์ สถานประกอบการต่างๆ อาทิเช่น โรงแรม โรงพยาบาล ห้างสรรพสินค้า ฯลฯ  ให้บริการด้วยประสบการณ์การทำงานด้านนี้มากว่า 20 ปี โดยช่างผู้ชำนาญโดยเฉพาะ  ในราคาไม่แพง คุณภาพ การบริการ เกินราคาแน่นอนค่ะ\n\nหากท่านสนใจที่ติดตั้งผ้าม่าน,มู่ลี่,วอลเปเปอร์,ฉากกั้นห้อง,เปลี่ยนเบาะโซฟา,พรมปูพื้น ฯลฯ ปรึกษาสอบถามกับเราได้ค่ะ บริการให้แนะนำฟรี! ไม่มีค่าใช้จ่ายในการปรึกษานะคะ \n\nโทรมาได้นะคะที่ K.ติ๊ก 087-5136413 (เบอร์นี้แอดlineได้เลยนะคะ) ยินดีให้บริการค่ะ \nหรือ inbox มาสอบถามทางเฟซบุ๊คก็ได้ตามลิงค์เลยค่ะ https://www.facebook.com/panineedesign.by.Tamicka?sk=messages_inbox\n\n\u003c3 :)",
        "emails": [
            "tamicka_chawitnat@hotmail.com"
        ],
        "id": "396235413850827",
        "location": {
            "city": "Bangkok",
            "country": "Thailand",
            "latitude": 13.794745,
            "longitude": 100.609205,
            "street": "Ladphrao 71",
            "zip": "10310"
        },
        "name": "Paninee Design by Tamicka  ตัดเย็บ/ติดตั้งผ้าม่าน มู่ลี่ วอลเปเปอร์",
        "phone": "0962624196"
    },
    {
        "about": "รับติดตั้ง กระจก อลูมิเนียม ผ้าม่าน",
        "id": "795300593840032",
        "location": {
            "city": "Bangkok",
            "country": "Thailand",
            "latitude": 13.74482,
            "longitude": 100.79267,
            "street": "147/2 Khum Klao Road. Lamplatiew Ladkrabang",
            "zip": "10520"
        },
        "name": "OD Aluminum \u0026 Decor รับติดตั้ง กระจก อลูมิเนียม ผ้าม่าน",
        "phone": "02-739-4905 , 090,101-6668 "
    },
    {
        "about": "ตกแต่งต่อเติมภายนอก-ภายใน แบบครบวงจร",
        "id": "229165923760131",
        "location": {
            "city": "เชียงใหม่",
            "street": "55 หมู่ 3 ต.สันทรายหลวง อ.สันทราย",
            "zip": "50210"
        },
        "name": "รับเหมางานภายนอก-ภายใน-ติดตั้งผ้าม่าน เชียงใหม่",
        "phone": "0914799164"
    },
    {
        "about": "ออกแบบ ติดตั้ง และ ตกแต่งบ้าน ตกแต่งอาคาร กระจก,ผ้าม่าน,อลูมิเนียม,ฉากกั้นห้อง,ฯลฯ",
        "description": "บริการ\nออกแบบ ติดตั้ง ตกแต่ง บ้าน และ อาคาร ด้วยประสพการกว่า 30 ปี (รับงานทุกประเภท)\nมีแบบให้ท่านเลือกมากมาย ดีไซด์ทันสมัยสวยงาม เพื่อความพึงพอใจของลูกค้า \n \nออกแบบและติดตั้ง\nกระจก ,ผ้าม่าน ,อลูมิเนียม ,ฉากกั้นห้อง PVC ,วอลล์เปเปอร์ ,พรม ,มู่ลี่ ,มู่ลี่ไม้ ,ม่านปรับแสง ,ม่านพับ ,ม่านม้วน ,ม่านกล่อง ,ผ้าม่านรถยนต์ ,\nรับหุ้มโซฟา ,ซักผ้าม่าน-พรม ,บานเลื่อน-บานสวิง ,บานเลื่อนแขวน ,บานเปลือย ,งานฝ้าฉาบเรียบ ,กั้นห้องด้วยผนังเบา ,มุ้งบานเลื่อน ,มุ้งม้วน ,ฯลฯ\n \nเรารับงานทุกระดับด้วยความยินดี\nบ้านที่อยู่อาศัย อาคารสำนักงาน โรงเรียน โรงพยาบาล หน่วยงานราชการ และ หน่วยงานอื่นๆ ฯลฯ\n \n* เพื่อความสะดวกของลูกค้า เราบริการให้คำปรึกษาฟรี ! ประเมินราคาให้ลูกค้าก่อนตัดสินใจ\n \nติดต่อเรา\n \n081-374-0864  คุณพร  (เร่งด่วน)\n \n095-925-3111  คุณเคน\n \n088-653-6555  คุณแคท\n \n085-191-5656  คุณเค้ก \n \nFAX : 02-996-4462\n \nLine: CAKE PERFECT DECOR\n \nEmail: pkperfectdecor@gmail.com\n \nWeb :\n \nFacebook : www.facebook.com/perfectdecors",
        "emails": [
            "pkperfectdecor@gmail.com"
        ],
        "id": "1465498787086130",
        "location": {
            "city": "Bangkok",
            "country": "Thailand",
            "street": "101/68  หมู่2  ซ.สายไหม38  เขต.สายไหม กทม.",
            "zip": "10220"
        },
        "name": "Perfect Decor ออกแบบติดตั้ง กระจก ผ้าม่าน อลูมิเนียม บานเฟี้ยม ฉากกั้นห้อง"
    },
    {
        "about": "รับติดตั้งวอลล์เปเปอร์ และผ้าม่านทุกชนิด โดยทีมงานช่างมืออาชีพ",
        "id": "388050621394418",
        "location": {
            "city": "Bangkok",
            "country": "Thailand",
            "street": "53/156 สุคนธสวัสดิ์3 ลาดพร้าว",
            "zip": "10230"
        },
        "name": "ช่างรับติดตั้งวอลล์เปเปอร์ ผ้าม่าน",
        "phone": "0896860878"
    },
    {
        "about": "จำหน่าย  ติดตั้ง ผ้าม้าน และวอเปเปอร์\nด้วยราคา แบบพี่น้อง  เขตชลบุรี หรือใกล้เคียง",
        "emails": [
            "eakachai--3@hotmail.com"
        ],
        "general_info": "เข้าถึง และเข้าใจในบริการ",
        "id": "792401497452710",
        "location": {
            "city": "Chonburi",
            "country": "Thailand",
            "latitude": 13.07057,
            "longitude": 101.01935,
            "street": "262/96 หมู่11 ต.หนองขาม อ.ศรีราชา จ.ชลบุรี",
            "zip": "20230"
        },
        "name": "จำหน่าย และติดตั้ง ผ้าม้าน และวอลเปเปอร์",
        "phone": "0851701476"
    },
    {
        "about": "ติดผ้าม่านลำพูน , ร้านผ้าม่านลำพูน , มู่ลี่ลำพูน , ผ้าม่านบ้านลำพูน",
        "id": "1463694750601001",
        "name": "ผ้าม่าน ลำพูน บริการจำหน่าย ติดตั้งผ้าม่าน อุปกรณ์ผ้าม่าน"
    },
    {
        "about": "ติดผ้าม่านสุรินทร์ , ร้านผ้าม่านสุรินทร์ , มู่ลี่สุรินทร์ , ผ้าม่านบ้านสุรินทร์",
        "id": "1655203741390947",
        "name": "ผ้าม่าน สุรินทร์ บริการจำหน่าย ติดตั้งผ้าม่าน อุปกรณ์ผ้าม่าน"
    },
    {
        "about": "ติดผ้าม่านประจวบคีรีขันธ์, ร้านผ้าม่านประจวบคีรีขันธ์, มู่ลี่ประจวบคีรีขันธ์,ผ้าม่านบ้าน",
        "id": "1675696912649063",
        "name": "ผ้าม่านประจวบคีรีขันธ์ บริการจำหน่าย ติดตั้งผ้าม่าน อุปกรณ์ผ้าม่าน"
    },
    {
        "about": "ออกแบบ-ติดตั้ง ผ้าม่านทุกชนิด",
        "description": "บริการออกแบบ-ติดตั้ง ผ้าม่าน มู่ลี่ วอลล์เปเปอร์\nโดยทีมงานคุณภาพ ในราคาที่คุณยิ้มได้^^\n เพื่อบ้านสวยของคุณ",
        "emails": [
            "waythit.tcc@gmail.com"
        ],
        "id": "911098645601084",
        "location": {
            "city": "Pathum Thani",
            "country": "Thailand",
            "latitude": 13.954892490354,
            "longitude": 100.57996273041,
            "street": "Pruksa Vilie 36",
            "zip": "12120"
        },
        "name": "ออกแบบติดตั้ง ผ้าม่าน มู่ลี่ วอลล์เปเปอร์",
        "phone": "0879142155(บุ๋ม) 0854469045(แน๊ท)"
    },
    {
        "about": "ผลิตติดตั้งมุ้งจีบ มุ้งลวด กระจก เหล็กยืด เหล็กดัด ผ้าม่าน กรุงเทพฯ,ปริมณฑลโทร.098-3909659",
        "description": "51/55 ม.2 ถนนเจ้าคุณทหาร ลำปลาทิว ลาดกระบัง กรุงเทพฯ 10520",
        "id": "382673378570223",
        "name": "สาคร อลูมิเนียม ผลิตติดตั้งมุ้งจีบ มุ้งลวด เหล็กดัด  ผ้าม่าน"
    }
]