[
    {
        "about": "รับกำจัดปลวก และแมลง ",
        "id": "1424500904536298",
        "location": {
            "city": "Surat Thani",
            "country": "Thailand",
            "latitude": 9.1077633,
            "longitude": 99.3726501,
            "street": "55/3 หมู่ 1 ตำบลท่าโรงช้าง อำเภอพุนพิน จังหวัดสุราษฎร์ธานี",
            "zip": "84130"
        },
        "name": "ห้างหุ้นส่วนจำกัด เจ เอ็น เค กำจัดปลวก",
        "phone": "0848890746 ,0894730916"
    },
    {
        "about": "บริการวางระบบกำจัดปลวกสำหรับทุกบ้าน",
        "description": "บริการปรึกษาปัญหาเรื่องปลวกฟรี\n\nบริการกำจัดปลวกฟรีสำหรับโบสถ์คริสเตียนทั่วประเทศ\n\nบริการวางระบบกำจัดปลวกสำหรับบ้านกำลังจะสร้างใหม่   เป็นการราดน้ำยาสมุนไพรก่อนสร้างบ้านเป็นการวางจากรากฐานล่างสุดของบ้าน บริเวณที่ราดน้ำยาสมุนไพรเอาไว้จะ ทำให้ปลวกไม่เกิดการสร้างรัง ซึ่งเป็นระบบใหม่ล่าสุด ปลอดภัยมากที่สุด ที่มีประสิทธิภาพสูงกว่าทุกระบบ อยู่ได้อย่างยาวนาน เป็นที่นิยมในประเทศญี่ปุ่นและอีกหลายประเทศทั่วโลก ดังนั้นปัญหาเรื่องปลวกจึงแทบไม่มีในทุกบ้านที่มีการวางระบบนี้\n\nบริการกำจัดปลวกสำหรับตามบ้าน โรงแรม รีสอร์ท หน่วยงานราชการ หน่วยงานเอกชน เรือท่องเที่ยว  เป็นสมุนไพรสูตรน้ำสำหรับฉีดพ่นตรงที่ปลวกขึ้นและจุดเสี่ยงทุกจุด เพื่อทำให้การทำงานในท้องของปลวกหยุดการสร้างเอนไซส์สำหรับย่อยไม้ แล้วปลวกนับล้านๆตัวจะค่อยๆแห้งตายไปในที่สุด\n\nทางบริษัทฯมีตัวแทน/แฟรนไชส์และช่างผู้เชี่ยวชาญไว้คอยบริการท่านทุกจังหวัด อำเภอและตำบล \nงานเล็กหรืองานใหญ่ ใกล้หรือไกลทั่วประเทศ  โทร.086-4613311,02-3647248,088-7140017-21\n\nปลวกเชียงใหม่ ปลวกลำพูนกำจัดงู จับงู ไล่งู | กำจัดแมลงวัน แมลงหวี | กำจัดแมลงสาบ | กำจัดยุง | กำจัดเห็บหมัด | กำจัดมอด | กำจัดตัวเรือด | กำจัดหนู | อู่ต่อเรือกำจัดปลวก กำจัดปลวกกรุงเทพ กำจัดปลวกกรุงเทพมหานคร กำจัดปลวกขอนแก่น กำจัดปลวกคลองสาน กำจัดปลวกคลองสามวา กำจัดปลวกคลองเตย กำจัดปลวกคันนายาว กำจัดปลวกจตุจักร กำจัดปลวกจอมทอง กำจัดปลวกดอนเมือง กำจัดปลวกดินแดง กำจัดปลวกดุสิต กำจัดปลวกตลิ่งชัน กำจัดปลวกทวีวัฒนา กำจัดปลวกทุ่งครุ กำจัดปลวกธนบุรี กำจัดปลวกนครราชสีมา กำจัดปลวกบางกอกใหญ่ กำจัดปลวกบางเขน กำจัดปลวกบางแค กำจัดปลวกบึงกาฬ กำจัดปลวกภาษีเจริญ กำจัดปลวกมีนบุรี กำจัดปลวกยานนาวา กำจัดปลวกราชเทวี กำจัดปลวกราษฎร์บูรณะ กำจัดปลวกลาดกระบัง กำจัดปลวกลาดพร้าว กำจัดปลวกวังทองหลาง กำจัดปลวกวัฒนา กำจัดปลวกสวนหลวง กำจัดปลวกสะพานสูง กำจัดปลวกสัมพันธวงศ์ กำจัดปลวกสาทร กำจัดปลวกสายไหม กำจัดปลวกหนองจอก กำจัดปลวกหนองบัวลำภู กำจัดปลวกหนองแขม กำจัดปลวกหลักสี่ กำจัดปลวกห้วยขวาง กำจัดปลวกอำนาจเจริญ กำจัดปลวกเชียงใหม่ กำจัดปลวกโคราช ปลวกปลวกลำปางปลวกแพร่ปลวกพะเยาปลวกน่าน Categories: กำจัดปลวก, ปลวก | Tags: กำจัดปลวก, กำจัดปลวก แพร่, กำจัดปลวก อุดรธานี, กำจัดปลวก เพชรบูรณ์, กำจัดปลวกกระบี่, กำจัดปลวกกรุงเทพ, กำจัดปลวกกาญจนบุรี, กำจัดปลวกกาฬสินธ์, กำจัดปลวกกำแพงเพชร, กำจัดปลวกขอนแก่น, กำจัดปลวกจันทบุรี, กำจัดปลวกฉะเชิงเทรา, กำจัดปลวกชลบุรี, กำจัดปลวกชัยนาท, กำจัดปลวกชัยภูมิ, กำจัดปลวกชุมพร, กำจัดปลวกด้วยสมุนไพร, กำจัดปลวกตรัง, กำจัดปลวกตราด, กำจัดปลวกตาก, กำจัดปลวกนครนายก, กำจัดปลวกนครปฐม, กำจัดปลวกนครพนม, กำจัดปลวกนครราชสีมา, กำจัดปลวกนครศรีธรรมราช, กำจัดปลวกนครสวรรค์, กำจัดปลวกนนทบุรี, กำจัดปลวกนราธิวาส, กำจัดปลวกน่าน, กำจัดปลวกบึงกาฬ, กำจัดปลวกบุรีรัมย์, กำจัดปลวกปทุมธานี, กำจัดปลวกประจวบคีรีขันธ์, กำจัดปลวกปราจีนบุรี, กำจัดปลวกปัตตานี, กำจัดปลวกปากช่อง, กำจัดปลวกพระนครศรีอยุธยา, กำจัดปลวกพะเยา, กำจัดปลวกพังงา, กำจัดปลวกพัทยา, กำจัดปลวกพัทลุง, กำจัดปลวกพิจิตร, กำจัดปลวกพิษณุโลก, กำจัดปลวกภาคกลาง, กำจัดปลวกภาคตะวันตก, กำจัดปลวกภาคตะวันออก, กำจัดปลวกภาคตะวันออกเฉียงเหนือ, กำจัดปลวกภาคเหนือ, กำจัดปลวกภาคใต้, กำจัดปลวกภูเก็ต, กำจัดปลวกมหาสารคาม, กำจัดปลวกมุกดาหาร, กำจัดปลวกยะลา, กำจัดปลวกยโสธร, กำจัดปลวกระนอง, กำจัดปลวกระยอง, กำจัดปลวกราชบุรี, กำจัดปลวกร้อยเอ็ด, กำจัดปลวกลพบุรี, กำจัดปลวกลำปาง, กำจัดปลวกลำพูน, กำจัดปลวกศรีสะเกษ, กำจัดปลวกสกลนคร, กำจัดปลวกสงขลา, กำจัดปลวกสตูล, กำจัดปลวกสมุทรปราการ, กำจัดปลวกสมุทรสงคราม, กำจัดปลวกสมุทรสาคร, กำจัดปลวกสระบุรี, กำจัดปลวกสระแก้ว, กำจัดปลวกสิงห์บุรี, กำจัดปลวกสุพรรณบุรี, กำจัดปลวกสุราษฎร์ธานี, กำจัดปลวกสุรินทร์, กำจัดปลวกสุโขทัย, กำจัดปลวกหนองคาย, กำจัดปลวกหนองบัวลำภู, กำจัดปลวกหาดใหญ่, กำจัดปลวกอำนาจเจริญ, กำจัดปลวกอุตรดิตถ์, กำจัดปลวกอุทัยธานี, กำจัดปลวกอุบลราชธานี, กำจัดปลวกอ่างทอง, กำจัดปลวกเชียงราย, กำจัดปลวกเชียงใหม่, กำจัดปลวกเพชรบุรี, กำจัดปลวกเลย, กำจัดปลวกแปดริ้ว, กำจัดปลวกแม่ฮ่องสอน, กำจัดปลวกโคราช, บริษัทกำจัดปลวก, บริษัทกำจัดปลวกพัทยา, บริษัทปลวก, ปลวก, พัทยากำจัดปลวก\nCategories: กำจัดปลวก, บริษัทกำจัดปลวก, ปลวก | Tags: กำจัดปลวก, บริษัทกำจัดปลวกกระบี่, บริษัทกำจัดปลวกกาญจนบุรี, บริษัทกำจัดปลวกจังหวัดขอนแก่น, บริษัทกำจัดปลวกจันทบุรี, บริษัทกำจัดปลวกฉะเชิงเทรา, บริษัทกำจัดปลวกชุมพร, บริษัทกำจัดปลวกนครปฐม, บริษัทกำจัดปลวกนครศรีธรรมราช, บริษัทกำจัดปลวกนครสวรรค์, บริษัทกำจัดปลวกนราธิวาส, บริษัทกำจัดปลวกประจวบคีรีขันธ์, บริษัทกำจัดปลวกปราจีนบุรี, บริษัทกำจัดปลวกปัตตานี, บริษัทกำจัดปลวกพังงา, บริษัทกำจัดปลวกพัทลุง, บริษัทกำจัดปลวกยะลา, บริษัทกำจัดปลวกระนอง, บริษัทกำจัดปลวกระยอง, บริษัทกำจัดปลวกราชบุรี, บริษัทกำจัดปลวกลพบุรี, บริษัทกำจัดปลวกสตูล, บริษัทกำจัดปลวกสมุทรสงคราม, บริษัทกำจัดปลวกสระบุรี, บริษัทกำจัดปลวกสระแก้ว, บริษัทกำจัดปลวกสุพรรณบุรี, บริษัทกำจัดปลวกสุราษฎร์ธานี, บริษัทกำจัดปลวกสุโขทัย, บริษัทกำจัดปลวกอยุธยา, บริษัทกำจัดปลวกอุทัยธานี, บริษัทกำจัดปลวกอ่างทอง, บริษัทกำจัดปลวกเพชรบุรี, บริษัทกำจัดปลวกแปดริ้วปลวกแม่ฮ่องสอนปลวกเชียงราย\nCategories: กำจัดปลวก, ปลวก | Tags: ant, Coptotermes, curvignathus, Franchise, termite, termites, การ กำจัด ปลวก, การกำจัดปลวก, การค้นหาที่เกี่ยวข้องกับ, กำจัด ปลวก, กำจัด หนู และ แมลง, กำจัดจิ้งจก, กำจัดตัวเรือด, กำจัดปลวก, กำจัดปลวกก่อนสร้างบ้าน, กำจัดปลวกคริสเตียน, กำจัดปลวกด้วยตัวเอง, กำจัดปลวกด้วยมด, กำจัดปลวกด้วยสมุนไพร, กำจัดปลวกด้วยสมุนไพรนาโน, กำจัดปลวกมุสลิม, กำจัดปลวกราคา, กำจัดปลวกแบบง่าย, กำจัดปลวกในโรงเรียน, กำจัดแมลง, กําจัดปลวกด้วยสมุนไพร, จอมปลวก, จิ้งจก, ตัวเรือด, น้ำยากันปลวก, น้ำยากำจัดปลวก, บริการ กำจัด ปลวก และ แมลง นครศรีธรรมราช, บริษัท กำจัด ปลวก กรุงเทพ, บริษัท กำจัด ปลวก ด้วย สมุนไพร, บริษัท กำจัด ปลวก สมุทรปราการ, บริษัทกำจัดปลวก, บริษัทกำจัดปลวกสุราษฎร์ธานี, บ้านสร้างใหม่, บ้านหลังใหม่, บ้านเดี่ยว, บ้านแฝด, บ้านใหม่, ปลวก, ปลวก pantip, ปลวก ชื่อ วิทยาศาสตร์, ปลวก ทหาร, ปลวกpantip, ปลวกกลัวอะไร, ปลวกกับวิถีชีวิต, ปลวกกับวิถีชีวิตของมนุษย์, ปลวกขึ้น, ปลวกขึ้นบ้าน, ปลวกงาน, ปลวกชอบกินไม้อะไร, ปลวกทหาร, ปลวกนางพญา, ปลวกสายพันธุ์, ปลวกแดง, ปลวกในสวนยางพารา, ผู้รับเหมา, ผู้รับเหมาก่อสร้าง, พญา ปลวก, ยากำจัดปลวก, ราชินีปลวก, ราย ชื่อ บริษัท กำจัด ปลวก, รูปภาพ ปลวก, วงจร ชีวิต ของ ปลวก, วงจรชีวิตของปลวก, วงจรชีวิตปลวก, วัฏจักร ของ ปลวก, วางระบบท่อ, วิธีการกำจัดปลวก, วิธีการกำจัดปลวกด้วยตัวเอง, วิธีการกำจัดปลวกอย่างง่าย, วิธีกำจัดปลวก, วิธีป้องกันปลวก, ศัตรูปลวก, สารเคมีกำจัดปลวก, เฟรนชาย, เฟรนชายด์, เฟรนชายส์, เฟรนไชส์, เรือด, เลี้ยงปลวกเป็นอาหารสัตว์, เห็ดโคน, แนะนำ บริษัท กำจัด ปลวก, แฟรนชายส์, แฟรนไช, แฟรนไชด์, แฟรนไชต์, แฟรนไชนส์, แฟรนไชน์, แฟรนไชส์, แฟรนไซซ์, แฟรนไซด์, แฟรนไซส์, แมง เม่า ปลวก, แมลง เม่า ปลวก, แหล่ง อาหาร ของ ปลวก, โปรตีนจากปลวก ปลวกตาก ปลวกอุตรดิตถ์ Categories: กำจัดปลวก, กำจัดปลวกด้วยสมุนไพร, ปลวก | Tags: บริษัทกำจัดปลวกกรุงเทพมหานคร, บริษัทกำจัดปลวกกาฬสินธ์, บริษัทกำจัดปลวกกำแพงเพชร, บริษัทกำจัดปลวกจังหวัดขอนแก่น, บริษัทกำจัดปลวกชัยนาท, บริษัทกำจัดปลวกชัยภูมิ, บริษัทกำจัดปลวกนครนายก, บริษัทกำจัดปลวกนครพนม, บริษัทกำจัดปลวกน่าน, บริษัทกำจัดปลวกบึงกาฬ, บริษัทกำจัดปลวกบุรีรัมย์, บริษัทกำจัดปลวกปากช่อง, บริษัทกำจัดปลวกพะเยา, บริษัทกำจัดปลวกพัทยา, บริษัทกำจัดปลวกมหาสารคาม, บริษัทกำจัดปลวกมุกดาหาร, บริษัทกำจัดปลวกยโสธร, บริษัทกำจัดปลวกลำปาง, บริษัทกำจัดปลวกลำพูน, บริษัทกำจัดปลวกศรีสะเกษ, บริษัทกำจัดปลวกสกลนคร, บริษัทกำจัดปลวกหนองคาย, บริษัทกำจัดปลวกหนองบัวลำภู, บริษัทกำจัดปลวกหาดใหญ่, บริษัทกำจัดปลวกอำนาจเจริญ, บริษัทกำจัดปลวกอุตรดิตถ์, บริษัทกำจัดปลวกอุบลราชธานี, บริษัทกำจัดปลวกเชียงราย, บริษัทกำจัดปลวกแพร่, บริษัทกำจัดปลวกแม่ฮ่องสอน, บริษัทกำจัดปลวกโคราช\nปลวกสุโขทัยCategories: กำจัดปลวก, กำจัดปลวกด้วยสมุนไพร, บริษัทกำจัดปลวก, ปลวก | Tags: กำจัดปลวก, กำจัดปลวก แพร่, กำจัดปลวก อุดรธานี, กำจัดปลวกกรุงเทพ, กำจัดปลวกกาฬสินธ์, กำจัดปลวกขอนแก่น, กำจัดปลวกชัยภูมิ, กำจัดปลวกด้วยสมุนไพร, กำจัดปลวกนครพนม, กำจัดปลวกนครราชสีมา, กำจัดปลวกน่าน, กำจัดปลวกบึงกาฬ, กำจัดปลวกบุรีรัมย์, กำจัดปลวกปากช่อง, กำจัดปลวกพะเยา, กำจัดปลวกภาคกลาง, กำจัดปลวกภาคตะวันออกเฉียงเหนือ, กำจัดปลวกภาคเหนือ, กำจัดปลวกมหาสารคาม, กำจัดปลวกมุกดาหาร, กำจัดปลวกยโสธร, กำจัดปลวกร้อยเอ็ด, กำจัดปลวกลำปาง, กำจัดปลวกลำพูน, กำจัดปลวกศรีสะเกษ, กำจัดปลวกสกลนคร, กำจัดปลวกสุรินทร์, กำจัดปลวกหนองคาย, กำจัดปลวกหนองบัวลำภู, กำจัดปลวกอำนาจเจริญ, กำจัดปลวกอุตรดิตถ์, กำจัดปลวกอุบลราชธานี, กำจัดปลวกเชียงราย, กำจัดปลวกเชียงใหม่, กำจัดปลวกเลย, กำจัดปลวกแม่ฮ่องสอน, กำจัดปลวกโคราช, บริษัทกำจัดปลวก, บริษัทปลวก, ปลวก\nปลวกพิษณุโลกปลวกอุดรธานีCategories: กำจัดปลวก, กำจัดปลวกชัยนาท, กำจัดปลวกด้วยสมุนไพร, กำจัดปลวกนครพนม, บริษัทกำจัดปลวก | Tags: dr.ปลวก, termite picture, termite treatment cost, termites, termites pictures, กันปลวก, การกำจัดปลวก, การป้องกันปลวก, กำจัด, กำจัด ปลวก มด หนู แมลง, กำจัด ปลวก ราคา ถูก, กำจัด มด ด้วย สมุนไพร, กำจัดตัวต่อ, กำจัดตัวเรือด, กำจัดตัวเลือด, กำจัดปลวก, กำจัดปลวก pantip, กำจัดปลวก sentricon, กำจัดปลวก ชลบุรี, กำจัดปลวก นนทบุรี, กำจัดปลวก ราคา, กำจัดปลวก สมุนไพร, กำจัดปลวกกรุงเทพ, กำจัดปลวกกรุงเทพมหานคร, กำจัดปลวกคลองสาน, กำจัดปลวกคลองสามวา, กำจัดปลวกคลองเตย, กำจัดปลวกคันนายาว, กำจัดปลวกจตุจักร, กำจัดปลวกจอมทอง, กำจัดปลวกดอนเมือง, กำจัดปลวกดินแดง, กำจัดปลวกดุสิต, กำจัดปลวกตลิ่งชัน, กำจัดปลวกทวีวัฒนา, กำจัดปลวกทุ่งครุ, กำจัดปลวกธนบุรี, กำจัดปลวกบางกอกน้อย, กำจัดปลวกบางกอกใหญ่, กำจัดปลวกบางกะปิ, กำจัดปลวกบางขุนเทียน, กำจัดปลวกบางคอแหลม, กำจัดปลวกบางซื่อ, กำจัดปลวกบางนา, กำจัดปลวกบางบอน, กำจัดปลวกบางพลัด, กำจัดปลวกบางรัก, กำจัดปลวกบางเขน, กำจัดปลวกบางแค, กำจัดปลวกบึงกาฬ, กำจัดปลวกบึงกุ่ม, กำจัดปลวกปทุมธานี, กำจัดปลวกปทุมวัน, กำจัดปลวกประเวศ, กำจัดปลวกป้อมปราบศัตรูพ่าย, กำจัดปลวกพญาไท, กำจัดปลวกพระนคร, กำจัดปลวกพระโขนง, กำจัดปลวกภาษีเจริญ, กำจัดปลวกมีนบุรี, กำจัดปลวกยานนาวา, กำจัดปลวกรังสิต, กำจัดปลวกราคาถูก, กำจัดปลวกราชเทวี, กำจัดปลวกราษฎร์บูรณะ, กำจัดปลวกลาดกระบัง, กำจัดปลวกลาดพร้าว, กำจัดปลวกวังทองหลาง, กำจัดปลวกวัฒนา, กำจัดปลวกสวนหลวง, กำจัดปลวกสะพานสูง, กำจัดปลวกสัมพันธวงศ์, กำจัดปลวกสาทร, กำจัดปลวกสายไหม, กำจัดปลวกหนองจอก, กำจัดปลวกหนองบัวลำภู, กำจัดปลวกหนองแขม, กำจัดปลวกหลักสี่, กำจัดปลวกห้วยขวาง, กำจัดปลวกอำนาจเจริญ, กำจัดปลวกเชียงใหม่, กำจัดผึ้ง, กำจัดหนอน, กำจัดหมัด, กำจัดหอยเชอรี่, กำจัดเชื้อรา, กำจัดเห็บ, กำจัดเห็บหมัด, กำจัดแมลง, กำจัดแมลงวัน, กำจัดแมลงหวี่, กําจัดปลวก ราคา, กําจัดปลวกด้วยตัวเอง, ขาย สมุนไพร กำจัด ปลวก, จำกัดปลวก, ฉีดปลวก, ฉีดปลวก ราคา, ฉีดปลวกสมุนไพร, ชนิดของปลวก, ดร.ปลวก, ถังฉีดปลวก, ท่อกำจัดปลวก, ท่อปลวก, น้ำท่วมปลวกขึ้น, น้ำยากันปลวก, น้ำยากำจัดปลวก, น้ำยาฉีดปลวก, น้ำยาปลวก, น้ํา ยา กํา จัด ปลวก ราคา, บ.กำจัดปลวก, บริการกำจัดปลวก, บริการรับกำจัดปลวก, บริษัท รับ กำจัด หนู, บริษัทกำจัดปลวก, บริษัทกำจัดปลวกกุยบุรี, บริษัทกำจัดปลวกชะอำ, บริษัทกำจัดปลวกทับสะแก, บริษัทกำจัดปลวกท่ายาง, บริษัทกำจัดปลวกบางสะพานน้อย, บริษัทกำจัดปลวกบ้านลาด, บริษัทกำจัดปลวกปราณบุรี, บริษัทกำจัดปลวกสามร้อยยอด, บริษัทกำจัดปลวกหนองหญ้าปล้อง, บริษัทกำจัดปลวกหัวหิน, บริษัทกำจัดปลวกเขาย้อย, บริษัทกำจัดปลวกแก่งกระจาน, บริษัทจำกัดปลวก, บริษัทฉีดปลวก, บริษัทปลวก, บริษัทรับกำจัดปลวก, บ้านน้ำท่วม, ปลวก, ปลวก pantip, ปลวก wiki, ปลวก กําจัด, ปลวก คือ, ปลวก สมุนไพร, ปลวกกลัวอะไร, ปลวกกัด, ปลวกกำจัด, ปลวกกินบ้าน, ปลวกกินฝ้า, ปลวกขึ้นบ้าน, ปลวกขึ้นหลังฝนตก, ปลวกเชียงใหม่, ป้องกันปลวก, มดปลวก, ยากันปลวก, ยากำจัดปลวก, ยากำจัดปลวกกำจัดผึ้ง กำจัดหนอน กำจัดหมัด กำจัดเห็บ กำจัดแตน กำจัดแมลง กำจัดแมลงทุกชนิด กำจัดแมลงวัน กำจัดแมลงหวี่กำจัดผึ้ง กำจัดหนอน กำจัดหมัด กำจัดเห็บ กำจัดแตน กำจัดแมลง กำจัดแมลงทุกชนิด กำจัดแมลงวั, ยาฉีดปลวก, ยาปลวก, รมควันตู้คอนเทรนเนอร์, ระบบกำจัดปลวก, รับกำจัดปลวก, รับฉีดปลวก, ราคา น้ำยา กำจัด ปลวก, ราคากำจัดปลวก, ราคาฉีดปลวก, รูปปลวก, วงจรชีวิตปลวก, วงจรปลวก, วางท่อปลวก, วิธี การ กำจัด แมลงสาบ, วิธีกำจัดปลวก, วิธีกำจัดปลวกในบ้าน, วิธีป้องกันปลวก, วิธีไล่ปลวก, สมุดหน้าเหลือง, สมุนไพร ปลวก, สมุนไพรกำจัดปลวก, สมุนไพรไล่ปลวก, สารกำจัดปลวก, อาหารปลวก, อุปกรณ์กำจัดปลวก, เคมีกำจัดปลวก, เชื้อรากำจัดปลวก, เหยื่อกำจัดปลวก, เหยื่อปลวก, เหยื่อล่อปลวก, เห็ดปลวก, ไล่งู\nปลวกสกลนคร Categories: กำจัดปลวก, กำจัดปลวกชัยนาท, กำจัดปลวกด้วยสมุนไพร, กำจัดปลวกนครพนม, บริษัทกำจัดปลวก | Tags: dr.ปลวก, กำจัด, กำจัดตัวต่อ, กำจัดตัวเรือด, กำจัดตัวเลือด, กำจัดปลวก, กำจัดปลวก pantip, กำจัดปลวก ชลบุรี, กำจัดปลวกกรุงเทพ, กำจัดปลวกกรุงเทพมหานคร, กำจัดปลวกคลองสาน, กำจัดปลวกคลองสามวา, กำจัดปลวกคลองเตย, กำจัดปลวกคันนายาว, กำจัดปลวกจตุจักร, กำจัดปลวกจอมทอง, กำจัดปลวกดอนเมือง, กำจัดปลวกดินแดง, กำจัดปลวกดุสิต, กำจัดปลวกตลิ่งชัน, กำจัดปลวกทวีวัฒนา, กำจัดปลวกทุ่งครุ, กำจัดปลวกธนบุรี, กำจัดปลวกบางกอกน้อย, กำจัดปลวกบางกอกใหญ่, กำจัดปลวกบางกะปิ, กำจัดปลวกบางขุนเทียน, กำจัดปลวกบางคอแหลม, กำจัดปลวกบางซื่อ, กำจัดปลวกบางนา, กำจัดปลวกบางบอน, กำจัดปลวกบางพลัด, กำจัดปลวกบางรัก, กำจัดปลวกบางเขน, กำจัดปลวกบางแค, กำจัดปลวกบึงกุ่ม, กำจัดปลวกปทุมธานี, กำจัดปลวกปทุมวัน, กำจัดปลวกประเวศ, กำจัดปลวกป้อมปราบศัตรูพ่าย, กำจัดปลวกพญาไท, กำจัดปลวกพระนคร, กำจัดปลวกพระโขนง, กำจัดปลวกภาษีเจริญ, กำจัดปลวกมีนบุรี, กำจัดปลวกยานนาวา, กำจัดปลวกรังสิต, กำจัดปลวกราชเทวี, กำจัดปลวกราษฎร์บูรณะ, กำจัดปลวกลาดกระบัง, กำจัดปลวกลาดพร้าว, กำจัดปลวกวังทองหลาง, กำจัดปลวกวัฒนา, กำจัดปลวกสวนหลวง, กำจัดปลวกสะพานสูง, กำจัดปลวกสัมพันธวงศ์, กำจัดปลวกสาทร, กำจัดปลวกสายไหม, กำจัดปลวกหนองจอก, กำจัดปลวกหนองแขม, กำจัดปลวกหลักสี่, กำจัดปลวกห้วยขวาง, กำจัดผึ้ง, กำจัดหนอน, กำจัดหมัด, กำจัดหอยเชอรี่, กำจัดเชื้อรา, กำจัดเห็บ, กำจัดเห็บหมัด, กำจัดแมลง, กำจัดแมลงวัน, กำจัดแมลงหวี่, จับงู, จำกัดปลวก, ฉีดปลวกสมุนไพร, ถังฉีดปลวก, ท่อปลวก, น้ำยาฉีดปลวก, น้ำยาปลวก, บ.กำจัดปลวก, บริการกำจัดปลวก, บริษัทกำจัดปลวก, บริษัทจำกัดปลวก, บริษัทฉีดปลวก, บริษัทปลวก, ปลวกกำจัด, ปลวกกินบ้าน, ปลวกเชียงใหม่, มดปลวก, รมควันตู้คอนเทรนเนอร์, ราคาฉีดปลวก, วงจรปลวก, วางท่อปลวก, วิธีกำจัดปลวกในบ้าน, วิธีป้องกันปลวก,\nปลวกหนองบัวลำภู ปลวกเลย ปลวกนครพนม Categories: กำจัดปลวก, กำจัดปลวกด้วยสมุนไพร | Tags: กันปลวก, การ กำจัด ปลวก ด้วย สมุนไพร, การกำจัดปลวก, การค้นหาที่เกี่ยวข้องกับ, การป้องกันปลวก, กำจัด ปลวก มด หนู แมลง, กำจัด ปลวก ราคา ถูก, กำจัด มด ด้วย สมุนไพร, กำจัดปลวก, กำจัดปลวก sentricon, กำจัดปลวก นนทบุรี, กำจัดปลวก ราคา, กำจัดปลวก สมุนไพร, กำจัดปลวกราคาถูก, กำจัดปลวกเชียงใหม่, กำจัดแมลงเม่า, กําจัดปลวก, กําจัดปลวก ราคา, กําจัดปลวกด้วยตัวเอง, กําจัดปลวกด้วยวิธีธรรมชาติ, ขาย สมุนไพร กำจัด ปลวก, ฉีดปลวก, ฉีดปลวก ราคา, ชนิดของปลวก, ดร.ปลวก, ท่อกำจัดปลวก, น้ำยากันปลวก, น้ำยากำจัดปลวก, น้ํา ยา กํา จัด ปลวก ราคา, บ.กำจัดปลวก, บริการกำจัดปลวก, บริษัท รับ กำจัด หนู, บริษัทกำจัดปลวก, บริษัทปลวก, บ้าน ที่, ปลวก, ปลวก pantip, ปลวก wiki, ปลวก การ ป้องกัน แมลง, ปลวก การ สำรวจ, ปลวก กําจัด, ปลวก คือ, ปลวก สมุนไพร, ปลวกกลัวอะไร, ปลวกกัด, ปลวกกำจัด, ปลวกกินฝ้า, ปลวกขึ้นบ้าน, ปลวกคืออะไร, ป้องกันปลวก, ยากันปลวก, ยากำจัดปลวก, ยาฉีดปลวก, ยาปลวก, ระบบกำจัดปลวก, รับกำจัดปลวก, รับฉีดปลวก, ราคา น้ำยา กำจัด ปลวก, ราคากำจัดปลวก, รูปปลวก, รูปภาพ การ กำจัด ปลวก, รูปภาพ ปลวก สมุนไพร, วงจรชีวิตปลวก, วิธี การ กำจัด แมลงสาบ, วิธี กำจัด แมง เม่า, วิธีกำจัดปลวก, วิธีกำจัดแมลงเม่า, ว่า ปลวก, สมุนไพร ปลวก, สมุนไพรกำจัดปลวก, สมุนไพรไล่ปลวก, สารกำจัดปลวก, อุปกรณ์กำจัดปลวก, เหยื่อกำจัดปลวก, เหยื่อปลวก, เหยื่อล่อปลวก, เห็ดปลวก, แมง เม่า ปลวก, แมลง เม่า, แมลงเม่า คือ, แมลงเม่า สิบล้อ ปลวกหนองคาย กำจัดปลวก,กำจัดปลวกด้วยตัวเอง,กำจัดปลวกด้วยมด,กำจัดปลวกด้วยสมุนไพรนาโน,จอมปลวก,น้ำยากันปลวก,บริษัทกำจัดปลวก,ปลวก,ปลวกกับวิถีชีวิต,ปลวกขึ้น,ปลวกขึ้นบ้าน,ปลวกงาน,ปลวกชอบกินไม้อะไร,ปลวกทหาร,ปลวกนางพญา,ปลวกสายพันธุ์,ปลวกสายพันธุ์,กำจัดมด,กำจัดแมลงสาบ,กำจัดหมัด,กำจัดเห็บ กำจัดปลวก, กำจัดปลวกขอนแก่น, กำจัดปลวกชลบุรี, กำจัดปลวกชัยภูมิ, กำจัดปลวกด้วยสมุนไพร, กำจัดปลวกนครราชสีมา, กำจัดปลวกนนทบุรี, กำจัดปลวกบุรีรัมย์, กำจัดปลวกปทุมธานี, กำจัดปลวกปากช่อง, กำจัดปลวกพัทยา, กำจัดปลวกพิษณุโลก, กำจัดปลวกระยอง, กำจัดปลวกราคา, กำจัดปลวกราชบุรี, กำจัดปลวกลพบุรี, กำจัดปลวกสงขลา, กำจัดปลวกสตูล, กำจัดปลวกสระบุรี, กำจัดปลวกสุรินทร์, กำจัดปลวกหาดใหญ่, กำจัดปลวกอุดรธานี, กำจัดปลวกโคราช, บริษัทกำจัดปลวก, บริษัทกำจัดปลวกโคราช, ปลวก, ปลวกโคราช | Tags: กำจัดปลวก, กำจัดปลวกกรุงเทพ, กำจัดปลวกกรุงเทพมหานคร, กำจัดปลวกขอนแก่น, กำจัดปลวกโคราช ",
        "emails": [
            "nanowhitegroup@gmail.com"
        ],
        "id": "316477898425145",
        "location": {
            "city": "Bangkok",
            "country": "Thailand",
            "latitude": 13.7211752,
            "longitude": 100.7803955,
            "street": "336/42 ลาดกระบัง",
            "zip": "10520"
        },
        "name": "บริษัทกำจัดปลวกด้วยสมุนไพร โทร 086-4613311 มีช่างทุกพื้นที่",
        "phone": "086-4613311"
    }
]