[
    {
        "about": "ปึงพัฒนาการช่าง รับเหมาก่อสร้าง ออกแบบตกแต่งต่อเติม ",
        "description": "รับเหมาก่อสร้าง ออกแบบ ต่อเติม ซ่อมแซม สร้างบ้านครบวงจร\n\nปึงพัฒนาการช่าง  ให้บริการงานก่อสร้าง ออกแบบ ต่อเติม ตกแต่ง ปรับปรุงซ่อมแซม \nบ้านพักอาศัย อาคารพาณิชย์ ทาวน์เฮาส์ ออฟฟิต คอนโดมิเนียม โรงงาน ฯลฯ\n\nเราให้บริการในรูปแบบ Onestop services โดยให้บริการแบบครบวงจรตั้งแต่งานออกแบบไปจนถึงงานก่อสร้าง ไม่ว่าจะเป็นการสร้างใหม่หรืองานซ่อมแซม เราให้บริการครอบคลุมดังต่อไปนี้ครับ\n\n+ รับเหมาก่อสร้าง ต่อเติม ปรับปรุงซ่อมแซม บ้านพักอาศัย ทาวน์เฮาส์อาคารพาณิชย์ สำนักงาน คอนโดมิเนียม โรงงาน ลานจอดรถ ฯลฯ\n\n+ งานปูกระเบื้อง พื้น ผนัง ห้องอาบน้ำ ห้องครัว สระว่ายน้ำ บ่อปลา ฯลฯ\n\n+ งานตกแต่งภายใน และภายนอก เฟอร์นิเจอร์ลอยตัว เฟอร์นิเจอร์บิวท์อิน ตู้เสื้อผ้า Walk in closet ตู้ลอย เคาท์เตอร์ครัว \n\n+ งานฝ้าเพดานต่างๆ ฝ้าทีบาร์ ฝ้าฉาบเรียบ ฝ้าหลุม งานโครงกระจกอลูมิเนียมบานเลื่อน บานสวิง บานเปลือย \n\n+ งานกั้นห้อง กั้นห้องด้วยผนังเบา กั้นผนังห้องด้วยกระจก  กั้นห้องด้วยสมาร์ทบอร์ด หรือกั้นด้วยแผ่นยิบซั่ม ฯลฯ\n\n+ งานโครงสร้างเหล็ก โครงหลังคา Metal sheet โครงหลังคากระเบื้อง โครงหลังคาโพลีคาร์บอเนต โครงหลังคาไวนิล Cool light กันสาดอลูมิเนียม\n\n+ รับเหมางาน ไฟฟ้า ติดตั้งอุปกรณ์เครื่องใช้ไฟฟ้าต่างๆ เดินสายไฟเดินสายไฟร้อยท่อฝังผนัง ติดตั้งปลั๊กสวิทซ์ ติดตั้งตู้ควบคุม เดินสายเมน ระบบกราวน์\n\n+รับเหมางานประปา ติดตั้งเดินระบบท่อประปา ติดตั้งสุขภัณท์ต่างๆติดตั้งปั๊มน้ำ เครื่องทำน้ำร้อน วางถังแซท บ่อพัก ซ่อมแซมรั่วซึม ฯลฯ\n\n\n\nปึงพัฒนาการช่าง  ดำเนินธุรกิจในวงการก่อสร้างมากว่า 30ปี โดยให้ความสำคัญของคุณภาพของผลงานที่ส่งมอบ ให้ลูกค้าเกิดความพึงพอใจอย่างสูงสุดมากกว่าที่จะแข่งขันรับงานด้วยราคาที่ต่ำสุด \nเราต้องการสร้างผลงานให้ออกมาดีมีคุณภาพในราคาที่สมเหตุและผล อันจะทำให้ลูกค้าได้รับสินค้าและการบริการที่มีคุณภาพและใช้งานได้อย่างมีประสิทธิภาพ โดยเราได้เลือกใช้วัสดุอย่างดี และการทำงานที่ใส่ใจในรายละเอียด\nผลงานที่ออกมาของเราจึงมีคุณภาพ และทำให้เราสามารถยืนหยัดรับใช้ลูกค้าผู้มีอุปการะคุณทุกท่านได้มายาวนานจวบจนทุกวันนี้ \n\n\nสนใจติดต่อสอบถาม คุณบวรศักดิ์ 086-5539955 , 02-3763302, 02-3763304\nemail : phimercury@gmail.com\nที่อยู่ 1088 รามคำแหง แขวงหัวหมาก เขตบางกะปิ กรุงเทพฯ 10240",
        "emails": [
            "phimercury@gmail.com"
        ],
        "id": "690234297688987",
        "location": {
            "city": "Bangkok",
            "country": "Thailand",
            "latitude": 13.774,
            "longitude": 100.65728,
            "street": "1088 ถนนรามคำแหง แขวงหัวหมาก เขตบางกะปิ",
            "zip": "10240"
        },
        "name": "รับเหมาก่อสร้าง ออกแบบตกแต่งต่อเติม เฟอร์นิเจอร์บิ้วอิน ปึงพัฒนาการช่าง",
        "phone": "086-5539955, 02-3763302, 02-3763304"
    },
    {
        "about": " ช่างเสถียน พุทธศิลป์ รับก่อสร้างเสนาสนะ ให้เช่าแม่พิมท์ลวดลายทุกประเภท",
        "id": "458223894326443",
        "location": {
            "city": "Ban Tamyae",
            "country": "Thailand",
            "latitude": 14.90105,
            "longitude": 104.37668,
            "street": "135 หมู่ 1 บ้านตำแย ตำบลตำแย อำเภอพยุห์ จังหวัดศรึสะเกษ",
            "zip": "33230"
        },
        "name": "ช่างเสถียร พุทธศิลป์ รับก่อสร้างเสนาสนะ ให้เช่าแม่พิมพ์ลวดลายทุกประเภท",
        "phone": "0801605530"
    },
    {
        "about": "Department of Building Construction at  Phetchaburi Technical College.",
        "id": "165679800294447",
        "name": "แผนกวิชาช่างก่อสร้าง วิทยาลัยเทคนิคเพชรบุรี"
    },
    {
        "id": "1394002530919929",
        "location": {
            "city": "Chiang Mai",
            "country": "Thailand",
            "latitude": 18.7903,
            "longitude": 98.9817,
            "street": "91/1 ต.ต้นเปา อ.สันกำแพง",
            "zip": "50130"
        },
        "name": "รับเหมาก่อสร้าง ต่อเติมบ้าน เชียงใหม่ โดยช่างที่มีประสบการณ์มามากกว่า 20 ปี",
        "phone": "0895557289"
    },
    {
        "id": "728912117221256",
        "name": "ช่างก่อสร้าง รุ่น.66"
    },
    {
        "about": "\u003e\u003e\u003e ศิษย์เก่า แผนกช่างก่อสร้าง วิทยาลัยเทคนิคชัยนาท \u003c\u003c\u003c",
        "description": "ยินดีต้อนรับ ศิษย์เก่าและศิษย์ใหม่ ตั้งแต่รุ่น 1-76 ปี ทุกคน ครับ\n\n\n",
        "id": "268610796541948",
        "location": {
            "street": "แผนกช่างก่อสร้าง",
            "zip": "17000"
        },
        "name": "ศิษย์เก่า แผนกช่างก่อสร้าง วิทยาลัยเทคนิคชัยนาท"
    },
    {
        "id": "1506836269569002",
        "name": "ชมรมวิชาชีพช่างก่อสร้าง ไทย-เยอรมัน"
    },
    {
        "id": "581374545336245",
        "name": "ช่างก่อสร้าง   ปวส."
    },
    {
        "about": "สาขาวิชาช่างก่อสร้าง",
        "emails": [
            "chai_geo@hotmail.com"
        ],
        "id": "616194868407885",
        "location": {
            "city": "Amphoe Muang Phet Buri",
            "country": "Thailand",
            "zip": "76000"
        },
        "name": "แผนกวิชาช่างก่อสร้าง-โยธา วิทยาลัยเทคนิคเพชรบุรี",
        "phone": "0819265672"
    },
    {
        "about": "ร้านส.สุวรรณ จำหน่ายอุปกรณ์การเกษตรและเครื่องมือช่างก่อสร้างทุกชนิด",
        "description": "จำหน่าย : อุปกรณ์การเกษตรและอุปกรณ์ก่อสร้าง",
        "emails": [
            "pool147369@hotmail.com"
        ],
        "id": "506639752701280",
        "location": {
            "street": "104 ม.1 ต.สำนักขุนเณร อ.ดงเจริญ จ.พิจิตร",
            "zip": "ุ66210"
        },
        "name": "ร้านส.สุวรรณ จำหน่ายอุปกรณ์การเกษตร อะไหล่การเกษตรและเครื่องมือช่างก่อสร้าง",
        "phone": "056-657313,080-5092434"
    },
    {
        "id": "1630483233875043",
        "name": "ช่างเชื่อมโลหะ,ช่างก่อสร้าง,ช่างแม่ง"
    },
    {
        "id": "164207373645415",
        "name": "เฉลียวการช่างและค้าวัสดุก่อสร้าง"
    },
    {
        "about": "ถึงชื่อจะไม่ค่อยหน้าเรียนสักเท่าไหร่แต่จบไปชี้อย่างเดียวน้า!!!",
        "id": "401913166584489",
        "name": "ช่างก่อสร้างเทคนิคนครราชสีมา"
    },
    {
        "about": "วิทยาลัยเทคนิคธัญบุรี แผนกวิชาช่างก่อสร้าง(กสธ)",
        "id": "179482125484182",
        "location": {
            "street": "109 หมู่ 3 ต บึงน้ำรักษ์ อ ธัญบุรี  จ  ปทุมธานี",
            "zip": "12110"
        },
        "name": "ช่างก่อสร้างธัญบุรี จังหวัดปทุมธานี"
    },
    {
        "id": "894615860632118",
        "name": "ช่างก่อสร้าง วิทยาลัยเทคนิคกระบี่"
    },
    {
        "description": "รับเหมา งานก่อสร้าง งานปูน งานโครงสร้าง งานสี งานฝ้าเพดานต่างๆ งานปะปาไปถึงงานซ่อมแซมต่อเติมบ้าน โรงงาน หอพัก ห้องน้ำ รับเหมางาน ไฟฟ้า งานโครงสร้างเหล็ก โครงหลังคา Metalsheet ยินดีให้คำปรึกษา ",
        "emails": [
            "suriya.bunsana@gmail.com"
        ],
        "id": "1483831861909719",
        "location": {
            "city": "Bangkok",
            "country": "Thailand",
            "latitude": 13.7533598,
            "longitude": 100.5048294,
            "street": "แขวงประเวศ เขตประเวศ",
            "zip": "10250"
        },
        "name": "สุริยา รับเหมาก่อสร้าง ต่อเติมบ้าน ช่างควบคุมงานเองทุกขั้นตอน"
    },
    {
        "about": "ช่างก่อสร้าง",
        "id": "350559418412542",
        "name": "ช่างก่อสร้าง วิทยาลัยเทคนิคสุราษฎร์ธานี"
    },
    {
        "about": "สร้าง บ้าน",
        "description": "สร้าง บ้าน ปรับเเต่ง บ้าน ต่อเติม บ้าน",
        "id": "921081141270324",
        "location": {
            "street": "348"
        },
        "name": "ขวัญเรือน  ก่อสร้าง  ช่างดอน"
    },
    {
        "about": "...",
        "id": "506149152741874",
        "location": {
            "street": "-"
        },
        "name": "แผนกวิชาช่างก่อสร้าง  วิทยาลัยเทคนิคแม่วงก์",
        "phone": "-"
    },
    {
        "id": "142353116113372",
        "name": "ช่างก่อสร้าง เทคนิคระยอง"
    },
    {
        "id": "219888491391820",
        "name": "แผนกวิชาช่างก่อสร้าง โยธา วิทยาลัยเทคนิคเลย"
    },
    {
        "about": "เปิดสอนสาชาวิชาการก่อสร้างเเละสาขาวิชางานโยธา",
        "id": "301643546573170",
        "location": {
            "city": "อ.ห้วยผึ้ง",
            "zip": "จ.กาฬสินธุ์"
        },
        "name": "แผนกช่างก่อสร้าง-โยธา วิทยาลัยการอาชีพห้วยผึ้ง จ.กาฬสินธุ์"
    },
    {
        "about": "ก่อสร้าง สุโขทัย",
        "id": "613883855309965",
        "name": "แผนกช่างก่อสร้าง วิทยาลัยเทคนิคสุโขทัย"
    },
    {
        "description": "มหาวิทยาลัยเทคโนโลยีราชมงคลตะวันออก วิทยาเขตอุเทนถวาย ตั้งอยู่ที่ เลขที่ 225 ถนนพญาไท แขวงปทุมวัน เขตปทุมวัน กรุงเทพฯ 10330 สีประจำมหาวิทยาลัย คือ สีน้ำเงิน สีขาว คติพจน์ \"ถ้าเรารักสมัครจิต ก็ต้องคิดสมัครมือ ถิ่นสีน้ำเงิน คือ ที่รวมรักสมัครคง\"ประวัติข้อมูลจากโรงเรียนเพาะช่าง พ.ศ. 2461 พระบาทสมเด็จพระมงกุฎเกล้าเจ้าอยู่หัว ทรงพระกรุณาโปรดเกล้า ฯ แต่งตั้งให้ สมเด็จพระเจ้าน้องยาเธอ เจ้าฟ้ากรมขุนเพ็ชรบูรณ์อินทราชัย มาดำรงตำแหน่งผู้บัญชาการโรงเรียนเพาะช่าง จนกระทั่งสิ้นพระชนม์เมื่อวันที่ 8 กรกฎาคม พ.ศ. 2465 ตลอดระยะเวลาที่ทรงรับราชการ ได้บริหารการศึกษาศิลปหัตถกรรม ของโรงเรียนเพาะช่างให้เจริญรุ่งเรืองเป็นอันมาก ได้รับความนิยมตั้งแต่พระมหากษัตริย์ จนถึงเจ้านาย ข้าราชการ และบุคคลทั่วไป ตลอดชาวต่างประเทศ ทรงจัดตั้งแผนกช่างทอง แผนกเจียระไนเพชร พลอย แผนกทำบล็อกสกรีน โดยเฉพาะเครื่องถม ได้ขยายวิธีการไปอย่างกว้างขวางจนเป็นที่แพร่หลาย เป็นที่รู้จักมาจนถึงปัจจุบันคือ “ ถมจุฑาธุช “ ทรงจัดให้มีพิธีไหว้ครูช่างแบบอย่างโบราณขึ้นในโรงเรียนเพาะช่างเป็นครั้งแรก เมื่อ พ.ศ. 2463 และทรงคิดสีประจำโรงเรียนคือ สีแดง-ดำ สีแดงหมายถึงเลือดของช่าง สีดำหมายถึงไม่ใช่ช่าง เพื่อเป็นเครื่องเตือนสติให้ช่างทั้งหลายได้มีเลือดเป็นสีแดงอยู่เสมอ อย่าให้สีแดงของช่างจางไปหรือกลายเป็นสีดำ ทรงขยายแผนกการค้า ทรงสร้างห้องแสดงสินค้าห้องประชุมโรงเรียน จนกระทั่งนำผลกำไรจากการค้าของโรงเรียนไปสร้างโรงเรียนช่างก่อสร้างอุเทนถวายขึ้นอีกโรงเรียนหนึ่ง คือ วิทยาเขตอุเทนถวาย ปัจจุบัน นั่นเอง",
        "id": "1572703839617586",
        "name": "โรงเรียนช่างก่อสร้างอุเทนถวาย"
    },
    {
        "id": "634576429978780",
        "location": {
            "city": "Bang Bo",
            "country": "Thailand",
            "latitude": 13.6363397,
            "longitude": 100.86345869,
            "street": "259 หมู่8 ถนน รัตนโกสินทร์200ปี",
            "zip": "10560"
        },
        "name": "แผนกวิชาช่างก่อสร้าง วิทยาลัยเทคนิคกาญจนาภิเษก สมุทรปราการ"
    }
]