[
    {
        "id": "461695214003593",
        "name": "นายช่างก่อสร้าง"
    },
    {
        "id": "838425612944850",
        "name": "แผนกช่างก่อสร้างอุเทนถวาย"
    },
    {
        "id": "778473215615747",
        "name": "แผนกวิชาช่างก่อสร้าง-โยธา"
    },
    {
        "id": "922002327878578",
        "location": {
            "city": "Ban Pa Mamuang",
            "country": "Thailand",
            "latitude": 16.884527206509,
            "longitude": 99.111679077152
        },
        "name": "ห้องพักครูช่างก่อสร้าง.วิทยาลัยเทคนิคตาก"
    },
    {
        "id": "1147131921967099",
        "name": "สาขาวิชางานช่างก่อสร้าง"
    },
    {
        "id": "500611953438715",
        "name": "คณะโยธาสาขาช่างก่อสร้าง"
    },
    {
        "id": "401179229984335",
        "location": {
            "city": "Muang Sara Buri",
            "country": "Thailand",
            "latitude": 14.585939543335,
            "longitude": 100.99865849139,
            "zip": "18110"
        },
        "name": "แผนกช่างก่อสร้าง สระบุรี"
    },
    {
        "id": "426180240901034",
        "location": {
            "city": "Phitsanulok",
            "country": "Thailand",
            "latitude": 16.8111969,
            "longitude": 100.2714294,
            "street": "เทศบาลนครพิษณุโลก",
            "zip": "65170"
        },
        "name": "วิทยาลัยเทคนิคชื่อดังย่านห้าแยกโคกมะตูมที่มีช่างก่อสร้างหน้าตาดี"
    },
    {
        "id": "427645797343304",
        "location": {
            "latitude": 7.69752,
            "longitude": 100.09224
        },
        "name": "แผนกช่างก่อสร้าง  วิทยาลัยเทคนิคพัทลุง"
    },
    {
        "id": "431758973642046",
        "location": {
            "city": "Phetchabun",
            "country": "Thailand",
            "latitude": 16.43489,
            "longitude": 101.15328833
        },
        "name": "แผนก ช่างก่อสร้าง-โยธา วิทยลัยเทคนิคเพชรบูรณ์"
    },
    {
        "id": "432818213487750",
        "location": {
            "city": "Bangkok",
            "country": "Thailand",
            "latitude": 13.6485949,
            "longitude": 100.3853719
        },
        "name": "สมาคมศิษย์เก่าช่างก่อสร้าง"
    },
    {
        "id": "435597043153959",
        "location": {
            "latitude": 14.8988264,
            "longitude": 102.1029065
        },
        "name": "กองร้อยทหารช่างก่อสร้างที่ 1"
    },
    {
        "id": "441424782692030",
        "location": {
            "city": "Chok Chai",
            "country": "Thailand",
            "latitude": 14.81748696272,
            "longitude": 102.14367288743
        },
        "name": "สาขาวิชาช่างก่อสร้าง"
    },
    {
        "id": "442645809181380",
        "location": {
            "latitude": 14.02343,
            "longitude": 100.33418
        },
        "name": "โรงเรียนช่างก่อสร้างนิปปอนฮูมคอนกรีต"
    },
    {
        "id": "452189081534929",
        "location": {
            "latitude": 19.722516799514,
            "longitude": 98.040345005691
        },
        "name": "ช่างก่อสร้างนวมินทราชินีแม่รองสอนสาขา2ปี2555ณ.บ้านปุงยาม"
    },
    {
        "id": "452900901498691",
        "location": {
            "city": "Phrae",
            "country": "Thailand",
            "latitude": 18.134681355642,
            "longitude": 100.13464175111,
            "zip": "54000"
        },
        "name": "แผนกช่างก่อสร้าง วิทยาลัยเทคนิคแพร่"
    },
    {
        "id": "456685454352800",
        "location": {
            "city": "Bangkok",
            "country": "Thailand",
            "latitude": 13.7862361,
            "longitude": 100.5337959
        },
        "name": "ช่างก่อสร้างดุสิต"
    },
    {
        "id": "466705940055279",
        "location": {
            "city": "Nakhon Nayok",
            "country": "Thailand",
            "latitude": 14.20505649,
            "longitude": 101.20611568
        },
        "name": "แผนกช่างก่อสร้าง"
    },
    {
        "id": "500948210035288",
        "location": {
            "latitude": 13.5763447,
            "longitude": 99.7555491
        },
        "name": "กองร้อยทหารช่างก่อสร้างที่1"
    },
    {
        "id": "699499133478874",
        "location": {
            "city": "Muang Tak",
            "country": "Thailand",
            "latitude": 16.8839865,
            "longitude": 99.1117325
        },
        "name": "ห้องช่างก่อสร้าง"
    },
    {
        "id": "601169510017955",
        "location": {
            "city": "Nakhon Ratchasima",
            "country": "Thailand",
            "latitude": 14.97159542,
            "longitude": 102.09344139
        },
        "name": "ช.พัน.202 กองร้อยทหารช่างก่อสร้างที่2 ค่ายสุรธรรมพิทักษ์"
    },
    {
        "id": "603317623111418",
        "location": {
            "latitude": 14.999905752014,
            "longitude": 100.86166355091
        },
        "name": "แผนกวิชาช่างก่อสร้าง วิทลัยเทคนิคลพบุรี แห่งที่2"
    },
    {
        "id": "609213712495481",
        "location": {
            "latitude": 15.0193179,
            "longitude": 102.1287376
        },
        "name": "แผนกช่างก่อสร้าง ชพน"
    },
    {
        "id": "615328038481901",
        "location": {
            "city": "Muang Lopburi",
            "country": "Thailand",
            "latitude": 14.801305320884,
            "longitude": 100.61908464723,
            "zip": "15000"
        },
        "name": "วิทยาลัยเทคนิคลพบุรี แผนกช่างก่อสร้าง - โยธา"
    },
    {
        "id": "632490350133423",
        "location": {
            "city": "Bangkok",
            "country": "Thailand",
            "latitude": 13.647350370897,
            "longitude": 100.37774059931
        },
        "name": "สมาคมศิษย์เก่าช่างก่อสร้าง ราชสิทธาราท"
    }
]