[
    {
        "about": "ความรู้ดี ฝีมือเด่น เน้นคุณธรรม ก้าวนำเทคโนโลยี",
        "emails": [
            "building.mtc@gmail.com"
        ],
        "id": "358281877570479",
        "location": {
            "city": "จ.มหาสารคาม",
            "street": "460 ถ.นครสวรรค์ ต.ตลาด อ.เมือง",
            "zip": "44000"
        },
        "name": "ช่างก่อสร้างสำรวจโยธา เทคนิคมหาสารคาม",
        "phone": "043-711403 ต่อ 123"
    },
    {
        "id": "403369346524532",
        "location": {
            "city": "Pattaya",
            "country": "Thailand",
            "latitude": 12.9333,
            "longitude": 100.883,
            "street": "14/30 ม.2 ต.นาจอมเทียน อ.สัตหีบจ.ชลบุรี",
            "zip": "20250"
        },
        "name": "ช่างนนท์รับเหมาก่อสร้าง รับทำขัดพื้นเคลือบเงา pu Eboxy รับทำกันซึมทุกระบบ",
        "phone": "0884853109"
    },
    {
        "id": "197187176971766",
        "name": "ช่างเทคนิคก่อสร้าง"
    },
    {
        "about": "จำหน่ายวัสดุก่อสร้างครบวงจร",
        "id": "383154105084853",
        "name": "บริษัท เฉลียวการช่างและค้าวัสดุก่อสร้าง จำกัด"
    },
    {
        "about": "รับเหมาต่อเติมบ้าน งานสร้าง งานเหล็กทุกชนิด",
        "emails": [
            "assamorecon40@gmail.com"
        ],
        "id": "122932794538468",
        "location": {
            "city": "นครราชสีมา",
            "street": "ปากช่อง",
            "zip": "30130"
        },
        "name": "ปากช่องรับเหมาก่อสร้าง ต่อเติม By ช่างเม่น",
        "phone": "0885298436"
    },
    {
        "about": "ขอเชิญเยี่ยมชมผลงานของแผนกช่างก่อสร้างได้ที่นี่",
        "id": "1505080256436181",
        "location": {
            "city": "Muang Yasothon",
            "country": "Thailand",
            "latitude": 15.8147187,
            "longitude": 104.12743345,
            "zip": "35000"
        },
        "name": "แผนกช่างก่อสร้าง วิทยาลัยเทคนิคยโสธร"
    },
    {
        "description": " 67 ถ.ศรีจันทร์ ต.ในเมือง อ.เมือง จ.ขอนแก่น\n โทรศัพท์ 0-4322-1290 ต่อ 221",
        "id": "352207771547619",
        "location": {
            "city": "Khon Kaen",
            "country": "Thailand",
            "latitude": 16.427578364349,
            "longitude": 102.84707623291,
            "street": "67 ถนนศรีจันทร์ ตำบลในเมือง  อำเภอเมือง",
            "zip": "40000"
        },
        "name": "แผนกวิชาช่างก่อสร้าง วิทยาลัยเทคนิคขอนแก่น",
        "phone": "043-221290 ต่อ 221"
    },
    {
        "about": "ร้านจำหน่ายเครื่องมือช่างและอุปกรณ์ก่อสร้าง",
        "id": "1480730272206710",
        "name": "รวมเครื่องมือช่างและอุปกรณ์ก่อสร้าง",
        "phone": "0863535415"
    },
    {
        "id": "423721334408548",
        "location": {
            "city": "กำแพงเพชร",
            "street": "แผนกช่างก่อสร้าง  วิทยาลัยเทคนิคกำแพงเพชร",
            "zip": "62000"
        },
        "name": "ชมรมศิษย์เก่าช่างก่อสร้าง  วิทยาลัยเทคนิคกำแพงเพชร"
    },
    {
        "about": "ชาวก่อสร้าง มากันเร้ววว",
        "id": "168603596503496",
        "name": "ช่างก่อสร้าง วิทยาลัยเทคนิค จันทบุรี"
    },
    {
        "about": "การันตีด้วยยอดขายอันดับ 1 ใน จ.น่านและรางวัลผู้แทนจำหน่ายยอดเยี่ยมภาคเหนือ 054-755524  054-755599  ",
        "description": "สถานที่ตั้ง  641 ม.2 ต.ท่าวังผา อ.ท่าวังผา จ.น่าน 55140  โทร 054-755524 , 054-755599  แฟกซ์ 054-799109 มือถือ 098-7588254  เปิด จันทร์-เสาร์  8.00-17.30 น (หยุดทุกวันอาทิตย์ )",
        "id": "773911532695282",
        "name": "จำลอง เค กรุ๊ป  วัสดุอุปกรณ์ก่อสร้าง Scg ตราช้าง ภาคเหนือ-น่าน"
    },
    {
        "about": ":: เรียนดี มีคุณธรรม บริการประชาชน ::",
        "description": " เป็นสถานศึกษาที่มุ่งมั่นผลิตและพัฒนากำลังคนให้มีคุณธรรม ความรู้  ความสามารถ  ในการประกอบวิชาชีพและตอบสนองความต้องการของสังคมทุกระดับ",
        "id": "206677116188331",
        "location": {
            "city": "พระนครศรีอยุธยา ",
            "street": "29 ถ.อู่ทอง ต.ท่าวาสุกรี อ.พระนครศรีอยุธยา",
            "zip": "13000"
        },
        "name": "แผนกวิชาช่างก่อสร้าง วิทยาลัยเทคนิคพระนครศรีอยุธยา",
        "phone": " 0-3524-5144-6 ต่อ 211"
    },
    {
        "id": "372024289557792",
        "name": "แผนกช่างก่อสร้าง วท.กระบี่"
    },
    {
        "about": "พวกเราเหล่าช่างก่อสร้าง.\n",
        "id": "802338919783563",
        "name": "ช่างก่อสร้างไทยพัฒนา."
    },
    {
        "about": "ขายเครื่องมือช่างทุกชนิดราคากันเอง \nเบอร์    : 0867773435 , 0909722121\nid line : batt_4608",
        "id": "449181295282593",
        "location": {
            "city": "Bangkok",
            "country": "Thailand",
            "latitude": 13.6373701,
            "longitude": 100.4860992,
            "street": "101 ซ.ประชาอุทิศ 54 แยก 6 เขตบางมด แขวงทุ่งครุ",
            "zip": "10140"
        },
        "name": "เครื่องมือช่าง +อุปกรณ์ก่อสร้าง",
        "phone": "0867773435"
    },
    {
        "about": "รับเหมาก่อสร้างลำปาง ตกแต่ง ต่อเติม รับเหมาต่อเติม รับต่อเติมบ้าน รับซ่อมแซมบ้าน",
        "description": "รับเหมาก่อสร้าง ตกแต่ง ต่อเติม รับเหมาต่อเติม รับต่อเติมบ้าน รับซ่อมแซมบ้าน ครบวงจร - รับต่อชั้นลอยลำปาง ต่อดาดฟ้า ในลำปาง\nรับเหมาก่อสร้างลำปาง รับเหมาต่อเติม ในเเละนอก อาคาร\n(รับเหมาราคาย่อมเยา)\n\nรับเหมาก่อสร้างลำปาง รับเหมาต่อเติม รับต่อเติมบ้าน รับเหมาต่อเติมบ้าน รับซ่อมแซมบ้าน ต่อเติมซ่อมแซม รับ ต่อชั้นลอย ต่อดาดฟ้า\n\nมิสเตอร์รับเหมาต่อเติมลำปาง เราคือผู้ให้บริการด้านงานรับเหมาต่อเติมทุกประเภท เบอร์ 1 ของลำปาง ในเรื่องคุณภาพการทำงาน เนื้องานที่ทำ หรืองานต่อเติมบ้าน หาตัวจับยาก เพราะเราสามารถทำบ้านเป็นที่พอใจของคุณ \nถูกอกถูกใจกับคนทั้งบ้านได้ ย้ำ เราคือผู้ให้บริการด้านงานรับเหมาต่อเติม เบอร์ 1 ของจังหวัดลำปาง\n\nไม่ว่างานเล็ก หรือใหญ่ \nบริการของเรา\n- รับเหมาก่อสร้างลำปาง ตกแต่ง ต่อเติม รับเหมาต่อเติม รับต่อเติมบ้าน รับซ่อมแซมบ้าน ครบวงจร\n- รับต่อชั้นลอยลำปาง ต่อดาดฟ้า ต่อทาวน์เฮาส์ ขยายห้องนอน ต่อระเบียง ต่อห้องครัว ต่อห้องน้ำ ต่อโรงรถ ขยายบ้าน \n- รับงานตั้งแต่โครงสร้างลำปาง รากฐาน งานหลังคา งานตกแต่ง งานสี งานไฟฟ้า-ประปา งานปูกระเบื้องทุกประเภท\n- รับเหมางานต่อเติมทุกชนิดลำปาง ไม่ว่าจะเป็น บ้าน ที่พักอาศัย คอนโดมิเนียม อพาร์ทเม้นท์ ทาวน์เฮ้าส์ ออฟฟิศสำนักงาน ห้างสรรพสินค้า ผับ เทค ร้านอาหาร คลินิก สปา รีสอร์ท โรงแรม ฯลฯ\n\nโทร 093-176-9282 ช่างหวัน\n\n081-111-6721 ช่างอาร์ต",
        "emails": [
            "wanchair@scg.co.th"
        ],
        "id": "324926917695734",
        "location": {
            "city": "Lampang",
            "country": "Thailand",
            "latitude": 18.13729,
            "longitude": 99.33006,
            "street": "ลำปาง",
            "zip": "52130"
        },
        "name": "รับเหมาก่อสร้าง ต่อเติมในลำปาง - ช่างหวัน 0913021747",
        "phone": "0913021747"
    },
    {
        "about": "#' ลงรูปเฉพาะชาวก่อสร้าง!!",
        "id": "471432272947839",
        "name": "ช่างก่อสร้าง ราชบุรี"
    },
    {
        "about": "ให้บริการรับเหมาก่อสร้าง ติดต่อคุณบัส 0859993471,\n0891855749\n",
        "description": "ภ.สหพัฒน์งานช่าง ให้บริการงานก่อสร้าง ออกแบบ สร้างบ้าน  อาคาร โรงงาน อพาร์ทเมนต์ คอนโด ตึกพาณิชย์ อาคารสำนักงานฯลฯ\n\n+ รับเหมาก่อสร้างบ้าน  อาคาร โรงงาน อพาร์ทเมนต์ คอนโด ตึกพาณิชย์ อาคารสำนักงานฯลฯ\n+ รับเหมาสร้างกำแพงคอนกรีต รั้วคอนกรีต รั้วเหล็ก รั้วไม้ ฯลฯ\n+ รับเหมางาน ฝ้า เพดานต่างๆ ฝ้าหลุม เพดานฉาบเรียบ งานกั้นห้อง งานผนังเบา ฯลฯ\n+ รับเหมาติดตั้งโครงหลังคาเมทัลชีท หลังคาโปรไลท์ หลังคาดีไลท์ หลังคาซีแพค หลังคาไวนิล ฯลฯ\n+ รับเหมาติดตั้งประตูม้วน ประตูเหล็ก ราวบันได ราวบันไดสแตนเลส ระเบียงเหล็ก ระเบียงสแตนเลส ฯลฯ\n+ รับเหมางานงานตกแต่ง ต่อเติมตามแบบ ต่อเติมห้องน้ำ ต่อเติมห้องครัว เทอเรส เคาน์เตอร์ครัว งานเฟอร์นิเจอร์ งานบิวต์อิน งานเทพื้น ปูกระเบื้อง ทาสี  ฯลฯ\n+ รับเหมางานไฟฟ้า ติดตั้ง เดินสายไฟบ้าน อาคาร สำนักงาน เดินท่อ เดินสายไฟ ร้อยท่อ ฯลฯ\n+ รับปูพื้นลามิเนต รับจัดไม้ปาเก้ ฯลฯ",
        "emails": [
            "ppa_thailand@hotmail.com"
        ],
        "id": "470196559740474",
        "name": "รับเหมาก่อสร้างบ้าน  อาคาร โรงงาน อพาร์ตเมนต์ คอนโด  ภ.สหพัฒน์งานช่าง",
        "phone": "0859993471,0891855749"
    },
    {
        "about": "เพื่อความรู้และนวัตกรรมการก่อสร้าง",
        "id": "459826727458975",
        "name": "โรงเรียนช่างก่อสร้างอุเทนถวาย"
    },
    {
        "about": "สถานที่ทำงาน บ้านเลขที่ 32 ม.4 ต.โคกหล่อ อ.เมือง จ.ตรัง\nเบอร์โทรศัพท์ 0866846391 หรือ 0887512391 (ช่างชัย)",
        "id": "1378317182406173",
        "location": {
            "city": "Trang",
            "country": "Thailand",
            "street": "บ้านเลขที่ 32 ม.4 ต.โคกหล่อ อ.เมือง",
            "zip": "92000"
        },
        "name": "รับเหมาก่อสร้าง ออกแบบ โดยวิศวกรช่างชัยเมืองตรัง"
    },
    {
        "about": "ฝากกดไลค์ให้ด้วยนะคร้บ ^^",
        "emails": [
            "boom_aser@hotmail.co.th"
        ],
        "id": "274047146075532",
        "location": {
            "city": "Kanchanaburi",
            "country": "Thailand"
        },
        "name": "Boommer' - ช่างก่อสร้าง"
    },
    {
        "about": "รับเหมาก่อสร้าง ออกแบบ โดยวิศวกรช่างยุทธเมืองตรัง",
        "description": "BS Home Trang\nศูนย์รับสร้างบ้านครบวงจร\nTel.087-6263622,075-291096  Fax  075-291096 \n\n1.) รับเหมาก่อสร้าง บ้านใหม่ ปรับปรุง ต่อเติมบ้านเก่า อาคารเก่า  \n2.) รื้อถอนเปลี่ยนวัสดุเดิมเปลี่ยนวัสดุก่อสร้างให้ทันสมัย\n3.) ทีมงานมืออาชีพ ประสบการณ์สูง\n4.) ราคาเหมาะสม เน้นคุณภาพงาน\n5.) ใช้ระยะเวลาในการทำงานน้อย  \n\nสู่วิสัยทัศน์ใหม่  สู่มุมมองใหม่  แห่งบ้าน\nwww.facebook.com/ChangDDTrang\n\n\nมากมายประสบการณ์  หลากหลายประเภทงาน  \n\nรับสร้างบ้าน /Renovate | รับเหมาก่อสร้างบ้าน | รับออกแบบเขียนแบบบ้าน | ต่อเติมบ้าน | ปรับปรุงบ้าน รับสร้างบ้าน / รับเหมาสร้างบ้าน / รับเหมาก่อสร้าง / รับตกแต่งภายใน ปรับปรุงบ้าน / ซ่อมแซมบ้าน / ต่อเติมบ้าน / ตอกเสาเข็ม / ทุบอาคารเก่า / รื้อถอนอาคาร / บ้านเดี่ยว / โฮมออฟฟิศ / สำนักงาน / บ้านสำเร็จรูป / บ้านโครงสร้างเหล็ก / บ้านน็อคดาวน์ / ห้องนอน /ห้องน้ำ/ ห้องครัว /ห้องนั่งเล่น/ ห้องพระ /รั้วบ้าน/โรงรถ  ฯลฯ โดยวิศวกรที่ปรึกษาและทีมงานมืออาชีพ\n\n+++  บริการให้คำแนะนำให้คำปรึกษา ดำเนินธุรกิจภายใต้หลักการทำงานที่มุ่งเน้นคุณภาพงาน รับเหมาก่อสร้างบ้าน รับออกแบบบ้านพักอาศัย อาคารสำนักงาน คอนโดมิเนียม อพาร์เมนต์ ออฟฟิต รีสอร์ท โรงแรม โรงงาน โกดังสินค้าและอาการทั่วไป ต่อเติมบ้าน ปรับปรุงบ้านเก่า Renovate ตรวจสอบบ้านและอาคาร รวมทั้งงานตกแต่งภายใน ตกแต่งบ้าน ตรงตามงบประมาณของท่าน  \n+++ ปรึกษาปัญหาโครงสร้างบ้านโดยวิศวกรที่ปรึกษา  \n+++ ประเมินราคา ฟรี และสามารถปรับลดราคาหรือวัสดุให้เป็นไปตามงบประมาณที่มีอยู่ซึ่งมั่นใจได้ว่าต่อเติมกับเรางบไม่บานปลายแน่นอน\n+++ ควบคุมงานโดยวิศวกรโดยตรง\n+++ งานออกแบบ สถาปัตยกรรมตกแต่งภายนอก ภายใน\n+++ งานออกแบบ วิศวกรรม \n+++ งานนำเสนอรูปแบบ งานออกแบบ งานเตรียมข้อมูลและเอกสาร  \n+++ งานประกวดราคา และ จัดทำราคากลาง ค่าก่อสร้าง รายการคำนวณโครงสร้าง  \n+++ เราได้มุ่งมั่นพัฒนาในทุกๆด้าน ตลอดเวลาเราได้รับเอา คำแนะนำ ติชม มาปรับปรุงแก้ไข เพื่อให้ลูกค้าประทับใจในผลงาน \n+++ รับออกแบบติดตั้งและจำหน่าย ระบบ กันรั่ว กันซึม \n+++ รับแก้ปัญหา น้ำรั่ว น้ำซึม ด้วยการ ติดตั้ง ระบบกันซึม ในราคายุติธรรม\n+++ รับติดตั้ง ระบบ กันรั่ว กันซึม ราคายุติธรรม โดยช่างเฉพาะทาง อย่ารอให้ถึงหน้าฝน \n\n+++ รับติดตั้งงานกระจกอลูมิเนียม ราคาถูก\n1 . รับติดตั้ง shower กระจกกั้นอาบน้ำทุกขนาดวัดตามไชค์\n2. รับทำกระจกอลูมิเนียม ประตูหน้าต่าง หน้าร้านโชวรูมทุกขนาด\n3. บานเลื่อน บานเปิด บานสวิง บานกระทุ้ง บานฟิค บานพับ บานเกร็ด\n4. กระจกเงาบ้าน อาคาร สำนักงาน ห้องน้ำ ฟิตเนต ทุกขนาด\n5. มุ้งลวดกันยุง ทุกขนาด เรามีทีมงานมืออาชีพคอยบริการท่านถึงที่\n6. ประตูเลื่อนเปิดปิดอัตโนมัติ หน้าร้านโชวรูม\n\n+++ บริการทาสี บ้าน อาคาร สำนักงาน ทั้งบ้านเก่า และบ้านใหม่สีเก่าหมักหมมมายาวนาน เปลี่ยนสีบ้านคุณใหม่ให้ทันสมัย ออกแบบสีบ้าน เฉพาะลูกค้าแต่ละรายเพื่อความเป็นเอกลักษณ์เฉพาะคุณ แสดงความเป็นตัวคุณได้มากที่สุด เราเน้นสีที่มีมาตรฐานดี ผ่านการรับรอง มีคุณภาพเหมาะสมกับงบประมาณของลูกค้า ทนนาน ไม่ติดคราบสกปรก\n\n+++ บริการติดตั้งฝ้าเพดานแบบต่างๆ\n1.แบบไม้\n2.แบบยิปซั่ม\n3.แบบแผ่นเรียบ\n4.แบบไฟเบอร์ซิเมนต์\n5.แบบอลูมิเนียม\n6.แบบคอมโพสิต\n\n+++ รับทำกันสาด โครงเหล็ก ระแนงบังตา เมทัลชีท อลูมิเนียมชีท สังกระสี กระเบื้อง ไฟเบอร์ซิเมนต์ ไวนิล พีวีซี\n+++ รับติดตั้งถังบำบัด  แท็งค์น้ำ ระบบบำบัดน้ำเสีย \n+++ รับปรับปรุงบ้านให้เย็นขึ้น โดยใช้ ระแนงบังตา หลังคากันความร้อน การถ่ายเทอากาศให้ใหลเวียนได้ดี ผนังกันความร้อน เสริมอิฐมวลเบา เพิ่มร่มเงาด้วยต้นไม้ \n\nพื้นที่ให้บริการ \n\nรับเหมาก่อสร้างทั่วจังหวัดตรัง\nรับเหมาก่อสร้าง พื้นที่เมืองตรัง\nรับเหมาก่อสร้าง พื้นที่กันตัง\nรับเหมาก่อสร้าง พื้นที่นาโยง\nรับเหมาก่อสร้าง พื้นที่ปะเหลียน\nรับเหมาก่อสร้าง พื้นที่ย่านตาขาว\nรับเหมาก่อสร้าง พื้นที่รัษฎา\nรับเหมาก่อสร้าง พื้นที่วังวิเศษ\nรับเหมาก่อสร้าง พื้นที่สิเกา\nรับเหมาก่อสร้าง พื้นที่ห้วยยอด\nรับเหมาก่อสร้าง พื้นที่หาดสำราญ\n",
        "emails": [
            "changddtrang@hotmail.com"
        ],
        "id": "892044577487808",
        "location": {
            "city": "Trang",
            "country": "Thailand",
            "latitude": 7.59855,
            "longitude": 99.5479,
            "street": "145 M.1",
            "zip": "92000"
        },
        "name": "รับเหมาก่อสร้าง รับสร้างบ้าน ออกแบบ โดยวิศวกรช่างยุทธเมืองตรัง",
        "phone": "075291096,0876263622"
    },
    {
        "about": "มิตรภาพ ที่ยิ่งใหญ่ ",
        "id": "452325744845955",
        "name": "ช่างก่อสร้าง ชื่อดัง ดุสิต ปทุมธานี ดอนเมือง ราชสิทธ บางปู มีนบุรี"
    },
    {
        "id": "205859652787494",
        "name": "โรงเรียนช่างก่อสร้างดุสิต ๒๔๙๘"
    },
    {
        "description": "รับเหมาก่อสร้างทั่วไป ราคาเป็นกันเอง งานเล็กงานใหญ่ยินดีให้คำปรึกษาก่อนตัดสินใจ",
        "emails": [
            "phatharathida1985@gmail.com"
        ],
        "id": "468597156644855",
        "location": {
            "city": "Saraburi",
            "country": "Thailand",
            "latitude": 14.5333,
            "longitude": 100.917,
            "street": "สระบุรี",
            "zip": "18000"
        },
        "name": "รับเหมาก่อสร้างสระบุรี ผูกทองการช่าง",
        "phone": "0868993619"
    }
]