[
    {
        "about": "บริการ รับเหมาก่อสร้าง ราคาถูกสำหรับบ้านพักอาศัยและธุรกิจทุกประเภท",
        "description": "รับเหมาก่อสร้าง นี่คือสุดยอดช่างผู้รับเหมาก่อสร้าง เบอร์ 1 ของประเทศไทย รับเหมาก่อสร้างบ้าน รับเหมาก่อสร้างทาวน์เฮ้าส์ รับเหมาก่อสร้างตึกแถว รับเหมาก่อสร้างอพาร์ทเม้นท์ รับเหมาก่อสร้างคอนโด รับเหมาก่อสร้างสร้างแมนชั่นรับเหมาก่อสร้างหอพัก รับเหมาก่อสร้างตึกสูง-อาคารสูง",
        "emails": [
            "dqconstruction@hotmail.com"
        ],
        "id": "296073097073600",
        "name": "รับเหมาก่อสร้าง ผู้รับเหมาก่อสร้าง ช่างรับเหมาก่อสร้าง",
        "phone": "083-992-8083"
    },
    {
        "about": "ต่อเติมบ้าน ซ่อมแซมบ้าน รับเหมาก่อสร้าง ออกแบบ ก่อสร้างครบวงจร โทร 081-847-0188 ,02-503-1577",
        "description": "งานก่อสร้างทุกชนิด รับซ่อมแซมอาคาร ต่อเติมอาคาร รับเหมาก่อสร้าง งานบูรณะอาคาร(renovate) \nเรียกใช้บริการมืออาชีพจากเรา  เราให้บริการงานก่อสร้าง ต่อเติม renovate ซ่อมแซมบำรุงรักษางานบ้านแบบครบวงจร(one-stop-service) \n\nบ้านเดี่ยว,อาคารพานิชย์,ทาวน์เฮาส์,โรงงาน,อพาร์ทเมนท์ ต่อเติมอาคาร ปรับปรุงอาคาร ตกแต่งภายในร้านอาหาร,ร้านค้า ซ่อมผนังอาคารสูง งานพื้น ผนัง ฝา ทาสีอาคาร ปูกระเบื้อง งานเหล็ก เทพื้น ทำรั้ว กำแพง โครงหลังคา กั้นห้อง งานพื้น ซ่อมผนังร้าว ต่อเติมอาคาร 2หรือ 3 ชั้น ราคาไม่แพง โดยช่างมืออาชีพ รวดเร้วเน้นQC ให้คำปรึกษา และยินดีให้คำปรึกษาถึงที่ พร้อมทั้งเสนอราคา\n\nงานก่อสร้างทุกชนิด เราชำนาญ ไม่ว่าจะเป็น บ้านเดี่ยว อาคารพาณิชย์ โรงงาน อพาร์ทเมนท์ \nเราให้คำปรึกษา พร้อมงานออกแบบ งานขออนุญาตก่อสร้าง งานก่อสร้าง งานระบบไฟฟ้า ประปา ในระบบ Turn key \n\nเมื่อบ้านชำรุดเสียหายต้องซ่อมแซม เช่นบ้านทรุดร้าว หลังคารั่วซึม ท่อประปาแตก สายไฟเก่าชำรุด สุขภัณฑ์ชำรุด สีภายนอกร่อน กระเบื้องร่อน ต้องซ่อมแซมท่านเคยประสบปัญหาเหล่านี้หรือไม่ \n-ไม่สามารถหาช่างมาซ่อมแซมได้ \n-ช่างไม่มีฝีมือทำบ้านเสียหาย \n-ราคาค่าบริการแสนแพง \nต่อไปนี้ ปัญหาเหล่านี้จะหมดไป!!!!!!!!!!!!!!!!!!!!!!!!!!!! \n\nท่านสามารถเรียกใช้บริการช่างมืออาชีพจากเรา เรามีช่างผู้เชี่ยวชาญทุกสาขา ให้บริการรวดเร็ว ถูกต้องตามหลักวิชาการ ราคาประหยัด ควบคุมคุณภาพทุกขั้นตอน \n\n\"เรียกใช้บริการจากเราสบายใจกว่า\" \n\n ติดต่อ ช่างทอม วรพล  อยู่สุข โทร 081-847-0188 \n53/836 ม.กฤษดานคร ถ.แจ้งวัฒนะ ต.บางตลาด อ.ปากเกร็ด จ.นนทบุรี 11120 \nTEL/FAX: 02-503-1577,081-847-0188 \n",
        "id": "698068840286155",
        "name": "ต่อเติมบ้าน ซ่อมแซมบ้าน รับเหมาก่อสร้าง ราคาถูก โดยช่างทอม"
    },
    {
        "about": "รับเหมาก่อสร้าง ต่อเติมบ้าน งานสี งานเหล็ก งานไฟ งานก่อสร้างทุกชนิด ติดต่อโทร 0904400633",
        "emails": [
            "luuntoos@gmail.com"
        ],
        "id": "501992629934521",
        "location": {
            "city": "Petchaburi",
            "country": "Thailand",
            "latitude": 13.75365,
            "longitude": 100.530655,
            "street": "petchburi",
            "zip": "76000"
        },
        "name": "ช่างปราย รับเหมาก่อสร้าง จังหวัดเพชรบุรี",
        "phone": "0904400633"
    },
    {
        "about": "นัดพบนัดคุยชาว ช่างก่อสร้างสิงห์บุรี ครูก่อสร้าง เป็น Admin",
        "description": "พวกเรามีสีเดียว\nสีของช่างก่อสร้าง\n\"สิน้ำเงิน\"",
        "id": "171244099582264",
        "name": "ช่างก่อสร้าง เทคนิคสิงห์บุรี (ก่อสร้างสิงห์บุรี)"
    },
    {
        "description": "วิทยาลัยเทคนิคนครปฐม\n\n          จัดตั้งเมื่อปีพ.ศ.2481เดิมชื่อโรงเรียนช่างไม้นครปฐม ตั้งอยู่บริเวณพระราชวังสนามจันทร์ ทางทิศใต้ของศาลา กลางจังหวัดนครปฐมเปิดสอนหลักสูตร อาชีวศึกษาชั้นต้น ด้านวิชาช่างปลูกสร้างรับนัก-เรียนจบชั้นประถมศึกษาปีที่ 4 เข้าศึกษาต่อ 3 ปี\n\n          พ.ศ.2490 ได้ย้ายโรงเรียนมาตั้งที่โรงงานช่างทอผ้า ของโรงเรียนการช่างสตรีนครปฐม บริเวณใกล้วัดไผ่ล้อมซึ่งเป็นที่ตั้งของวิทยาลัยอาชีวนครปฐมในปัจจุบัน\n\n          พ.ศ.2497 อาจารย์ประพันธ์ ปานทิพย์ ซึ่งเป็นครูใหญ่ในสมัยนั้นได้พิจารณาว่าบริเวณที่ตั้งมีน้อยมากไม่เหมาะแก่การขยายการศึกษาในอนาคต จึงได้ย้ายโรงเรียนไปตั้งใหม่บริเวณแยกสนามจันทร์     ซึ่งเป็นที่ตั้งของโรงเรียนสาธิต คณะศึกษาศาสตร์ มหาวิทยาลัยศิลปากร ในปัจจุบัน\n\n          พ.ศ.2500 กรมอาชีวศึกษา ได้มีคำสั่งเปลี่ยนชื่อช่างไม้นครปฐมเป็นโรงเรียนการช่างนครปฐม แต่ยังคงเปิดสอนวิชาช่างไม้ปลูกสร้างเพียงแผนกเดียว ซึ่งต่อมาได้เปลี่ยนชื่อเป็นแผนกวิชาช่างก่อสร้าง\n\n          พ.ศ.2515 ทางราชการต้องการท ี่ซึ่งโรงเรียนการช่างนครปฐมและโรงเรียนเกษตรกรรมนครปฐม ตั้งเป็นมหาวิทยาลัยศิลปากร และโรงเรียนสาธิต คณะศึกษาศาสตร์ มหาวิทยาลัยศิลปากร จึงได้ย้ายโรงเรียนมาตั้งใหม่ บริเวณใกล้วัดพระประโทนเจดีย์วรวิหาร ซึ่งเป็นสถานที่อยู่ปัจจุบันเช่าที่วัด เป็น รายปีปีละ 5,000.-\n\n          พ.ศ.2519 กรมอาชีวศึกษา ได้มีคำสั่งให้โรงเรียนการช่างนครปฐมยุบรวมกับโรงเรียนการช่างสตรีนครปฐม แต่ยังคงแยกกันอยู่และให้เปลี่ยนชื่อใหม่เป็นวิทยาลัยอาชีวศึกษานครปฐม โดยโรงเรียนการช่างให้วงเล็บต่อท้ายว่า วิทยาเขต 1  และโรงเรียนการช่างสตรี ต่อท้ายว่า วิทยาเขต 2\n\n         พ.ศ.2520 กรมอาชีวศึกษา ได้มีคำสั่งให้สองวิทยาเขตแยกออกจากกัน โดยตั้งเป็นวิทยาลัย                                                              \n\nวิทยาเขต1 ให้เปลี่ยนชื่อเป็น วิทยาลัยเทคนิคนครปฐม\n\nวิทยาเขต2 ให้เปลี่ยนชื่อเป็น วิทยาลัยอาชีวศึกษานครปฐม ดังเช่นในปัจจุบัน",
        "id": "219640461414159",
        "location": {
            "street": "ต.พระประโทน อ.เมือง จ.นครปฐม",
            "zip": "73000"
        },
        "name": "ช่างก่อสร้างนครปฐม"
    },
    {
        "about": "รับเหมาก่อสร้าง ต่อเติม ซ่อมแซม บ้าน และอาคาร ทุกประเภท",
        "description": "รับเหมาก่อสร้าง ต่อเติม ซ่อมแซม บ้าน และอาคาร ทุกประเภท\nในพื้นที่จังหวัดพิษณุโลก และจังหวัดใกล้เคียง\n\nราคาเป็นกันเอง มีบริการหลังการก่อสร้างแล้วเสร็จ และรับประกันผลงาน 1 ปี\n\nมีประสบการณ์ด้านงานก่อสร้างมากกว่า 30 ปี",
        "id": "662110197153978",
        "location": {
            "city": "Pitsanulok",
            "country": "Thailand",
            "street": "36/3 หมู่ 8 ต.หัวรอ",
            "zip": "65000"
        },
        "name": "ช้างเผือก คอนสตรัคชั่น : รับเหมาก่อสร้าง พิษณุโลก",
        "phone": "\u003c\u003cnot-applicable\u003e\u003e"
    },
    {
        "description": "โรงเรียนช่างก่อสร้างดุสิต เป็นโรงเรียนอาชีวศึกษาของรัฐบาลสถาบันผลิตนักเรียนประเภทวิชาชีพช่างก่อสร้าง ก่อตั้งเมื่อวันที่ 24 มิถุนายน 2498 ตั้งอยู่ที่ ซอยระนอง 2 เขตดุสิต กทม.ประวัติพ.ศ. 2498 มีโรงเรียนอาชีวศึกษาขั้นสูง ประเภทช่างก่อสร้างอยู่เพียงแห่งเดียว โดยรัฐบาล จอมพล ป. พิบูลสงคราม ในสมัยนั้นชี้ถึงความสำคัญของอาชีวศึกษา จึงได้ให้กระทรวงศึกษาทำการเปิดโรงเรียนช่างก่อสร้างดุสิต (อักษรย่อ ก.ส.ด)ประกาศกระทรวงศึกษาธิการเรื่อง ตั้งโรงเรียนช่างก่อสร้างดุสิตด้วยกระทรวงศึกษาธิการพิจารณาเห็นสมควร ขยายการศึกษาวิชาช่างก่อสร้างให้กว้างขวางยิ่งขึ้น เพื่อให้สอดคล้องกับความต้องการของประชาชน จึงให้ตั้งโรงเรียนช่างก่อสร้างดุสิตขึ้นที่ ถนนระนอง 2 อำเภอดุสิต จังหวัดพระนคร ให้ชื่อว่า \"โรงเรียนช่างก่อสร้างดุสิต\" สังกัดกองโรงเรียนพานิชย์และอุตสาหกรรม กรมอาชีวศึกษา สอนวิชาช่างก่อสร้าง และวิชาอื่นที่มีความสัมพันธ์กันตั้งแต่ต้นปีการศึกษา 2498(ลงชื่อ) พลเอก ม. พรหมโยธีรัฐมนตรีว่าการกระทรวงศึกษาธิการโรงเรียนช่างก่อสร้างดุสิต ได้เริ่มเปิดทำการสอนตั้งแต่วันที่ 17 พฤษภาคม ปีการศึกษา 2498 โดยเปิดรับนักเรียน 2 แผนก คือ หลักสูตรอาชีวศึกษาชั้นสูงแผนกก่อสร้าง (หลักสูตร 3 ปี) รับนักเรียนที่สำเร็จมัธยมศึกษาปีที่ 6 หลักสูตรอาชีวศึกษาชั้นสูงแผนกช่างไม้ (หลักสูตร 1 ปี) รับนักเรียนที่สำเร็จประโยคมัธยมอาชีวศึกษาตอนปลาย โรงเรียนก่อสร้างดุสิต ในปีแรกที่เปิดการศึกษารับนักเรียน รุ่นแรกดังนี้ : แผนกช่างก่อสร้าง 73 คน แผนกช่างไม้ 9 คน ในปีต่อมาโรงเรียนได้ขยายหลักสูตรของช่างไม้ปลูกสร้างออกเป็น 3 ปี และปีเดียวกัน ได้เริ่มเปิดสอนรอบบ่าย ตามนโยบายของกระทรวงศึกษาธิการ ในสมัยนั้นเพื่อช่วยเหลือ นักเรียนที่ไม่มีสถานที่เรียน ซึ่งในที่สุดการเปิดสอนรอบบ่ายนี้ ได้เลิกไปในปีการศึกษา 2504 แผนการศึกษาชาติในปี 2503 กรมอาชีวศึกษาได้ปรับปรุงหลักสูตรของโรงเรียนต่างๆ เช่นเดียวกันกับ โรงเรียนช่างก่อสร้าง ซึ่งเดิมเป็นโรงเรียนชั้นประโยคอาชีวศึกษาชั้นสูง ก็กลายเป็นโรงเรียนในระดับประโยคมัธยมศึกษาตอนปลายสายอาชีพในปีการศึกษา 2504 คือ โรงเรียนประเภทนี้เปิดสอนช่างก่อสร้างแผนกต่างๆ ได้ 5 แผนก ดังนี้ :",
        "id": "302439516607830",
        "name": "โรงเรียนช่างก่อสร้างดุสิต"
    },
    {
        "id": "153228021471543",
        "name": "ช่างก่อสร้างนนทบุรี"
    },
    {
        "about": " ศูนย์รวมช่าง ผู้รับเหมา ผู้ค้าวัสดุก่อสร้าง ประกาศหางาน ประกาศจ้างงาน แนะนำสินค้าวัสดุ",
        "description": " ศูนย์รวมช่าง ผู้รับเหมา ผู้ค้าวัสดุก่อสร้าง ประกาศหางาน ประกาศจ้างงาน แนะนำสินค้าวัสดุ ",
        "id": "317765268294505",
        "name": "ศูนย์รวมช่าง ผู้รับเหมา ผู้ค้าวัสดุก่อสร้าง"
    },
    {
        "about": "๑ กันยายน ๒๔๘๐ สถาปนา ช่างก่อสร้างมีนบุรี         ",
        "id": "282845391845640",
        "location": {
            "city": "Min Buri",
            "country": "Thailand",
            "latitude": 13.813907853647,
            "longitude": 100.72154160309,
            "street": "๕๗ ถ.สีหบุรานุกิจ เขตมีนบุรี กรุงเทพมหานคร"
        },
        "name": "ช่างก่อสร้างมีนบุรี"
    },
    {
        "about": "ทำงานในสิ่งที่เรารักนอกจากมีความสุขแล้วผลงานย่อมออกมาดีตามไปด้วย #กำพลรับเหมาก่อสร้าง",
        "description": "กำพลรับเหมาก่อสร้าง สร้างบ้าน ต่อเติม ซ่อมแซม ปรับปรุงที่อยู่อาศัยราคาคุยกันได้ครับ รับงานเอง ไม่ต้องผ่านไคร ซื่อสัตย์ ใส่ใจทุกรายละเอียด ผลงานออกมาเนี๊ยบครับ ทำงานด้วยใจรัก ไม่ทิ้งงาน งานเล็กงานน้อยเรารับทำหมดครับ ปรึกษากันก่อนได้นะครับยินดีรับใช้ครับผม กำพลรับเหมาก่อสร้าง 085-9608860 ปล.ต่างจังหวัดก็รับนะครับ",
        "emails": [
            "kompol.n1610@gmail.com"
        ],
        "id": "1418334795130421",
        "location": {
            "city": "Bangkok",
            "country": "Thailand",
            "latitude": 13.8468103,
            "longitude": 100.5980988,
            "street": "รามอินทรา ลาดปลาเค้า กม2",
            "zip": "10220"
        },
        "name": "ช่างกำพล รับเหมาก่อสร้าง สร้างบ้าน ต่อเติม ซ่อมแซม  ซื่อสัตย์ ไม่ทิิ้งงาน",
        "phone": "085 960 8860"
    },
    {
        "emails": [
            "toemphan@gmail.com"
        ],
        "id": "315437161825218",
        "name": "ช่างต๊อกรับเหมาก่อสร้างโรงงาน",
        "phone": "089-6322609"
    },
    {
        "about": "ช่างเอ รับเหมาก่อสร้าง ต่อเติม บ้าน, อาคาร, สำนักงาน, โรงงาน, ร้านค้า 083 880 3999",
        "description": "ช่างเอ รับเหมาก่อสร้าง ราชบุรีและเขตกรุงเทพปริมณฑล จริงใจ ตรงไปตรงมา ไม่ทิ้งงาน ",
        "emails": [
            "mylife_mystyle1212@hotmail.com"
        ],
        "id": "389269647894173",
        "location": {
            "city": "ราชบุรี",
            "street": "35/364 ถ.ผู้ใหญ่บุญ 13 บ้านโป่ง",
            "zip": "70110"
        },
        "name": "ช่างเอ รับเหมาก่อสร้าง ราชบุรี",
        "phone": "0838803999"
    },
    {
        "about": "ตัวแทนอย่างเป็นทางการ ของ แผนกวิชาช่างก่อสร้าง- โยธาวิทยาลัยเทคนิคสุพรรณบุรี ",
        "id": "135615853261941",
        "location": {
            "street": "วิทยาลัยเทคนิคสุพรรณบุรี"
        },
        "name": "แผนกช่างก่อสร้าง-โยธา วิทยาลัยเทคนิคสุพรรณบุรี"
    },
    {
        "description": "Facebook นี้ก่อตั้งขึ้นเพื่อ รวบรวมเพื่อนๆ ก่อสร้างเทคนิคแพร่ เข้ามาพูดคุยพบปะกัน ครับ",
        "id": "199190063467316",
        "location": {
            "street": "ช่างก่อสร้าง วิทยาลัยเทคนิคแพร่ 5 ถนน เหมืองหิต ตำบล ในเวียง อำเภอ เมือง จังหวัดแพร่ 54000"
        },
        "name": "ช่างก่อสร้าง วิทยาลัยเทคนิคแพร่"
    },
    {
        "about": "ถ้าเรารักสมัครจิต ก็ต้องคิดสมัครมือ\nถิ่นสีน้ำเงินคือ      ที่รวมรักสมัครคง",
        "id": "1526385427598311",
        "location": {
            "city": "กรุงเทพมหานคร",
            "street": "225 โยธาพญาไท"
        },
        "name": "ช่างก่อสร้างอุเทนถวาย"
    },
    {
        "about": "หลังคาเมทัลซีต , ฉนวนกันความร้อน , งานเหล็ก , ฝ้า .ตกเเต่งภายใน ,ไฟฟ้า , แอร์ ครบวงจร",
        "description": "หลังคาเมทัลชีท , ฉนวนกันความร้อน , งานเหล็ก , ฝ้าเพดาน .ตกเเต่งภายใน ,ไฟฟ้า , แอร์ , จานดาวเทียม , กล้องวงจรปิด , งานประปา , งานรื้อถอน , งานจัดสวน  ครบวงจร",
        "emails": [
            "sakda6299@gmail.com"
        ],
        "id": "292943630849320",
        "location": {
            "city": "Lamphun",
            "country": "Thailand",
            "latitude": 18.53688,
            "longitude": 99.07746,
            "street": "34/2หมู่ 5 ต.ในเมือง อ.เมือง จ.ลำพูน",
            "zip": "51000"
        },
        "name": "ช่าง อู๋ รับเหมาสร้างบ้าน งานก่อสร้างทุกชนิด ครบวงจร เชียงใหม่ ลำพูน",
        "phone": "0875766299"
    },
    {
        "about": "รับเหมาก่อสร้างในเชียงใหม่ ต่อเติมบ้าน รั้วบ้าน ถนน อาคาร หอพัก ช่างณรงค์ อื่นๆ",
        "id": "531203596933107",
        "location": {
            "city": "Chiang Mai",
            "country": "Thailand",
            "latitude": 18.93341,
            "longitude": 99.22693,
            "street": "ต.สันปูเลย   อ.ดอยสะเก็ด",
            "zip": "50220"
        },
        "name": "ผู้รับเหมา ช่าง ณรงค์ รับเหมาก่อสร้างบ้านต่อเติม ถนน อาคาร หอพัก รั้ว อื่นๆ",
        "phone": "084-6089793  085-7235894"
    },
    {
        "about": "ขอต้อนรับทุกท่านด้วยไมตรีจิต",
        "description": "โรงเรียนช่างก่อสร้างดุสิต ตั้งอยู่เลขที่ 76 ซอยระนอง 2\nโทรศัพท์ 02-241-1317 เปิดสอนทั้งหมด 5 สาขา วิชาดังนี้\n-ช่างก่อสร้าง\n-ช่างสำรวจ\n-ช่างโยธา\n-ช่างเทคนิคสถาปัต\nและช่างเคหะภัณฑ์\nเปิดสอนระดับ ปวช. และปวส. ภาคปกติ\nรถประจำทางที่ผ่าน 5 44 50 51 70 90 117 และรถไฟ.",
        "id": "1564564737098882",
        "location": {
            "city": "กรุงเทพฯ",
            "street": "76 ซอยระนอง 2",
            "zip": "10300"
        },
        "name": "ช่างก่อสร้างดุสิต - วิทยาลัยเทคนิคดุสิต",
        "phone": "02-241-1317"
    },
    {
        "about": "ดิ่ง ฉาก ระดับ .",
        "id": "473291486021603",
        "name": "ช่างก่อสร้างธัญบุรี"
    },
    {
        "about": "ช่างก่อสร้าง วิทยาลัยเทคนิคเชียงใหม่\nhttp://building.cmtc.ac.th/main/",
        "id": "647592985257796",
        "name": "ช่างก่อสร้าง วิทยาลัยเทคนิคเชียงใหม่"
    },
    {
        "about": "เพจของเด็ก ชส. ทปจ.",
        "id": "145996128936985",
        "name": "ช่างก่อสร้าง เทคนิคปราจีนบุรี"
    },
    {
        "about": "สัมพันธ์พี่น้อง เทคนิคสุราษฎร์ธานี",
        "id": "608427092527288",
        "name": "ช่างก่อสร้าง เทคนิคสุราษฎร์ธานี"
    },
    {
        "id": "249125321791941",
        "location": {
            "city": "Yasotorn",
            "country": "Thailand",
            "latitude": 15.812901842105,
            "longitude": 104.13197236842,
            "zip": "35000"
        },
        "name": "@ แผนกวิชาช่างก่อสร้าง"
    },
    {
        "id": "239273169433653",
        "location": {
            "city": "Pattaya",
            "country": "Thailand",
            "latitude": 12.808733,
            "longitude": 100.917872,
            "zip": "20250"
        },
        "name": "ช่างก่อสร้าง"
    }
]