[
    {
        "id": "483354891725236",
        "location": {
            "city": "Bangkok",
            "country": "Thailand",
            "latitude": 13.942093693909,
            "longitude": 100.68581762157
        },
        "name": "ร้าน ช่างต้น จัดหนัก ลำลูกกา คลอง  4  จัดหนักเฉพาะ  หญิง"
    },
    {
        "about": "รับกำจัดปลวก และแมลง ",
        "id": "1424500904536298",
        "location": {
            "city": "Surat Thani",
            "country": "Thailand",
            "latitude": 9.1077633,
            "longitude": 99.3726501,
            "street": "55/3 หมู่ 1 ตำบลท่าโรงช้าง อำเภอพุนพิน จังหวัดสุราษฎร์ธานี",
            "zip": "84130"
        },
        "name": "ห้างหุ้นส่วนจำกัด เจ เอ็น เค กำจัดปลวก",
        "phone": "0848890746 ,0894730916"
    }
]